ts_utc,service,price_usd,recipient,network,status,note,tx
2026-07-21T10:27:09Z,perp-gate,0.010000,0x65bb932d9987f1d1a98b8942a3fa98cb28ec073b,eip155:196,paid-but-500,v2-header,
2026-07-21T10:27:52Z,perp-gate,0.010000,0x65bb932d9987f1d1a98b8942a3fa98cb28ec073b,eip155:196,settled,v2-header,0x688f81c8f6d88384c587e2b556baf9e431a84118009ab7ed302b623067e555e0
2026-07-21T10:33:29Z,updown-pulse,0.010000,0x65bb932d9987f1d1a98b8942a3fa98cb28ec073b,eip155:196,settled,v2-header,0x76c1e236b4bbd7776a8d38e3da189399d7021efd56d8973076eb74b3db02787e
2026-07-21T10:33:32Z,loop-digest,0.010000,0x65bb932d9987f1d1a98b8942a3fa98cb28ec073b,eip155:196,settled,v2-header,0x09402688dfd39c53eb3655035e1233edd3dd86eb53a06e93beb69fdeee627772
2026-07-21T10:33:33Z,treasury-risk,0.020000,0x65bb932d9987f1d1a98b8942a3fa98cb28ec073b,eip155:196,paid-but-500,v2-header,
2026-07-21T10:33:36Z,options-desk,0.010000,0x65bb932d9987f1d1a98b8942a3fa98cb28ec073b,eip155:196,settled,v2-header,0xc94946181035d7ba6f3ff09f55473b7b8e1713f3bcb4541ad84c77700955ae35
2026-07-21T10:36:44Z,updown-pulse,0.010000,0x65bb932d9987f1d1a98b8942a3fa98cb28ec073b,eip155:196,settled,v2-header,0x7de5aab2d87fd34d9e5b758996de993782c256aa1505bb68d2f70805feeee1a0
2026-07-21T10:45:45Z,updown-pulse,0.010000,0x65bb932d9987f1d1a98b8942a3fa98cb28ec073b,eip155:196,settled,v2-header,0xcfc88aeae04255ab17171ddaccce708614d490791abfc8e13b24c332879327ce
2026-07-21T11:54:28Z,macro-sentry,0.005000,0x65bb932d9987f1d1a98b8942a3fa98cb28ec073b,eip155:196,settled,v2-header,0xcc0a1c5a2839bd6e49592810d023568fdb55cf36b8a08f4e08f7731d8545804e
2026-07-21T11:54:31Z,options-desk,0.010000,0x65bb932d9987f1d1a98b8942a3fa98cb28ec073b,eip155:196,settled,v2-header,0xcbf71c3ac463edc45c45dbd510caccb2a8bc686ad86906bddee830544a0eedae
2026-07-21T11:54:34Z,updown-pulse,0.010000,0x65bb932d9987f1d1a98b8942a3fa98cb28ec073b,eip155:196,settled,v2-header,0x6f385ce60720244b6a6fea2cb5877a8ae63e9045a87ce2c5736758e91dfc2d4a
2026-07-21T11:54:37Z,loop-digest,0.010000,0x65bb932d9987f1d1a98b8942a3fa98cb28ec073b,eip155:196,settled,v2-header,0x1fd28c6f65428616542b65fdb274df03473fa9b3010a095372b5736e490746d0
2026-07-21T12:03:41Z,macro-sentry,0.005000,0x65bb932d9987f1d1a98b8942a3fa98cb28ec073b,eip155:196,settled,v2-header,0x61c659fa830f6d59ebee5c9a36c94723e2644a1ec455a0a6cc8d706de1236a15
2026-07-21T12:03:45Z,options-desk,0.010000,0x65bb932d9987f1d1a98b8942a3fa98cb28ec073b,eip155:196,settled,v2-header,0x4a0ece269c642eb3ca3e43a92dfa62c8ad807ad023dc1413133eb1470f808fc1
2026-07-21T12:03:48Z,updown-pulse,0.010000,0x65bb932d9987f1d1a98b8942a3fa98cb28ec073b,eip155:196,settled,v2-header,0x68c25dd4fe75e4b66e246bafa7cee15bc3d3e1c07364e8831fd0dc374e13753e
2026-07-21T12:03:51Z,updown-pulse,0.010000,0x65bb932d9987f1d1a98b8942a3fa98cb28ec073b,eip155:196,settled,v2-header,0xc311eb9134e2f9d6467dd63b6bd229e5c93278e6261a5cc1ba853ad50e831842
2026-07-21T12:03:53Z,loop-digest,0.010000,0x65bb932d9987f1d1a98b8942a3fa98cb28ec073b,eip155:196,settled,v2-header,0x41857f65be400ec04e3abe30bb16d1abbbc0d05f4323087354751f73e280581d
2026-07-21T12:03:57Z,treasury-risk,0.020000,0x65bb932d9987f1d1a98b8942a3fa98cb28ec073b,eip155:196,settled,v2-header,0xc5f4d02be3462dade73e98aafa3e6befcd5f9d6519cc5bee658f5caff0b13c45
2026-07-21T12:04:11Z,protocol-pulse,0.010000,0x65bb932d9987f1d1a98b8942a3fa98cb28ec073b,eip155:196,paid-but-500,v2-header,
2026-07-21T12:04:13Z,tape-pulse,0.010000,0x65bb932d9987f1d1a98b8942a3fa98cb28ec073b,eip155:196,settled,v2-header,0xe1c4b403d05d98591b677c6d6c055457403ada91967df4e040f31ecb7e204274
2026-07-21T12:05:46Z,protocol-pulse,0.010000,0x65bb932d9987f1d1a98b8942a3fa98cb28ec073b,eip155:196,settled,v2-header,0x391b83681c5b5a9979421c6f77b33e2bffcccaf58ac60db0e972037b6023520e
2026-07-21T12:05:49Z,protocol-pulse,0.010000,0x65bb932d9987f1d1a98b8942a3fa98cb28ec073b,eip155:196,settled,v2-header,0x5c36780400d7e6a99bd9308db5d117a1280e3cbde6ef9267ca3755863b83fc81
2026-07-21T12:05:52Z,protocol-pulse,0.010000,0x65bb932d9987f1d1a98b8942a3fa98cb28ec073b,eip155:196,settled,v2-header,0xc31ac932839cb6370dc2d5e65b832f9c29787c42e640151303b60275e75fc5f0
2026-07-21T12:05:57Z,protocol-pulse,0.010000,0x65bb932d9987f1d1a98b8942a3fa98cb28ec073b,eip155:196,settled,v2-header,0xe6295dacf6a31721d599d92d932813f709466fe3adb5f131d95e893a3c9de087
2026-07-21T12:12:49Z,perp-gate,0.010000,0x65bb932d9987f1d1a98b8942a3fa98cb28ec073b,eip155:196,settled,v2-header,0x7b6da68a5f0d0aa29ec6cfb23ddbbc588c5d4da00b9202c90aa64209d2def8b4
2026-07-21T12:12:50Z,perp-gate,0.010000,0x65bb932d9987f1d1a98b8942a3fa98cb28ec073b,eip155:196,paid-but-500,v2-header,
2026-07-21T12:12:52Z,size-gate,0.010000,0x65bb932d9987f1d1a98b8942a3fa98cb28ec073b,eip155:196,settled,v2-header,0x0204dc4414886cae1de1584fa51a4275ed795b6c8db6c2e9d939c54f7515a8e3
2026-07-21T12:12:53Z,event-vol,0.010000,0x65bb932d9987f1d1a98b8942a3fa98cb28ec073b,eip155:196,paid-but-500,v2-header,
2026-07-21T12:12:55Z,updown-pulse,0.010000,0x65bb932d9987f1d1a98b8942a3fa98cb28ec073b,eip155:196,paid-but-500,v2-header,
2026-07-21T12:14:47Z,chart-press,0.020000,0x65bb932d9987f1d1a98b8942a3fa98cb28ec073b,eip155:196,settled,v2-header,0x66e5dd3789afe1b15b21e7265a9241c983e1b423412b93421226f714c84bd95d
2026-07-21T12:15:19Z,risk-attest,0.010000,0x65bb932d9987f1d1a98b8942a3fa98cb28ec073b,eip155:196,settled,v2-header,0x1a4b7d2479e3337f996f15d8ba3ca553d961b4ae63ab22c5b77c88bbb7028610
2026-07-21T12:24:02Z,size-gate,0.010000,0x65bb932d9987f1d1a98b8942a3fa98cb28ec073b,eip155:196,settled,v2-header,0xb7e0338483a566000e6ea1fc3e96a47307978d92f19c7b059f2ce7b815f26144
2026-07-21T12:39:09Z,updown-pulse,0.010000,0x65bb932d9987f1d1a98b8942a3fa98cb28ec073b,eip155:196,settled,v2-header,0x7fbf11ed6555b9f20955b34b3a060d7067eb7de8ddf82c50a92e9acbc54fc0ab
2026-07-21T12:39:11Z,updown-pulse,0.010000,0x65bb932d9987f1d1a98b8942a3fa98cb28ec073b,eip155:196,settled,v2-header,0xf58c2d273ab8b7040514c144e41aca5d03412cc1c0922013095199cee0607f3a
2026-07-21T12:39:14Z,loop-digest,0.010000,0x65bb932d9987f1d1a98b8942a3fa98cb28ec073b,eip155:196,settled,v2-header,0xd2c9b77a0d65b0592c5a3e46ffb70d8908e9589977ab6d766bf2da30b83ee957
2026-07-21T12:39:17Z,perp-gate,0.010000,0x65bb932d9987f1d1a98b8942a3fa98cb28ec073b,eip155:196,settled,v2-header,0x0737870b4d48822e385d6fbac82daba1369c65b195eae7fa6128c10c9938576a
2026-07-21T12:39:20Z,size-gate,0.010000,0x65bb932d9987f1d1a98b8942a3fa98cb28ec073b,eip155:196,settled,v2-header,0xcb804e924af77fe79c48280429a0e0394d2910178aad3e7a172f389e68f692a0
2026-07-21T12:39:22Z,portfolio-gate,0.050000,0x65bb932d9987f1d1a98b8942a3fa98cb28ec073b,eip155:196,settled,v2-header,0x5f73c552419df4f7a99da22d053b3a7390b882d69813db0d2fe990d75815b29e
2026-07-21T12:54:27Z,perp-gate,0.010000,0x65bb932d9987f1d1a98b8942a3fa98cb28ec073b,eip155:196,settled,v2-header,0x4be2675c74f4c0395140160630387526f9dcf302b06dd7a832d336fe36b5686a
2026-07-21T12:54:30Z,perp-gate,0.010000,0x65bb932d9987f1d1a98b8942a3fa98cb28ec073b,eip155:196,settled,v2-header,0x49a1693d3a3316479dd643a5b95d468cbcbfd5fe8fcb37dd7199a6623ac92073
2026-07-21T13:09:34Z,macro-sentry,0.005000,0x65bb932d9987f1d1a98b8942a3fa98cb28ec073b,eip155:196,settled,v2-header,0xcc590b08f6ee786ad351995a369973be2e3ef10d7ff20fc26890839a9bfc865e
2026-07-21T13:09:37Z,updown-pulse,0.010000,0x65bb932d9987f1d1a98b8942a3fa98cb28ec073b,eip155:196,settled,v2-header,0x54becdcef46d58ae4a746ed4cc9da0450852efdd49ddb1540608e712b2e4d5b2
2026-07-21T13:09:40Z,updown-pulse,0.010000,0x65bb932d9987f1d1a98b8942a3fa98cb28ec073b,eip155:196,settled,v2-header,0xa4a925a3e3cbcdfa0827ef8171bdc433f47a85f8b23265e73bfef8438a8ddc19
2026-07-21T13:09:42Z,loop-digest,0.010000,0x65bb932d9987f1d1a98b8942a3fa98cb28ec073b,eip155:196,settled,v2-header,0xcacb52f3938de7268e817b94d81220a1ed6bd8d2fd3d8a42d132f561332808da
2026-07-21T13:09:46Z,perp-gate,0.010000,0x65bb932d9987f1d1a98b8942a3fa98cb28ec073b,eip155:196,settled,v2-header,0x6ff8e44c3de08e184cfadb821c3e3fa2ddeae4d1cc6a813ce34c3e643a4817b1
2026-07-21T13:09:48Z,perp-gate,0.010000,0x65bb932d9987f1d1a98b8942a3fa98cb28ec073b,eip155:196,settled,v2-header,0x7f19fcbc6720ab8f31c8f6799bde2d88139407757313e990897a32378f08b151
2026-07-21T13:24:54Z,perp-gate,0.010000,0x65bb932d9987f1d1a98b8942a3fa98cb28ec073b,eip155:196,settled,v2-header,0x00c367e9b0e8e246135ba90d45362f4530a0480b1bbe7e9e16b5ed8098053cda
2026-07-21T13:24:56Z,perp-gate,0.010000,0x65bb932d9987f1d1a98b8942a3fa98cb28ec073b,eip155:196,settled,v2-header,0xb41bd8559225b78fc6000c1ac0176ef680412fa96c6d3f9284c333fb118d9bbe
2026-07-21T13:40:01Z,updown-pulse,0.010000,0x65bb932d9987f1d1a98b8942a3fa98cb28ec073b,eip155:196,settled,v2-header,0xdea6a9b9bda0abc6ca166bd55b75cfe0efae970e42ebbb7527f932daf1b92c4b
2026-07-21T13:40:04Z,updown-pulse,0.010000,0x65bb932d9987f1d1a98b8942a3fa98cb28ec073b,eip155:196,settled,v2-header,0xe5d301aeae683172d6117c87e19be09c96680b71a2236d57a73ab9850604467c
2026-07-21T13:40:07Z,loop-digest,0.010000,0x65bb932d9987f1d1a98b8942a3fa98cb28ec073b,eip155:196,settled,v2-header,0x5b6c7a844a6fb5818a4f084fe7dbfa578ce90e4fcf22f0ecfc867a3bfd4b9e9b
2026-07-21T13:40:10Z,perp-gate,0.010000,0x65bb932d9987f1d1a98b8942a3fa98cb28ec073b,eip155:196,settled,v2-header,0xd18cc2f544a4dc11c238dd64416bb0dc5dde425a02905fd71cbeddc82e7bf5ce
2026-07-21T13:40:12Z,perp-gate,0.010000,0x65bb932d9987f1d1a98b8942a3fa98cb28ec073b,eip155:196,settled,v2-header,0x70259ca6438dac361e04930087b2c868c983daaaf454c02db405c53a06a941c3
2026-07-21T13:40:15Z,portfolio-gate,0.050000,0x65bb932d9987f1d1a98b8942a3fa98cb28ec073b,eip155:196,settled,v2-header,0xae0116eec69d22fd610af5f669099803c7521c921bc20297359bff1a1c58fd83
2026-07-21T13:55:20Z,perp-gate,0.010000,0x65bb932d9987f1d1a98b8942a3fa98cb28ec073b,eip155:196,settled,v2-header,0xdb6221e263d7fe3e206f64bed7d835a5df3591e2c9989f71326c23fc642ee0b3
2026-07-21T13:55:22Z,perp-gate,0.010000,0x65bb932d9987f1d1a98b8942a3fa98cb28ec073b,eip155:196,settled,v2-header,0x4c0a53f53977a077d4a38b9af9128584066d9263bce2cf296cc1fefa47fc1fc5
2026-07-21T14:10:27Z,macro-sentry,0.005000,0x65bb932d9987f1d1a98b8942a3fa98cb28ec073b,eip155:196,settled,v2-header,0x82705c7a95b432fdb3477a99e1de570e7bf8e8e5d334bb0501d0241c9beb1fd3
2026-07-21T14:10:30Z,options-desk,0.010000,0x65bb932d9987f1d1a98b8942a3fa98cb28ec073b,eip155:196,settled,v2-header,0xf4fbda40d1a76e1d29a9ced8ba585be559540e6412611166b15517b9952e75d5
2026-07-21T14:10:33Z,updown-pulse,0.010000,0x65bb932d9987f1d1a98b8942a3fa98cb28ec073b,eip155:196,settled,v2-header,0x32ec5d2c172c7b2de5d2d363340805caef8035c983ea5b3367d4c4d34db45d9c
2026-07-21T14:10:36Z,updown-pulse,0.010000,0x65bb932d9987f1d1a98b8942a3fa98cb28ec073b,eip155:196,settled,v2-header,0x4ab96c82c9f7349e5d01887bcc1893ed3276261f9a20ebeb9dad5574c1e3288d
2026-07-21T14:10:39Z,loop-digest,0.010000,0x65bb932d9987f1d1a98b8942a3fa98cb28ec073b,eip155:196,settled,v2-header,0x2b8c80c62a2cda0bf04ffb5a54330ed69e0f8cfdffd4003ae6322bc682a650de
2026-07-21T14:10:42Z,perp-gate,0.010000,0x65bb932d9987f1d1a98b8942a3fa98cb28ec073b,eip155:196,settled,v2-header,0xcd9801883321806b7ea61d5785ad7dd3ffeb2e0f4e724cebce738276d55a0dc9
2026-07-21T14:10:45Z,perp-gate,0.010000,0x65bb932d9987f1d1a98b8942a3fa98cb28ec073b,eip155:196,settled,v2-header,0xd0f66b54f1776aaea0c1a19f1e555d4f843fc9ad8df757d6676cc65224adf90f
2026-07-21T14:25:49Z,perp-gate,0.010000,0x65bb932d9987f1d1a98b8942a3fa98cb28ec073b,eip155:196,settled,v2-header,
2026-07-21T14:25:52Z,perp-gate,0.010000,0x65bb932d9987f1d1a98b8942a3fa98cb28ec073b,eip155:196,settled,v2-header,0x8e95befdf8ef7a148c8d2a5df61bf26e54a6024b58928e20ba19dc9c12e8968e
2026-07-21T14:40:56Z,updown-pulse,0.010000,0x65bb932d9987f1d1a98b8942a3fa98cb28ec073b,eip155:196,settled,v2-header,0xc4d6580057183dfa754dcafe0bd8b4e52cbeb7a0c474060c4d5390a6feb8fd1b
2026-07-21T14:40:59Z,updown-pulse,0.010000,0x65bb932d9987f1d1a98b8942a3fa98cb28ec073b,eip155:196,settled,v2-header,0x0db3181831b873417e4e6d5f87de2357289b657d0eec80f6dc3d94d8101b777c
2026-07-21T14:41:02Z,loop-digest,0.010000,0x65bb932d9987f1d1a98b8942a3fa98cb28ec073b,eip155:196,settled,v2-header,0x9ed301a52401d8b79736803da0e62e583d31934d1704046f31f1fda7d82f0220
2026-07-21T14:41:05Z,perp-gate,0.010000,0x65bb932d9987f1d1a98b8942a3fa98cb28ec073b,eip155:196,settled,v2-header,0xc188029a2dbd317bafcfba72695b54ed6f50bb5bc9270e8e00740766a56a18ef
2026-07-21T14:41:07Z,perp-gate,0.010000,0x65bb932d9987f1d1a98b8942a3fa98cb28ec073b,eip155:196,settled,v2-header,0xb6814d28058a5bc0594fc6a80f8a677bdbcb713353dda605f78dbccb82319bf2
2026-07-21T14:41:10Z,portfolio-gate,0.050000,0x65bb932d9987f1d1a98b8942a3fa98cb28ec073b,eip155:196,settled,v2-header,0xd4715d090bc6537681a70c30b1af6ce363181a8f454c9f3bc72bd92ff34dad04
2026-07-21T14:56:15Z,perp-gate,0.010000,0x65bb932d9987f1d1a98b8942a3fa98cb28ec073b,eip155:196,settled,v2-header,0x41a484bc8b339e60d02f821fe167a0348aec1a880b343d8d38ab48f83703c8e4
2026-07-21T14:56:17Z,perp-gate,0.010000,0x65bb932d9987f1d1a98b8942a3fa98cb28ec073b,eip155:196,settled,v2-header,0x2650eea700826a219e7f8bcff812682d2624b6c67fd8eee6db8652245f717e6a
2026-07-21T14:56:20Z,size-gate,0.010000,0x65bb932d9987f1d1a98b8942a3fa98cb28ec073b,eip155:196,settled,v2-header,0x030911b3e39bd17c94c9f8ec8029c5fd19dfb3f547739c651aeb483292817355
2026-07-21T15:11:24Z,macro-sentry,0.005000,0x65bb932d9987f1d1a98b8942a3fa98cb28ec073b,eip155:196,settled,v2-header,0x195a58a8966fc7a1697066a188ccace3f598b78eb67fd37a336f8a1b9993621e
2026-07-21T15:11:27Z,updown-pulse,0.010000,0x65bb932d9987f1d1a98b8942a3fa98cb28ec073b,eip155:196,settled,v2-header,0x9b185616ad7ae84e96fbce9aadc067e4fbe7382f58549b42f82156504c6fcbdb
2026-07-21T15:11:30Z,updown-pulse,0.010000,0x65bb932d9987f1d1a98b8942a3fa98cb28ec073b,eip155:196,settled,v2-header,0x5016f330f80927a5d16ec767930e788fc1b4006f11766681f94ecf97599b1406
2026-07-21T15:11:32Z,loop-digest,0.010000,0x65bb932d9987f1d1a98b8942a3fa98cb28ec073b,eip155:196,settled,v2-header,0x844ace76efffa281a8f44dac049f7501e1685addb45a059f121d3c5dfdb400fb
2026-07-21T15:11:36Z,perp-gate,0.010000,0x65bb932d9987f1d1a98b8942a3fa98cb28ec073b,eip155:196,settled,v2-header,0x64ddbf51a11ae93a30f4de6c7f2967abccb4034a22580f9930296fac01eb8f1b
2026-07-21T15:11:38Z,perp-gate,0.010000,0x65bb932d9987f1d1a98b8942a3fa98cb28ec073b,eip155:196,settled,v2-header,0x36dc10a901b2e803e86c6d2137966478a9793fdc03f093ab53096a670a97bf07
2026-07-21T15:11:41Z,perp-gate,0.010000,0x65bb932d9987f1d1a98b8942a3fa98cb28ec073b,eip155:196,settled,v2-header,0xc4ed8470af3a7e68457d8f6d513c36ea3bc650d7d5033a9ebaa57f4ca6e6a4ce
2026-07-21T15:26:45Z,perp-gate,0.010000,0x65bb932d9987f1d1a98b8942a3fa98cb28ec073b,eip155:196,settled,v2-header,0xc63fe6a7d53580137334aa380e603e6e9b2c9fb7ac0b82594873103434f06212
2026-07-21T15:26:48Z,perp-gate,0.010000,0x65bb932d9987f1d1a98b8942a3fa98cb28ec073b,eip155:196,settled,v2-header,0x8478df8111190efb38660cb542dfebbf2ca15eeab5335e47fd32bae0f91c3001
2026-07-21T15:26:50Z,perp-gate,0.010000,0x65bb932d9987f1d1a98b8942a3fa98cb28ec073b,eip155:196,settled,v2-header,0x7fec107a465af8379ff745d547fc44c8436af21120e056266de0026309f5ef6b
2026-07-21T15:41:55Z,updown-pulse,0.010000,0x65bb932d9987f1d1a98b8942a3fa98cb28ec073b,eip155:196,settled,v2-header,0xf402e3975cef95195525457b462d722baeff7622052bd223ab9fcd032492c795
2026-07-21T15:41:58Z,updown-pulse,0.010000,0x65bb932d9987f1d1a98b8942a3fa98cb28ec073b,eip155:196,settled,v2-header,0xb992f527450073de4f80edb7f1525772f23e43377e13be61ad582b0a012373ce
2026-07-21T15:42:00Z,loop-digest,0.010000,0x65bb932d9987f1d1a98b8942a3fa98cb28ec073b,eip155:196,settled,v2-header,0x84bc4e8e415385b08ee90b4c08484426cbc540818302515e637f49416df84453
2026-07-21T15:42:03Z,perp-gate,0.010000,0x65bb932d9987f1d1a98b8942a3fa98cb28ec073b,eip155:196,settled,v2-header,0x7bb793ad76faee83ea51e57be3f75b725804749a7cce7bcb4839a8a24ca45910
2026-07-21T15:42:06Z,perp-gate,0.010000,0x65bb932d9987f1d1a98b8942a3fa98cb28ec073b,eip155:196,settled,v2-header,0x9ff38ab78f14b8bda08124a04f6a170314a5522cd0ef062169cb37abd6f44dba
2026-07-21T15:42:08Z,perp-gate,0.010000,0x65bb932d9987f1d1a98b8942a3fa98cb28ec073b,eip155:196,settled,v2-header,0x2758f2a19843ae72d1f78dc52c2fb5ed3b3078a4c04613918732681d54d7dc3e
2026-07-21T15:42:11Z,portfolio-gate,0.050000,0x65bb932d9987f1d1a98b8942a3fa98cb28ec073b,eip155:196,settled,v2-header,0x73bd9030efd510759aead30e4ed3615786a65cdf3505650634c0e12fc40184eb
2026-07-21T15:57:15Z,perp-gate,0.010000,0x65bb932d9987f1d1a98b8942a3fa98cb28ec073b,eip155:196,settled,v2-header,0xf153308dced815fa3cbaf6c81ce0297c14a9cd6fbdd593e9fccdf3696fa7c738
2026-07-21T15:57:18Z,perp-gate,0.010000,0x65bb932d9987f1d1a98b8942a3fa98cb28ec073b,eip155:196,settled,v2-header,0x71bf7065cadc71424ca66f6a28b9b3127c46cf401f973fb15eb74fe4226c5b04
2026-07-21T15:57:20Z,perp-gate,0.010000,0x65bb932d9987f1d1a98b8942a3fa98cb28ec073b,eip155:196,settled,v2-header,0xf6e2dc323996575a4e121d826373b67c20429cc9f76aa2a0f0d7bff81b0d334c
2026-07-21T16:12:24Z,macro-sentry,0.005000,0x65bb932d9987f1d1a98b8942a3fa98cb28ec073b,eip155:196,settled,v2-header,0x9767910e2ee8458a18814a74ecfef00760fec0301e88f5170de870ef32b3090e
2026-07-21T16:12:28Z,options-desk,0.010000,0x65bb932d9987f1d1a98b8942a3fa98cb28ec073b,eip155:196,settled,v2-header,0xf1df01e9048a8612454bf4bbb91e27bc73b3ce2fa09249b73c33aed55a14ba56
2026-07-21T16:12:31Z,updown-pulse,0.010000,0x65bb932d9987f1d1a98b8942a3fa98cb28ec073b,eip155:196,settled,v2-header,0x744f759c514ccc39baa1f0407a7ca0585b48641c3988cc718ddca189a8e98fbf
2026-07-21T16:12:33Z,updown-pulse,0.010000,0x65bb932d9987f1d1a98b8942a3fa98cb28ec073b,eip155:196,settled,v2-header,0xfdbe4ecdc731f6df6eb787e7fc67b90cba18e4c952cc236672e3df73631bcc3b
2026-07-21T16:12:36Z,loop-digest,0.010000,0x65bb932d9987f1d1a98b8942a3fa98cb28ec073b,eip155:196,settled,v2-header,0x1f33c2490219dfb66d872a4a5306bb831d25e116d6b1a825c8d4be4372cdb362
2026-07-21T16:12:39Z,perp-gate,0.010000,0x65bb932d9987f1d1a98b8942a3fa98cb28ec073b,eip155:196,settled,v2-header,0x131bbb4a5d8edf2b929cd044cb861cfc30b6c07ba4a961411ce3b72fff4026d9
2026-07-21T16:12:42Z,perp-gate,0.010000,0x65bb932d9987f1d1a98b8942a3fa98cb28ec073b,eip155:196,settled,v2-header,0xc3cf621f35aff7c74c88cb0e0f5d8c3ef4cd76c48acb9df453944668251889c8
2026-07-21T16:12:44Z,perp-gate,0.010000,0x65bb932d9987f1d1a98b8942a3fa98cb28ec073b,eip155:196,settled,v2-header,0x874ae6ce9d9e6ac75f3821b74d9af2e2f3bb1b90e3278f448d1e19dd7bacf238
2026-07-21T16:27:49Z,perp-gate,0.010000,0x65bb932d9987f1d1a98b8942a3fa98cb28ec073b,eip155:196,settled,v2-header,0xd03f352450dd3a707355cb4756cc3ac4004c1dc14c646ec4a58e298887ac071a
2026-07-21T16:27:52Z,perp-gate,0.010000,0x65bb932d9987f1d1a98b8942a3fa98cb28ec073b,eip155:196,settled,v2-header,0x6c910d2fbbe074defee9b19e77b6249ce1d4a65f0128017efe9c2bf03724e21b
2026-07-21T16:27:54Z,perp-gate,0.010000,0x65bb932d9987f1d1a98b8942a3fa98cb28ec073b,eip155:196,settled,v2-header,0xfa2f88ea0b4e88f6c9599d69281634501b1a2ed4cb6537471ac819a0a8760dbc
2026-07-21T16:42:59Z,updown-pulse,0.010000,0x65bb932d9987f1d1a98b8942a3fa98cb28ec073b,eip155:196,settled,v2-header,0x4d3a441a415b4d9f9befc73cb220ae319b4f9d7e5f32bbf82d2a592e55d87f8e
2026-07-21T16:43:02Z,updown-pulse,0.010000,0x65bb932d9987f1d1a98b8942a3fa98cb28ec073b,eip155:196,settled,v2-header,0xfed835b92f9c1b7b6120ea6bb96fa11bf2a81684c69b41864e57241ba22fbcbd
2026-07-21T16:43:05Z,loop-digest,0.010000,0x65bb932d9987f1d1a98b8942a3fa98cb28ec073b,eip155:196,settled,v2-header,0x71fcd13e9cefcce312b72abb8b0abba933743f7f0388af9ad9bcf97ad6adf701
2026-07-21T16:43:08Z,perp-gate,0.010000,0x65bb932d9987f1d1a98b8942a3fa98cb28ec073b,eip155:196,settled,v2-header,0x263e9ff843e034a0156140cef27497532b2b77b6b890f087d780837c9714775b
2026-07-21T16:43:10Z,perp-gate,0.010000,0x65bb932d9987f1d1a98b8942a3fa98cb28ec073b,eip155:196,settled,v2-header,0xa5d2f57c05e40c78700d142f2a779188d1703d1570af8c9813e7a213636aefae
2026-07-21T16:43:13Z,perp-gate,0.010000,0x65bb932d9987f1d1a98b8942a3fa98cb28ec073b,eip155:196,settled,v2-header,0x66d7a997c3b5bc64c0a35665f1c8bf4a51419d2a756531777d8870b72b6323c6
2026-07-21T16:43:15Z,portfolio-gate,0.050000,0x65bb932d9987f1d1a98b8942a3fa98cb28ec073b,eip155:196,settled,v2-header,0x9d1f3bda5c1987546fde369bd319455e1d58601eee42a154d101eeb932d4f9d7
2026-07-21T16:58:20Z,perp-gate,0.010000,0x65bb932d9987f1d1a98b8942a3fa98cb28ec073b,eip155:196,settled,v2-header,0xe59e4bb80e879c812f21e04b3bceb5ce602f7fac922d8ff5f443a09a8abc694a
2026-07-21T16:58:23Z,perp-gate,0.010000,0x65bb932d9987f1d1a98b8942a3fa98cb28ec073b,eip155:196,settled,v2-header,0xf70748891ba6c5c700119825bc6f2c67ff0cf71628d9c25b6f7650cb572c7699
2026-07-21T16:58:25Z,perp-gate,0.010000,0x65bb932d9987f1d1a98b8942a3fa98cb28ec073b,eip155:196,settled,v2-header,0x9e46d023335241b748845145cbda24e75d012d80cd2fa37c10278c4b5866ec41
2026-07-21T17:13:29Z,macro-sentry,0.005000,0x65bb932d9987f1d1a98b8942a3fa98cb28ec073b,eip155:196,settled,v2-header,0x3b21c65963de53311bc8df73416337fb863eddacd29f54bbd626332bcb7b95ab
2026-07-21T17:13:32Z,updown-pulse,0.010000,0x65bb932d9987f1d1a98b8942a3fa98cb28ec073b,eip155:196,settled,v2-header,0xd45fc349866463041ad7601835be619b62326120931c152d8bdbca0b954b68a0
2026-07-21T17:13:35Z,updown-pulse,0.010000,0x65bb932d9987f1d1a98b8942a3fa98cb28ec073b,eip155:196,settled,v2-header,0x09b1ec2e6f63809d691aff95cf76e3d6fbb1c9578ac69bef8717c55068f616e5
2026-07-21T17:13:38Z,loop-digest,0.010000,0x65bb932d9987f1d1a98b8942a3fa98cb28ec073b,eip155:196,settled,v2-header,0x7c43bff5df3792ea7cabe03454ad08ddeae3ea8cebe8260bf41746ab92e47914
2026-07-21T17:13:42Z,perp-gate,0.010000,0x65bb932d9987f1d1a98b8942a3fa98cb28ec073b,eip155:196,settled,v2-header,0x48aa06227326de52fbb786d95be8fef5b8fcc0fcac83a7634d7c51945ac5c36f
2026-07-21T17:13:44Z,perp-gate,0.010000,0x65bb932d9987f1d1a98b8942a3fa98cb28ec073b,eip155:196,settled,v2-header,0xc22755c70a88790f5fe2bb0b320c8cc6cd7415bb3c620a0f3426681162c71c84
2026-07-21T17:13:46Z,perp-gate,0.010000,0x65bb932d9987f1d1a98b8942a3fa98cb28ec073b,eip155:196,settled,v2-header,0x814a333d8c3e6b1d5a13c3be358e43d76737d120dd3c42ca8a0eedbad3aeee5f
2026-07-21T17:28:51Z,perp-gate,0.010000,0x65bb932d9987f1d1a98b8942a3fa98cb28ec073b,eip155:196,settled,v2-header,0x26fe4e524e64e578594ded323b64378ee14195845037372674e254ff41f21630
2026-07-21T17:28:53Z,perp-gate,0.010000,0x65bb932d9987f1d1a98b8942a3fa98cb28ec073b,eip155:196,settled,v2-header,0x9f1b4065952c459dcb29a1ff643cff82d7864281ee1eb3182e306648e029d50a
2026-07-21T17:28:56Z,perp-gate,0.010000,0x65bb932d9987f1d1a98b8942a3fa98cb28ec073b,eip155:196,settled,v2-header,0x4eef1c1e3e881323b371a40bfe8dfce4bca837c6b7c99209d47e355731785a39
2026-07-21T17:44:01Z,updown-pulse,0.010000,0x65bb932d9987f1d1a98b8942a3fa98cb28ec073b,eip155:196,settled,v2-header,0xa1e9c08ccfe555b733a5824a7fbca751d3c56f3856a7bf5a58f7937fe6d5e12a
2026-07-21T17:44:03Z,updown-pulse,0.010000,0x65bb932d9987f1d1a98b8942a3fa98cb28ec073b,eip155:196,settled,v2-header,0x1f1625c19b52cdc709c53418fbf33be9e216ea18c8769488717acb1f9478da90
2026-07-21T17:44:06Z,loop-digest,0.010000,0x65bb932d9987f1d1a98b8942a3fa98cb28ec073b,eip155:196,settled,v2-header,0x4db3f2788a6f7a79602bbc9af96982d68294dae1d1eac2a1ba522bead1276b4b
2026-07-21T17:44:09Z,perp-gate,0.010000,0x65bb932d9987f1d1a98b8942a3fa98cb28ec073b,eip155:196,settled,v2-header,0x940503a7f3bc19159039a9838c6421292b17997bcf1f681ff7ec45527b907b8a
2026-07-21T17:44:11Z,perp-gate,0.010000,0x65bb932d9987f1d1a98b8942a3fa98cb28ec073b,eip155:196,settled,v2-header,0xd057d4ccc6f4f5a168174f63703c1c07c14f6757f4ae24ddaa22fb6eb59d9b66
2026-07-21T17:44:14Z,perp-gate,0.010000,0x65bb932d9987f1d1a98b8942a3fa98cb28ec073b,eip155:196,settled,v2-header,0x27110c5d0b207eaec1af1738f87f6860808464ba49a052a4295a93a8bb3927b6
2026-07-21T17:44:16Z,portfolio-gate,0.050000,0x65bb932d9987f1d1a98b8942a3fa98cb28ec073b,eip155:196,settled,v2-header,0x7e61cbd24f9346d9d13bfa250fa9815d3e2410ae884fcd94114cc3c9c2b11338
2026-07-21T17:59:21Z,perp-gate,0.010000,0x65bb932d9987f1d1a98b8942a3fa98cb28ec073b,eip155:196,settled,v2-header,0x08e575393663833b409c05cf93f961053c046a018ce9cfc744cf9fe9263a0ca7
2026-07-21T17:59:24Z,perp-gate,0.010000,0x65bb932d9987f1d1a98b8942a3fa98cb28ec073b,eip155:196,settled,v2-header,0xd9858da33a4a78c9b81cb81e59de5df6eaa0c15483956a8b3e392c3f6550896e
2026-07-21T17:59:28Z,perp-gate,0.010000,0x65bb932d9987f1d1a98b8942a3fa98cb28ec073b,eip155:196,settled,v2-header,0x72083786c78d7974bb91ab32dfa8d775b3824ceaeab1e124aec46890515ed85a
2026-07-21T18:14:33Z,macro-sentry,0.005000,0x65bb932d9987f1d1a98b8942a3fa98cb28ec073b,eip155:196,settled,v2-header,0x4487268dd143945018c723afbc8f31b94202264b93cc464e701e6f29d7896ff8
2026-07-21T18:14:36Z,options-desk,0.010000,0x65bb932d9987f1d1a98b8942a3fa98cb28ec073b,eip155:196,settled,v2-header,0xdfdde01d760965d35f9ba3b04d0579b807d636f34a3c05df687dce2c7b59bbb9
2026-07-21T18:14:39Z,updown-pulse,0.010000,0x65bb932d9987f1d1a98b8942a3fa98cb28ec073b,eip155:196,settled,v2-header,0xab226c4bcb873a7f72ef2511a1e6bbc6bb1ed1a91b80ad87a7dd0ffe44e0e6ed
2026-07-21T18:14:42Z,updown-pulse,0.010000,0x65bb932d9987f1d1a98b8942a3fa98cb28ec073b,eip155:196,settled,v2-header,0x8df1bb58e36feef934ec7c49466c3e58f7e5a2b4ba8451cbfb6645edf1009537
2026-07-21T18:14:44Z,loop-digest,0.010000,0x65bb932d9987f1d1a98b8942a3fa98cb28ec073b,eip155:196,settled,v2-header,0xb08f8a98f4d7af652fecfc6b87fa6d8b49855539bfc55a4e5aa5e5c7daf8e5f7
2026-07-21T18:14:48Z,perp-gate,0.010000,0x65bb932d9987f1d1a98b8942a3fa98cb28ec073b,eip155:196,settled,v2-header,0x4c23b34a4d64fb69301ae1f81bf10df69421d4abe1c0f55ac7888e6d90e6a784
2026-07-21T18:14:50Z,perp-gate,0.010000,0x65bb932d9987f1d1a98b8942a3fa98cb28ec073b,eip155:196,settled,v2-header,0x898345fb5d7528756582feb36ddba56ae3523960c1fa651666d159c8c111b0cf
2026-07-21T18:14:52Z,perp-gate,0.010000,0x65bb932d9987f1d1a98b8942a3fa98cb28ec073b,eip155:196,settled,v2-header,0x0486a85d7d138416a07dec8dc06960a84a084b1f6b36886bcf7f3e223e6411bc
2026-07-21T18:29:57Z,perp-gate,0.010000,0x65bb932d9987f1d1a98b8942a3fa98cb28ec073b,eip155:196,settled,v2-header,
2026-07-21T18:30:00Z,perp-gate,0.010000,0x65bb932d9987f1d1a98b8942a3fa98cb28ec073b,eip155:196,settled,v2-header,0x463a77c46e186001f0970f7b72699b4e10f1986ecc7bb65f7c38c4cbae601e1d
2026-07-21T18:30:02Z,perp-gate,0.010000,0x65bb932d9987f1d1a98b8942a3fa98cb28ec073b,eip155:196,settled,v2-header,0x56f3eb1199c76a3a59a7201c8b3571c0edfdd216d6f574bce9a3f442e2748ff2
2026-07-21T18:45:07Z,updown-pulse,0.010000,0x65bb932d9987f1d1a98b8942a3fa98cb28ec073b,eip155:196,settled,v2-header,0xae3568432a32725ddce40857a478ebb54d32175b70f808db227dff85c83dff5b
2026-07-21T18:45:10Z,updown-pulse,0.010000,0x65bb932d9987f1d1a98b8942a3fa98cb28ec073b,eip155:196,settled,v2-header,0x134df8da29eaffff89a93aa87028fc9b01b739b17a452591f80a86f5bc64d876
2026-07-21T18:45:12Z,loop-digest,0.010000,0x65bb932d9987f1d1a98b8942a3fa98cb28ec073b,eip155:196,settled,v2-header,0xe35831001d2f6fb5293bcacf553253b02cd308a2dcdf7ba77e0e8206d87d3d6c
2026-07-21T18:45:16Z,perp-gate,0.010000,0x65bb932d9987f1d1a98b8942a3fa98cb28ec073b,eip155:196,settled,v2-header,0x7522b192fdbe030b009ed1244548118b646fe5d44e19a05ff39ec192cc41c011
2026-07-21T18:45:18Z,perp-gate,0.010000,0x65bb932d9987f1d1a98b8942a3fa98cb28ec073b,eip155:196,settled,v2-header,0x36ae121958117167acc4898959022b9bfc4e2d492faaabe470d8741a6d52da88
2026-07-21T18:45:20Z,perp-gate,0.010000,0x65bb932d9987f1d1a98b8942a3fa98cb28ec073b,eip155:196,settled,v2-header,0xf7d51f77d6a8cff6960324ba1efbf1986bf2ce5ff26a880c3d31df6335dcf31e
2026-07-21T18:45:23Z,portfolio-gate,0.050000,0x65bb932d9987f1d1a98b8942a3fa98cb28ec073b,eip155:196,settled,v2-header,0x41da9be35fc78cff1395780bcd732b5bd3f034f0b763e66203084d53e3bcf861
2026-07-21T19:00:28Z,perp-gate,0.010000,0x65bb932d9987f1d1a98b8942a3fa98cb28ec073b,eip155:196,settled,v2-header,0x99813496372004d31924f7f436baf82a6bd51e6af93ff504346498b302c7bddf
2026-07-21T19:00:30Z,perp-gate,0.010000,0x65bb932d9987f1d1a98b8942a3fa98cb28ec073b,eip155:196,settled,v2-header,0x451db83acead3ccf9fabee204532cfcc51edd4c6041e5ef3b773e99301c8595d
2026-07-21T19:00:33Z,perp-gate,0.010000,0x65bb932d9987f1d1a98b8942a3fa98cb28ec073b,eip155:196,settled,v2-header,0x97fbd3f0f2cca92d49b3a1994a078f5e3fd2b71c21dc6b675c94c7f2904c0538
2026-07-21T19:15:37Z,macro-sentry,0.005000,0x65bb932d9987f1d1a98b8942a3fa98cb28ec073b,eip155:196,settled,v2-header,0x9a2dbe39af258204bfded32f8b9b9351c7322b9b93f8e4c5ce3d52dda9955717
2026-07-21T19:15:40Z,updown-pulse,0.010000,0x65bb932d9987f1d1a98b8942a3fa98cb28ec073b,eip155:196,settled,v2-header,0xe4cd96319cfe8cf4160f795ad7e955710605229d783068f306e55686cfbe2d85
2026-07-21T19:15:43Z,updown-pulse,0.010000,0x65bb932d9987f1d1a98b8942a3fa98cb28ec073b,eip155:196,settled,v2-header,0xf59ddac4c38465ca87fb810890199477098addb60d4b3a061bbf053d411d38a6
2026-07-21T19:15:46Z,loop-digest,0.010000,0x65bb932d9987f1d1a98b8942a3fa98cb28ec073b,eip155:196,settled,v2-header,0x1091b75dbcecb95410721303235b6bd30cae6e69785429e0ea06e96756287ba6
2026-07-21T19:15:48Z,perp-gate,0.010000,0x65bb932d9987f1d1a98b8942a3fa98cb28ec073b,eip155:196,settled,v2-header,
2026-07-21T19:15:50Z,perp-gate,0.010000,0x65bb932d9987f1d1a98b8942a3fa98cb28ec073b,eip155:196,settled,v2-header,
2026-07-21T19:15:51Z,perp-gate,0.010000,0x65bb932d9987f1d1a98b8942a3fa98cb28ec073b,eip155:196,settled,v2-header,
2026-07-21T19:30:55Z,perp-gate,0.010000,0x65bb932d9987f1d1a98b8942a3fa98cb28ec073b,eip155:196,settled,v2-header,
2026-07-21T19:30:57Z,perp-gate,0.010000,0x65bb932d9987f1d1a98b8942a3fa98cb28ec073b,eip155:196,settled,v2-header,
2026-07-21T19:30:59Z,perp-gate,0.010000,0x65bb932d9987f1d1a98b8942a3fa98cb28ec073b,eip155:196,settled,v2-header,
2026-07-21T19:46:03Z,updown-pulse,0.010000,0x65bb932d9987f1d1a98b8942a3fa98cb28ec073b,eip155:196,settled,v2-header,0x1372073e7309701267247a509afa028d097128a0e3b3827dc814d76ce78a3023
2026-07-21T19:46:06Z,updown-pulse,0.010000,0x65bb932d9987f1d1a98b8942a3fa98cb28ec073b,eip155:196,settled,v2-header,0xa7a984bec34eb2aadbb4badfbdef990ecf03cb75f8c5a1b9695ab0e6db41f52b
2026-07-21T19:46:09Z,loop-digest,0.010000,0x65bb932d9987f1d1a98b8942a3fa98cb28ec073b,eip155:196,settled,v2-header,0x79f63827f0c578468c30dfa1dbbdb1a0bd32d370150113efa7457547ff8ccbd9
2026-07-21T19:46:12Z,perp-gate,0.010000,0x65bb932d9987f1d1a98b8942a3fa98cb28ec073b,eip155:196,settled,v2-header,0xb240cff579fe0688107981379217a2a6a917dddd7ae30494418b43071acffe71
2026-07-21T19:46:14Z,perp-gate,0.010000,0x65bb932d9987f1d1a98b8942a3fa98cb28ec073b,eip155:196,settled,v2-header,0x464adfe84b47439e749bd909edf723d7b53cda9dd297bd54fa163f97e98a1391
2026-07-21T19:46:16Z,perp-gate,0.010000,0x65bb932d9987f1d1a98b8942a3fa98cb28ec073b,eip155:196,settled,v2-header,0xedbcb27068bccf5f97c0ffc7ff5cde783747e8535e6f003b362a67fd702240f3
2026-07-21T19:46:19Z,portfolio-gate,0.050000,0x65bb932d9987f1d1a98b8942a3fa98cb28ec073b,eip155:196,settled,v2-header,0x884f59e5a182afcbdc0379cb8644bfae1d1b393098e9d4d0d07b004bf718376d
2026-07-21T20:01:24Z,perp-gate,0.010000,0x65bb932d9987f1d1a98b8942a3fa98cb28ec073b,eip155:196,settled,v2-header,0x61810ad4d639f5773ddc2f830b756e364585b796d5f245c9b2ac6f56251730fa
2026-07-21T20:01:26Z,perp-gate,0.010000,0x65bb932d9987f1d1a98b8942a3fa98cb28ec073b,eip155:196,settled,v2-header,0xb5e2078771e4cdcf93423274b72ce85bdd20b503de4bba8ca10a8b1b956e990a
2026-07-21T20:01:29Z,perp-gate,0.010000,0x65bb932d9987f1d1a98b8942a3fa98cb28ec073b,eip155:196,settled,v2-header,0xb386f8375dbb934050b6a7525ed327dcc0e654cc8b58d053947980199ddbaba7
2026-07-21T20:16:33Z,macro-sentry,0.005000,0x65bb932d9987f1d1a98b8942a3fa98cb28ec073b,eip155:196,settled,v2-header,0xe2ba694589face06ae4b89225691401bd004c68cd22aab190b2f6d08919dae0f
2026-07-21T20:16:36Z,options-desk,0.010000,0x65bb932d9987f1d1a98b8942a3fa98cb28ec073b,eip155:196,settled,v2-header,0xecf2ca07ab97f2c20de736ac0fa87a269856a4ed3b80596cc1a6ba37e4b8dade
2026-07-21T20:16:39Z,updown-pulse,0.010000,0x65bb932d9987f1d1a98b8942a3fa98cb28ec073b,eip155:196,settled,v2-header,0x14307ecbfb6da57311cc0a7fde898a2929ce6c8edec3b6a413cb5cd81fdcb22e
2026-07-21T20:16:42Z,updown-pulse,0.010000,0x65bb932d9987f1d1a98b8942a3fa98cb28ec073b,eip155:196,settled,v2-header,0x3ab921a88ddc88564f2b74dfeec7e1a26058beecc85065073454f920b0af6951
2026-07-21T20:16:44Z,loop-digest,0.010000,0x65bb932d9987f1d1a98b8942a3fa98cb28ec073b,eip155:196,settled,v2-header,0xd3ff9e54a8235026b7a77797380740bfbab3eac8476fd18741e1cb1c85e36b59
2026-07-21T20:16:46Z,perp-gate,0.010000,0x65bb932d9987f1d1a98b8942a3fa98cb28ec073b,eip155:196,settled,v2-header,
2026-07-21T20:16:49Z,perp-gate,0.010000,0x65bb932d9987f1d1a98b8942a3fa98cb28ec073b,eip155:196,settled,v2-header,0xc7c0cb64d9a52c3b5ab67af1064ff54e3db78b2dbb4d831666e366ab90ffaa64
2026-07-21T20:16:51Z,perp-gate,0.010000,0x65bb932d9987f1d1a98b8942a3fa98cb28ec073b,eip155:196,settled,v2-header,0xf214b8a0e7b63874b7a55e2b169cf5ed9dbb2d9d3b39741d5a901b8ec89a5304
2026-07-21T20:16:54Z,protocol-pulse,0.010000,0x65bb932d9987f1d1a98b8942a3fa98cb28ec073b,eip155:196,settled,v2-header,0x873ac7917eebcc695a4c057ea743352b5d82ed4b35e60bfed34ffd309ede7aef
2026-07-21T20:31:58Z,perp-gate,0.010000,0x65bb932d9987f1d1a98b8942a3fa98cb28ec073b,eip155:196,settled,v2-header,
2026-07-21T20:32:00Z,perp-gate,0.010000,0x65bb932d9987f1d1a98b8942a3fa98cb28ec073b,eip155:196,settled,v2-header,
2026-07-21T20:32:03Z,perp-gate,0.010000,0x65bb932d9987f1d1a98b8942a3fa98cb28ec073b,eip155:196,settled,v2-header,0xd9eb0ea5777ebe5aa6adbc9424e65547b9d0eff74e287a557a226fff82573b6a
2026-07-21T20:47:07Z,updown-pulse,0.010000,0x65bb932d9987f1d1a98b8942a3fa98cb28ec073b,eip155:196,settled,v2-header,0xfebd9700831ae11c7fd7b0d55ca9c54f5dbe70d1deabe620b903971067468d0d
2026-07-21T20:47:10Z,updown-pulse,0.010000,0x65bb932d9987f1d1a98b8942a3fa98cb28ec073b,eip155:196,settled,v2-header,0x27ed101feb8cf3872c4a7de600306f0f58ae99297042d4b2b0012648b4791cb7
2026-07-21T20:47:13Z,loop-digest,0.010000,0x65bb932d9987f1d1a98b8942a3fa98cb28ec073b,eip155:196,settled,v2-header,0x1677aee3d52f8cfdfb8ea2e3455fad05b0fa820ef70368b7778de08c7b5d9c7e
2026-07-21T20:47:16Z,perp-gate,0.010000,0x65bb932d9987f1d1a98b8942a3fa98cb28ec073b,eip155:196,settled,v2-header,0x7ec9f8ebadbb88c53fc4326bd76a388fc7987242f5066c7c18126525ae623cff
2026-07-21T20:47:19Z,perp-gate,0.010000,0x65bb932d9987f1d1a98b8942a3fa98cb28ec073b,eip155:196,settled,v2-header,0xdb0f0277544d29372bd6b8a2d7dc1b4aeddd241ccf9c1a0d5e02fb6757e6bc2b
2026-07-21T20:47:21Z,perp-gate,0.010000,0x65bb932d9987f1d1a98b8942a3fa98cb28ec073b,eip155:196,settled,v2-header,0x499731710c88e60538a79caf436efbe0883272aa7020b4e1530bb3740677842b
2026-07-21T20:47:24Z,portfolio-gate,0.050000,0x65bb932d9987f1d1a98b8942a3fa98cb28ec073b,eip155:196,settled,v2-header,0x533cda157cc9251e185ff225e041548e20672285da8dcbe67720ed6441c888df
2026-07-21T21:02:29Z,perp-gate,0.010000,0x65bb932d9987f1d1a98b8942a3fa98cb28ec073b,eip155:196,settled,v2-header,0x99cdf9f2a08f07722db44460d54c34d1e2b86b51777ec508e4b1741d49fbcc27
2026-07-21T21:02:31Z,perp-gate,0.010000,0x65bb932d9987f1d1a98b8942a3fa98cb28ec073b,eip155:196,settled,v2-header,0x24d535389bd438c31e824425291f49301769460f4fadd6a54f91bad92dafd938
2026-07-21T21:02:34Z,perp-gate,0.010000,0x65bb932d9987f1d1a98b8942a3fa98cb28ec073b,eip155:196,settled,v2-header,0x17aa8d7f5bcd1729f81e8d7171701ef1be8e97e2607594e1b802291b885e620c
2026-07-21T21:17:38Z,macro-sentry,0.005000,0x65bb932d9987f1d1a98b8942a3fa98cb28ec073b,eip155:196,settled,v2-header,0x3cd83792789096b681209fe5088f839fef9fa18cf2c4556e7262a1439c93d9ac
2026-07-21T21:17:41Z,updown-pulse,0.010000,0x65bb932d9987f1d1a98b8942a3fa98cb28ec073b,eip155:196,settled,v2-header,0x1bbc2621f22a420e811286c33accd07d0ae4cad5fad968f1a378b5df1d7e0321
2026-07-21T21:17:44Z,updown-pulse,0.010000,0x65bb932d9987f1d1a98b8942a3fa98cb28ec073b,eip155:196,settled,v2-header,0x743eaada25d205faee30d6fe7fbf64b5cde16138ed13eeea0465a7dde2faed2b
2026-07-21T21:17:46Z,loop-digest,0.010000,0x65bb932d9987f1d1a98b8942a3fa98cb28ec073b,eip155:196,settled,v2-header,0xc18aef4b94fe3bbaf1af462f3be57d63efb23d240e3fcafe6e99a7992a404c0f
2026-07-21T21:17:49Z,perp-gate,0.010000,0x65bb932d9987f1d1a98b8942a3fa98cb28ec073b,eip155:196,settled,v2-header,
2026-07-21T21:17:50Z,perp-gate,0.010000,0x65bb932d9987f1d1a98b8942a3fa98cb28ec073b,eip155:196,settled,v2-header,
2026-07-21T21:17:52Z,perp-gate,0.010000,0x65bb932d9987f1d1a98b8942a3fa98cb28ec073b,eip155:196,settled,v2-header,
2026-07-21T21:32:56Z,perp-gate,0.010000,0x65bb932d9987f1d1a98b8942a3fa98cb28ec073b,eip155:196,settled,v2-header,
2026-07-21T21:32:57Z,perp-gate,0.010000,0x65bb932d9987f1d1a98b8942a3fa98cb28ec073b,eip155:196,settled,v2-header,
2026-07-21T21:32:59Z,perp-gate,0.010000,0x65bb932d9987f1d1a98b8942a3fa98cb28ec073b,eip155:196,settled,v2-header,
2026-07-21T21:48:04Z,updown-pulse,0.010000,0x65bb932d9987f1d1a98b8942a3fa98cb28ec073b,eip155:196,settled,v2-header,0x5e78d27fcc7592cfe23be7cb1e7bec927fa09b80ebbe45296a591c5400686b35
2026-07-21T21:48:07Z,updown-pulse,0.010000,0x65bb932d9987f1d1a98b8942a3fa98cb28ec073b,eip155:196,settled,v2-header,0xc0c30dd8948d63af684fdb63a256b6c6850589cbb5d0c2454046b24612ae80e0
2026-07-21T21:48:10Z,loop-digest,0.010000,0x65bb932d9987f1d1a98b8942a3fa98cb28ec073b,eip155:196,settled,v2-header,0x227a86142dbf7e68e837a80a60c3009c2d14cef0e1bd287ca381314ab22c5219
2026-07-21T21:48:13Z,perp-gate,0.010000,0x65bb932d9987f1d1a98b8942a3fa98cb28ec073b,eip155:196,settled,v2-header,0xea11af9ec9b9024c72b3adc4eda99d14cf4794ab21ef39e167b95cc4bcd1076f
2026-07-21T21:48:15Z,perp-gate,0.010000,0x65bb932d9987f1d1a98b8942a3fa98cb28ec073b,eip155:196,settled,v2-header,0x166aa6ca01cb2666d64995ff83e65feada6b5d9cdf46e125440ba549be9fbab7
2026-07-21T21:48:18Z,perp-gate,0.010000,0x65bb932d9987f1d1a98b8942a3fa98cb28ec073b,eip155:196,settled,v2-header,0xf140ce0a99d9ff60279428bbef4d2d733cc65298862f79a0e7cde6a507fb5c59
2026-07-21T21:48:20Z,portfolio-gate,0.050000,0x65bb932d9987f1d1a98b8942a3fa98cb28ec073b,eip155:196,settled,v2-header,0xf3c9363c5791763754d1b1e64afc8cfad12a3c58c329adae3f74521e7972ec01
2026-07-21T22:03:25Z,perp-gate,0.010000,0x65bb932d9987f1d1a98b8942a3fa98cb28ec073b,eip155:196,settled,v2-header,0xc682e0d3c5a1e0e3e9c4053a18b475ecc5e15f0739aa6d9b02f723950691ad61
2026-07-21T22:03:28Z,perp-gate,0.010000,0x65bb932d9987f1d1a98b8942a3fa98cb28ec073b,eip155:196,settled,v2-header,0x0906c63dea5058a4b79f2f16ad6c91730e8671a7d31e455f522f8f5d7e1d108c
2026-07-21T22:03:30Z,perp-gate,0.010000,0x65bb932d9987f1d1a98b8942a3fa98cb28ec073b,eip155:196,settled,v2-header,0xad7cc257fde420edb7d6a974760dcba59311023adf443ca6a1148900b0554861
2026-07-21T22:18:35Z,macro-sentry,0.005000,0x65bb932d9987f1d1a98b8942a3fa98cb28ec073b,eip155:196,settled,v2-header,0xb9d27a93a902a54f4834338e1b8e389d34f2cfac06b677aa96c3f560d8f32ca2
2026-07-21T22:18:38Z,options-desk,0.010000,0x65bb932d9987f1d1a98b8942a3fa98cb28ec073b,eip155:196,settled,v2-header,0xe76c58f0c61a21c37bf786dacca421033a64dc6761e888fe781350a5b564e6a9
2026-07-21T22:18:41Z,updown-pulse,0.010000,0x65bb932d9987f1d1a98b8942a3fa98cb28ec073b,eip155:196,settled,v2-header,0xf5be94dcff16912aed8d1f728974f67d8641f933941d5023107ca639b5bb371f
2026-07-21T22:18:43Z,updown-pulse,0.010000,0x65bb932d9987f1d1a98b8942a3fa98cb28ec073b,eip155:196,settled,v2-header,0x6e7fb737f07878f22c36e6d1756f2b0611a6e2ce59174b76332bdca0fe639a42
2026-07-21T22:18:46Z,loop-digest,0.010000,0x65bb932d9987f1d1a98b8942a3fa98cb28ec073b,eip155:196,settled,v2-header,0x9d0ce89039ee6ffb4723fae9fcc948ea3bb3f7b90b604f12e9175f0511101f45
2026-07-21T22:18:48Z,perp-gate,0.010000,0x65bb932d9987f1d1a98b8942a3fa98cb28ec073b,eip155:196,settled,v2-header,
2026-07-21T22:18:51Z,perp-gate,0.010000,0x65bb932d9987f1d1a98b8942a3fa98cb28ec073b,eip155:196,settled,v2-header,0xd05f1be232e591f3409e085e82317137756a9ea354a31d9110ae20cbdf90ed78
2026-07-21T22:18:53Z,perp-gate,0.010000,0x65bb932d9987f1d1a98b8942a3fa98cb28ec073b,eip155:196,settled,v2-header,0x5c5d3bc2da0989fd7a99b6a9df0a5a702669e43dc69358310ba943ae4bbb6fc4
2026-07-21T22:33:58Z,perp-gate,0.010000,0x65bb932d9987f1d1a98b8942a3fa98cb28ec073b,eip155:196,settled,v2-header,0x9a2d5abf41b76ed8d0b80752b5ec531560eda2d925e68db4f2cfcba4ff314538
2026-07-21T22:34:00Z,perp-gate,0.010000,0x65bb932d9987f1d1a98b8942a3fa98cb28ec073b,eip155:196,settled,v2-header,0x65c180be41a4e9bc82e4fd3bd587b7ceb2c7b6d306c426d682a506b421b5dc34
2026-07-21T22:34:03Z,perp-gate,0.010000,0x65bb932d9987f1d1a98b8942a3fa98cb28ec073b,eip155:196,settled,v2-header,0x0927b5577e9bf8002cbae6436380022ddde210561e115385e36eb76f5e50bca8
2026-07-21T22:49:08Z,updown-pulse,0.010000,0x65bb932d9987f1d1a98b8942a3fa98cb28ec073b,eip155:196,settled,v2-header,0x1347c8b34c589061ab3dd82a9f21c4cb4e5d30253f1c8cbc332895f0e43af2a5
2026-07-21T22:49:13Z,updown-pulse,0.010000,0x65bb932d9987f1d1a98b8942a3fa98cb28ec073b,eip155:196,settled,v2-header,0x63590601ef226d3903ea5ce7a74feb1da1b18f09e86cb9782e760262684229d0
2026-07-21T22:49:16Z,loop-digest,0.010000,0x65bb932d9987f1d1a98b8942a3fa98cb28ec073b,eip155:196,settled,v2-header,0xb172042b17898d1db40e1bf42a6f04ec6a2efe149240fafb2c1b7bd53c56c34f
2026-07-21T22:49:19Z,perp-gate,0.010000,0x65bb932d9987f1d1a98b8942a3fa98cb28ec073b,eip155:196,settled,v2-header,0xfb3da1da42a240f827687f3dbf87471dcd063d92cc8455c6e79282c6914ede49
2026-07-21T22:49:21Z,perp-gate,0.010000,0x65bb932d9987f1d1a98b8942a3fa98cb28ec073b,eip155:196,settled,v2-header,0xe8e8d1db7b4faa7556fcc363b5fa8ca45cc0f68e46227dcc935fc99d873e8454
2026-07-21T22:49:24Z,perp-gate,0.010000,0x65bb932d9987f1d1a98b8942a3fa98cb28ec073b,eip155:196,settled,v2-header,0x6f9328881cc64777a11b1f1b4de5ef3907812f184d95a9e9e71c3985159d797e
2026-07-21T22:49:26Z,portfolio-gate,0.050000,0x65bb932d9987f1d1a98b8942a3fa98cb28ec073b,eip155:196,settled,v2-header,0x51fd152e64778d3e280b3b6381a1011983deef9c769ce02dbd89e85517206518
2026-07-21T23:04:32Z,perp-gate,0.010000,0x65bb932d9987f1d1a98b8942a3fa98cb28ec073b,eip155:196,settled,v2-header,0xe809377e351317c8e16f528447c861e37d017cc6bea182f61faf80ec1c28b18d
2026-07-21T23:04:34Z,perp-gate,0.010000,0x65bb932d9987f1d1a98b8942a3fa98cb28ec073b,eip155:196,settled,v2-header,0x69ac2b54877ee0877119d73615c8fffad8d680dbc761b0c4f1fc019afd95e825
2026-07-21T23:04:36Z,perp-gate,0.010000,0x65bb932d9987f1d1a98b8942a3fa98cb28ec073b,eip155:196,settled,v2-header,0x7bc039a7629d387afb265613c5b46076be9c61ab7cc98bbdc59dcbb03f8bf78e
2026-07-21T23:19:41Z,macro-sentry,0.005000,0x65bb932d9987f1d1a98b8942a3fa98cb28ec073b,eip155:196,settled,v2-header,0xb331a82db0a4180d204110577f0294196373ce11853c10abe66b39853a7b8246
2026-07-21T23:19:44Z,updown-pulse,0.010000,0x65bb932d9987f1d1a98b8942a3fa98cb28ec073b,eip155:196,settled,v2-header,0x086830e6f9621293e926dc307049a698a590504a9e2716487da693efd9ea0c39
2026-07-21T23:19:47Z,updown-pulse,0.010000,0x65bb932d9987f1d1a98b8942a3fa98cb28ec073b,eip155:196,settled,v2-header,0xcbaafc7eb0a7e157aa0e398f71fc4ef8033c838d7243dcf276cdc0d9d0720c92
2026-07-21T23:19:49Z,loop-digest,0.010000,0x65bb932d9987f1d1a98b8942a3fa98cb28ec073b,eip155:196,settled,v2-header,0xd3584494575f697b8e05818bd890388af73afbdd69341c108803ab4c33171229
2026-07-21T23:19:53Z,perp-gate,0.010000,0x65bb932d9987f1d1a98b8942a3fa98cb28ec073b,eip155:196,settled,v2-header,0xb1897a7e185cd5eea30b751612ef29b487dde3d143cf1189fba52cc105d93e7d
2026-07-21T23:19:55Z,perp-gate,0.010000,0x65bb932d9987f1d1a98b8942a3fa98cb28ec073b,eip155:196,settled,v2-header,0xdd373148cf11b7df19340d2a25c74d2516662e980c568a4f7a320f4f3aa53fef
2026-07-21T23:19:58Z,perp-gate,0.010000,0x65bb932d9987f1d1a98b8942a3fa98cb28ec073b,eip155:196,settled,v2-header,0xf568e4832979efbb66952b8d79f021c44c357222f9e8cd1826adb083317ae878
2026-07-21T23:35:03Z,perp-gate,0.010000,0x65bb932d9987f1d1a98b8942a3fa98cb28ec073b,eip155:196,settled,v2-header,0x512bc2674e643886a95635824ccb84c7b0b5a45c46ff922e1918ed975951e360
2026-07-21T23:35:05Z,perp-gate,0.010000,0x65bb932d9987f1d1a98b8942a3fa98cb28ec073b,eip155:196,settled,v2-header,0x190738b416a7cfda60668b1a4dfb8422ec2522939663e5c6327677ed0f2a4807
2026-07-21T23:35:07Z,perp-gate,0.010000,0x65bb932d9987f1d1a98b8942a3fa98cb28ec073b,eip155:196,settled,v2-header,0x845bfe32c408292a35711a51bb81dccff932185c2ee26fa626ef4fcc65b03cea
2026-07-21T23:50:12Z,updown-pulse,0.010000,0x65bb932d9987f1d1a98b8942a3fa98cb28ec073b,eip155:196,settled,v2-header,0x5fb074e39394fc07762d8e5d4e49421bed47f08bee151e56da0fbcc916827a73
2026-07-21T23:50:15Z,updown-pulse,0.010000,0x65bb932d9987f1d1a98b8942a3fa98cb28ec073b,eip155:196,settled,v2-header,0xbd4356e2cc576a32de73cbd830af8e8029ab425e37e823dfc1299234bdb8fa56
2026-07-21T23:50:19Z,loop-digest,0.010000,0x65bb932d9987f1d1a98b8942a3fa98cb28ec073b,eip155:196,settled,v2-header,0x2d3e18a8df36daab845f40b78c46d73c51ab7a80e8db27deea643ebc57dec576
2026-07-21T23:50:22Z,perp-gate,0.010000,0x65bb932d9987f1d1a98b8942a3fa98cb28ec073b,eip155:196,settled,v2-header,0x52baf910c25d5a44dd842a36d45d693462f1f8e197689167f7b1d4921cf0fbe7
2026-07-21T23:50:24Z,perp-gate,0.010000,0x65bb932d9987f1d1a98b8942a3fa98cb28ec073b,eip155:196,settled,v2-header,0x3fee3e0d5a30583c588700816a61da8bb28c95414abde468edb6bbcf5b9ca1e6
2026-07-21T23:50:27Z,perp-gate,0.010000,0x65bb932d9987f1d1a98b8942a3fa98cb28ec073b,eip155:196,settled,v2-header,0xf78517d9ea80e773672205ffed4a14bd29b252fba81533cbf90224058b611ec7
2026-07-21T23:50:29Z,portfolio-gate,0.050000,0x65bb932d9987f1d1a98b8942a3fa98cb28ec073b,eip155:196,settled,v2-header,0xdb211dd40818fa78153d62fa8aa723f581a91d68488690a558d5433c3f4be69c
2026-07-22T00:05:35Z,perp-gate,0.010000,0x65bb932d9987f1d1a98b8942a3fa98cb28ec073b,eip155:196,settled,v2-header,0x1d230732c75d2daef3bb2c523d88b6c84099e349119c36e979e2bc73ba7d2293
2026-07-22T00:05:38Z,perp-gate,0.010000,0x65bb932d9987f1d1a98b8942a3fa98cb28ec073b,eip155:196,settled,v2-header,0xe40d4d622563a7fa20bbb341e0cb5458055580acdf9f86b20ca801e9e3e553c5
2026-07-22T00:05:40Z,perp-gate,0.010000,0x65bb932d9987f1d1a98b8942a3fa98cb28ec073b,eip155:196,settled,v2-header,0xc1cd34d335d8680bb49527282ccf4bfcaab09a6124d446d2c1eeb4449c4b9713
2026-07-22T00:05:43Z,tape-pulse,0.010000,0x65bb932d9987f1d1a98b8942a3fa98cb28ec073b,eip155:196,settled,v2-header,0x4d6506e821918f23dc39bcc58e22ca6c21e609f6705c8f854ca1060644352a65
2026-07-22T00:05:51Z,portfolio-gate,0.050000,0x65bb932d9987f1d1a98b8942a3fa98cb28ec073b,eip155:196,settled,v2-header,0xe440ca7bcf4e006fda11eb207a918755bf806ff3f0037c2f8af4e5e5c583e72e
2026-07-22T00:20:56Z,macro-sentry,0.005000,0x65bb932d9987f1d1a98b8942a3fa98cb28ec073b,eip155:196,settled,v2-header,0xf4e0845204a08fdff9ed2088f1ec25efd8e3517a4e8b8dcffbb70ba85f33acc4
2026-07-22T00:20:59Z,options-desk,0.010000,0x65bb932d9987f1d1a98b8942a3fa98cb28ec073b,eip155:196,settled,v2-header,0x0778a0faffe0f494c4f72adf5ac530930fa2b99972fd600e895bf2a007b9cf8e
2026-07-22T00:21:02Z,updown-pulse,0.010000,0x65bb932d9987f1d1a98b8942a3fa98cb28ec073b,eip155:196,settled,v2-header,0x45bf101d07c89710a1d64264977afe7cb19a581fe1262b3192e949da99022540
2026-07-22T00:21:05Z,updown-pulse,0.010000,0x65bb932d9987f1d1a98b8942a3fa98cb28ec073b,eip155:196,settled,v2-header,0xa0c11552a5d6cb6a070954ecf6abc4f6003292c4b3b4e0d8d4b960d3629e5ee4
2026-07-22T00:21:07Z,loop-digest,0.010000,0x65bb932d9987f1d1a98b8942a3fa98cb28ec073b,eip155:196,settled,v2-header,0x9058fe671d4e51c43e85b6d10db0a567e6873a93ae1343d8ce353b7c9bebca65
2026-07-22T00:21:11Z,perp-gate,0.010000,0x65bb932d9987f1d1a98b8942a3fa98cb28ec073b,eip155:196,settled,v2-header,0x56d2f6c8c39df4774b24227635e2b875d308b42bbff0169c8d3f2306c4fc0b49
2026-07-22T00:21:13Z,perp-gate,0.010000,0x65bb932d9987f1d1a98b8942a3fa98cb28ec073b,eip155:196,settled,v2-header,0xea1a9d6deec01ef0d1bfe2295ee355369169eb7f23be53e96f7eb4bf786c4d3f
2026-07-22T00:21:16Z,perp-gate,0.010000,0x65bb932d9987f1d1a98b8942a3fa98cb28ec073b,eip155:196,settled,v2-header,0xef203fb85a91c43b679120c114ef20772f22c8d426e94aae5063b30e99409e04
2026-07-22T00:36:20Z,perp-gate,0.010000,0x65bb932d9987f1d1a98b8942a3fa98cb28ec073b,eip155:196,settled,v2-header,0x352a32b8fbb688bc2c355c3ffdd820a8e6b4ea6b61ceec9aa1f4faf2a8d1bcf4
2026-07-22T00:36:23Z,perp-gate,0.010000,0x65bb932d9987f1d1a98b8942a3fa98cb28ec073b,eip155:196,settled,v2-header,0x36bb90edd92023700f2b52c8465b911c7ab57a62fd2440e45e2c3233b292c01c
2026-07-22T00:36:25Z,perp-gate,0.010000,0x65bb932d9987f1d1a98b8942a3fa98cb28ec073b,eip155:196,settled,v2-header,0xefbafc5a00ffc926f7a187c6394e86a2e03d2e1905d12029121d9f2a35f89896
2026-07-22T00:51:30Z,updown-pulse,0.010000,0x65bb932d9987f1d1a98b8942a3fa98cb28ec073b,eip155:196,settled,v2-header,0xa781a954ec815d2f3f8698959e1a7d7039e06fc78a139ff96f71136dfa5796e6
2026-07-22T00:51:33Z,updown-pulse,0.010000,0x65bb932d9987f1d1a98b8942a3fa98cb28ec073b,eip155:196,settled,v2-header,0x8fd233cf9252e99658e56673d8abe07c504ad3786cd513f275a814dff89d2000
2026-07-22T00:51:35Z,loop-digest,0.010000,0x65bb932d9987f1d1a98b8942a3fa98cb28ec073b,eip155:196,settled,v2-header,0x79834806fdd1e7d9bcffe7ae2d0e76d5fe1f142ccfe5765c9d94b0d6361d7c3b
2026-07-22T00:51:38Z,perp-gate,0.010000,0x65bb932d9987f1d1a98b8942a3fa98cb28ec073b,eip155:196,settled,v2-header,0x9481af17b85d9ff145dc99b9455c3d84a63ce123196d687e0fc128b3f4c6771f
2026-07-22T00:51:41Z,perp-gate,0.010000,0x65bb932d9987f1d1a98b8942a3fa98cb28ec073b,eip155:196,settled,v2-header,0x1dafde50c404b825fddbe0b193ebb83a1b3640854d2358adf7fa810f6302dce8
2026-07-22T00:51:43Z,perp-gate,0.010000,0x65bb932d9987f1d1a98b8942a3fa98cb28ec073b,eip155:196,settled,v2-header,0x2647cf714506a3c187e80b5d30de9a9a134259b072402e1849f2aaf93c4fc245
2026-07-22T00:51:46Z,portfolio-gate,0.050000,0x65bb932d9987f1d1a98b8942a3fa98cb28ec073b,eip155:196,settled,v2-header,0x0da7af6fcefbac6bb888e1df2a3ef1ba59ba36ff6b38a72c250b52807f26ef37
2026-07-22T01:06:51Z,perp-gate,0.010000,0x65bb932d9987f1d1a98b8942a3fa98cb28ec073b,eip155:196,settled,v2-header,0x358f53b11aa8ce823b31e3b41ffb0bdd4e7366d49caebd61086a286e5f4312fd
2026-07-22T01:06:53Z,perp-gate,0.010000,0x65bb932d9987f1d1a98b8942a3fa98cb28ec073b,eip155:196,settled,v2-header,0x09c9405afa6801fea45d430a66952301c677a11ff2d23f1f5bb1d2f0784e47d1
2026-07-22T01:06:56Z,perp-gate,0.010000,0x65bb932d9987f1d1a98b8942a3fa98cb28ec073b,eip155:196,settled,v2-header,0x9be02fd44c68719d50cae9b5a951cb3a89546699bab355fe5c32fbc30c55ee3e
2026-07-22T01:22:00Z,macro-sentry,0.005000,0x65bb932d9987f1d1a98b8942a3fa98cb28ec073b,eip155:196,settled,v2-header,0xa2458e2616cd57f4fa173aac77539e650444d4ad03bc5dd049808c79006091a8
2026-07-22T01:22:03Z,updown-pulse,0.010000,0x65bb932d9987f1d1a98b8942a3fa98cb28ec073b,eip155:196,settled,v2-header,0x665d2d587209545ee403c798bf16c159c8cdbce0647d1f063ead232148818eb2
2026-07-22T01:22:06Z,updown-pulse,0.010000,0x65bb932d9987f1d1a98b8942a3fa98cb28ec073b,eip155:196,settled,v2-header,0xd1554f5a6dd40474d5ffc7c6ea0c1163c566b2dc251c550449c68fe6ced50995
2026-07-22T01:22:08Z,loop-digest,0.010000,0x65bb932d9987f1d1a98b8942a3fa98cb28ec073b,eip155:196,settled,v2-header,0xa8d354638c60cf5c892887594d549113a7dcf2eaa2d2dad1adbcfe3fac884651
2026-07-22T01:22:12Z,perp-gate,0.010000,0x65bb932d9987f1d1a98b8942a3fa98cb28ec073b,eip155:196,settled,v2-header,0xa43b9b6695a4ada719482e5fc9662115e878cbbc2138813809d4c07d503560ac
2026-07-22T01:22:14Z,perp-gate,0.010000,0x65bb932d9987f1d1a98b8942a3fa98cb28ec073b,eip155:196,settled,v2-header,0x5a46214083da89de0fe5d4ab28b7b1e966fd6e278d6c2ee2753f1df0a3815eb7
2026-07-22T01:22:17Z,perp-gate,0.010000,0x65bb932d9987f1d1a98b8942a3fa98cb28ec073b,eip155:196,settled,v2-header,0x8fc7229d706cb60eeba23a523286bd446416f77b3f1191ba8a6b1bdc38d7f3be
2026-07-22T01:37:22Z,perp-gate,0.010000,0x65bb932d9987f1d1a98b8942a3fa98cb28ec073b,eip155:196,settled,v2-header,0x94791de1c161f1d8c7aa0952118da75510505759440ae201786b92bc009b0b49
2026-07-22T01:37:24Z,perp-gate,0.010000,0x65bb932d9987f1d1a98b8942a3fa98cb28ec073b,eip155:196,settled,v2-header,0xb591b2202dbe0abd8a9cae55e46b0ead34d2ed23a024a579d16d6e2dd9dddf3d
2026-07-22T01:37:27Z,perp-gate,0.010000,0x65bb932d9987f1d1a98b8942a3fa98cb28ec073b,eip155:196,settled,v2-header,0xfafe036a1307c3b753bd4334a6a16ec9391dae30133daf4353d2bacefc1fcb1a
2026-07-22T01:52:31Z,updown-pulse,0.010000,0x65bb932d9987f1d1a98b8942a3fa98cb28ec073b,eip155:196,settled,v2-header,0xdece159e3275b1a834947865d2310b9467612b52201dde73c1e104871e62a134
2026-07-22T01:52:34Z,updown-pulse,0.010000,0x65bb932d9987f1d1a98b8942a3fa98cb28ec073b,eip155:196,settled,v2-header,0x6bac656d12c4e576c00a9791cc2dcfd058b72b68e93f2ea7e88a767ddb49afff
2026-07-22T01:52:37Z,loop-digest,0.010000,0x65bb932d9987f1d1a98b8942a3fa98cb28ec073b,eip155:196,settled,v2-header,0x9744c4e6b8df8689fe8e379521f51db713638d5f5d67a0b3ca9021e40d499024
2026-07-22T01:52:39Z,perp-gate,0.010000,0x65bb932d9987f1d1a98b8942a3fa98cb28ec073b,eip155:196,settled,v2-header,
2026-07-22T01:52:41Z,perp-gate,0.010000,0x65bb932d9987f1d1a98b8942a3fa98cb28ec073b,eip155:196,settled,v2-header,
2026-07-22T01:52:43Z,perp-gate,0.010000,0x65bb932d9987f1d1a98b8942a3fa98cb28ec073b,eip155:196,settled,v2-header,
2026-07-22T01:52:45Z,portfolio-gate,0.050000,0x65bb932d9987f1d1a98b8942a3fa98cb28ec073b,eip155:196,settled,v2-header,0xa521098afa3137605aceb5d29ab235b66e1c0d1ff1a7f5da399b24e26b39a2a7
2026-07-22T02:01:24Z,perp-gate,0.010000,0x65bb932d9987f1d1a98b8942a3fa98cb28ec073b,eip155:196,settled,v2-header,0xbef2409b5f26d5d65e58276cbaaf75134e6619522633d6f61ceea65d2e58d39e
2026-07-22T02:01:27Z,perp-gate,0.010000,0x65bb932d9987f1d1a98b8942a3fa98cb28ec073b,eip155:196,settled,v2-header,0xa97002a98a39af316b0ae7f3e16759ed80163c5ced78fb36a388e1fa173275cd
2026-07-22T02:01:29Z,perp-gate,0.010000,0x65bb932d9987f1d1a98b8942a3fa98cb28ec073b,eip155:196,settled,v2-header,0x30530763efb523d357e993e1ebbdb5528c2fddd19e4a449881b026a463987aef
2026-07-22T02:03:49Z,perp-gate,0.010000,0x65bb932d9987f1d1a98b8942a3fa98cb28ec073b,eip155:196,settled,v2-header,0x537281096ed0f0909c08eebb59984eb037ed46ad3e7e9f7a4288d79e90ae06e8
2026-07-22T02:03:51Z,perp-gate,0.010000,0x65bb932d9987f1d1a98b8942a3fa98cb28ec073b,eip155:196,settled,v2-header,0xbbe3d792c39f61b164bb6e3e657e20f10b0c1a39af8f5e6f082782f3c1a193e2
2026-07-22T02:03:54Z,perp-gate,0.010000,0x65bb932d9987f1d1a98b8942a3fa98cb28ec073b,eip155:196,settled,v2-header,0x71446e8fc3f1baa0dd5952bdecf8a2826ed1fdecf34cddf246707930a2c64979
2026-07-22T02:05:48Z,perp-gate,0.010000,0x65bb932d9987f1d1a98b8942a3fa98cb28ec073b,eip155:196,settled,v2-header,
2026-07-22T02:05:50Z,perp-gate,0.010000,0x65bb932d9987f1d1a98b8942a3fa98cb28ec073b,eip155:196,settled,v2-header,
2026-07-22T02:05:52Z,perp-gate,0.010000,0x65bb932d9987f1d1a98b8942a3fa98cb28ec073b,eip155:196,settled,v2-header,
2026-07-22T02:16:54Z,perp-gate,0.010000,0x65bb932d9987f1d1a98b8942a3fa98cb28ec073b,eip155:196,settled,v2-header,
2026-07-22T02:16:55Z,perp-gate,0.010000,0x65bb932d9987f1d1a98b8942a3fa98cb28ec073b,eip155:196,settled,v2-header,
2026-07-22T02:16:57Z,perp-gate,0.010000,0x65bb932d9987f1d1a98b8942a3fa98cb28ec073b,eip155:196,settled,v2-header,
2026-07-22T02:32:02Z,macro-sentry,0.005000,0x65bb932d9987f1d1a98b8942a3fa98cb28ec073b,eip155:196,settled,v2-header,0x818f4fa1859c1e8e31654954c8f06781b6c80bc8a3086358215bcc7457446bc4
2026-07-22T02:32:06Z,options-desk,0.010000,0x65bb932d9987f1d1a98b8942a3fa98cb28ec073b,eip155:196,settled,v2-header,0x73061a3f7c1ecda6c00a669bea74297abd28a7c7aab7de68592e184d5ff3b930
2026-07-22T02:32:08Z,updown-pulse,0.010000,0x65bb932d9987f1d1a98b8942a3fa98cb28ec073b,eip155:196,settled,v2-header,0x412062b222246829d5ed12918c49ae3fb10d3a679f9c2925706e5a7c8902f259
2026-07-22T02:32:11Z,updown-pulse,0.010000,0x65bb932d9987f1d1a98b8942a3fa98cb28ec073b,eip155:196,settled,v2-header,0x1960bb49378b65d4c88facae3da30eaa5cdac1f1cb5a0ac4a8f8c3b069f6b57f
2026-07-22T02:32:14Z,loop-digest,0.010000,0x65bb932d9987f1d1a98b8942a3fa98cb28ec073b,eip155:196,settled,v2-header,0xdb2ce78bac32b1332c0c794259cb562f90a2d2d69c676518317bc9905601c447
2026-07-22T02:32:17Z,perp-gate,0.010000,0x65bb932d9987f1d1a98b8942a3fa98cb28ec073b,eip155:196,settled,v2-header,0x98e3e88f4d673b14ff41da7f3bc4dea01e9cab9742829df7f5594ac5fbddb008
2026-07-22T02:32:20Z,perp-gate,0.010000,0x65bb932d9987f1d1a98b8942a3fa98cb28ec073b,eip155:196,settled,v2-header,0x46af7d75ceb16168c66cc6b7af4b7d1f86cb594485ae3c254eb290a883c4a4c7
2026-07-22T02:32:23Z,perp-gate,0.010000,0x65bb932d9987f1d1a98b8942a3fa98cb28ec073b,eip155:196,settled,v2-header,0x851c08d6962fe1c488078e2d1dd7e774a2bc64f986c675ffc8f31e543cc76993
2026-07-22T02:47:29Z,perp-gate,0.010000,0x65bb932d9987f1d1a98b8942a3fa98cb28ec073b,eip155:196,settled,v2-header,0xb3a0fabcc72eff110dc21b20fde44c511ea0266b1b1badd3b79a50d0c0cab26c
2026-07-22T02:47:31Z,perp-gate,0.010000,0x65bb932d9987f1d1a98b8942a3fa98cb28ec073b,eip155:196,settled,v2-header,0x4c6f0b85ff294c14f5c30e04b52e773c16cc788e190a060ab33452ca11e99080
2026-07-22T02:47:33Z,perp-gate,0.010000,0x65bb932d9987f1d1a98b8942a3fa98cb28ec073b,eip155:196,settled,v2-header,0x2760aa67f42ced80a61615706979d7bb182e5755ec620f9e4e476215b9ad6929
2026-07-22T03:02:38Z,updown-pulse,0.010000,0x65bb932d9987f1d1a98b8942a3fa98cb28ec073b,eip155:196,settled,v2-header,0xf0e35ad7bb156f06cd5d2ae97a122d75ada56ad611770bc025554d4f9cc4f711
2026-07-22T03:02:42Z,updown-pulse,0.010000,0x65bb932d9987f1d1a98b8942a3fa98cb28ec073b,eip155:196,settled,v2-header,0x819060a82a37f72bfae9468501202d6f7a0776080f349febe63835d19db9c5ec
2026-07-22T03:02:44Z,loop-digest,0.010000,0x65bb932d9987f1d1a98b8942a3fa98cb28ec073b,eip155:196,settled,v2-header,0xf3d6517f735e30b26e02e346c3d3b63edaa258270202d033d5c62e508d0da0e5
2026-07-22T03:02:46Z,perp-gate,0.010000,0x65bb932d9987f1d1a98b8942a3fa98cb28ec073b,eip155:196,settled,v2-header,
2026-07-22T03:02:48Z,perp-gate,0.010000,0x65bb932d9987f1d1a98b8942a3fa98cb28ec073b,eip155:196,settled,v2-header,
2026-07-22T03:02:50Z,perp-gate,0.010000,0x65bb932d9987f1d1a98b8942a3fa98cb28ec073b,eip155:196,settled,v2-header,
2026-07-22T03:02:52Z,portfolio-gate,0.050000,0x65bb932d9987f1d1a98b8942a3fa98cb28ec073b,eip155:196,settled,v2-header,0xbba72ca1676940a6f2b6c8ca514f11e1ec62cca400d988efee88c7ed2ebe3460
2026-07-22T03:17:57Z,perp-gate,0.010000,0x65bb932d9987f1d1a98b8942a3fa98cb28ec073b,eip155:196,settled,v2-header,0xdfaebf4f87b4898f16416c237f3963a79583c3b93b34d8af21e0dc83b94be8f4
2026-07-22T03:18:00Z,perp-gate,0.010000,0x65bb932d9987f1d1a98b8942a3fa98cb28ec073b,eip155:196,settled,v2-header,0x20526be49c40b62e231663518bfdd2e4cff8589f3a6ec21092c6dde8ea0cce3e
2026-07-22T03:18:02Z,perp-gate,0.010000,0x65bb932d9987f1d1a98b8942a3fa98cb28ec073b,eip155:196,settled,v2-header,0x6d2138fd3cca5d98c395d0c29d9620d6b2b067f4a80b0e3db3bb0e03ce6bd0c0
2026-07-22T03:33:06Z,macro-sentry,0.005000,0x65bb932d9987f1d1a98b8942a3fa98cb28ec073b,eip155:196,settled,v2-header,0x37f36a22fd9e8c95b87c8aa69684423702cc9b37848e1266c08039ff3961cefc
2026-07-22T03:33:09Z,updown-pulse,0.010000,0x65bb932d9987f1d1a98b8942a3fa98cb28ec073b,eip155:196,settled,v2-header,0xef4b48f2952b6affbe58971cce6d711677590e753891f3ca70055fd07edf3cc8
2026-07-22T03:33:11Z,updown-pulse,0.010000,0x65bb932d9987f1d1a98b8942a3fa98cb28ec073b,eip155:196,settled,v2-header,0x9c9bdd9e2b58b71a18bada731e9c0e243514da6aba153c7725880ae9c045a7b2
2026-07-22T03:33:14Z,loop-digest,0.010000,0x65bb932d9987f1d1a98b8942a3fa98cb28ec073b,eip155:196,settled,v2-header,0x75ccc2f651b980e8dc55449bda551bef857bc32b589ed7f2abe7c5d74093e3f6
2026-07-22T03:33:17Z,perp-gate,0.010000,0x65bb932d9987f1d1a98b8942a3fa98cb28ec073b,eip155:196,settled,v2-header,0x23562c5a625ef2a74ae6e7d8568315a6857540124decb1042731c04c01a7149c
2026-07-22T03:33:20Z,perp-gate,0.010000,0x65bb932d9987f1d1a98b8942a3fa98cb28ec073b,eip155:196,settled,v2-header,0xbd94f7258718bd79a2efb661c233f3b9645bb826f6199c7854a8c8c6194c8bb5
2026-07-22T03:33:22Z,perp-gate,0.010000,0x65bb932d9987f1d1a98b8942a3fa98cb28ec073b,eip155:196,settled,v2-header,0x0d29efa6ebed0b9bca4c2482c33317f8651d847938675485b6b7ac43f23f7aa7
2026-07-22T03:48:27Z,perp-gate,0.010000,0x65bb932d9987f1d1a98b8942a3fa98cb28ec073b,eip155:196,settled,v2-header,0x8fa665c688456e14967316944ff9cc8e1c59580c968f73a395655846927ed686
2026-07-22T03:48:30Z,perp-gate,0.010000,0x65bb932d9987f1d1a98b8942a3fa98cb28ec073b,eip155:196,settled,v2-header,0xfd0f20bb8d4a89ce5a66dcac54297903cb4854c11c464c9dbcc81f277050879e
2026-07-22T03:48:32Z,perp-gate,0.010000,0x65bb932d9987f1d1a98b8942a3fa98cb28ec073b,eip155:196,settled,v2-header,0xe09a3dc663a3ed6f01b062399d18e61cae1d5154c58372ec978110b7b7e099c2
2026-07-22T03:48:36Z,exec-verify,0.010000,0x65bb932d9987f1d1a98b8942a3fa98cb28ec073b,eip155:196,settled,v2-header,0x45588be0772edce9d52053b9df4238a9a0dce3128513679ec221a2a417e32538
2026-07-22T04:03:40Z,updown-pulse,0.010000,0x65bb932d9987f1d1a98b8942a3fa98cb28ec073b,eip155:196,settled,v2-header,0x83f7fce07e1575b5eb651c98dbd3aa65b293a9612469c41850b80400291b941f
2026-07-22T04:03:43Z,updown-pulse,0.010000,0x65bb932d9987f1d1a98b8942a3fa98cb28ec073b,eip155:196,settled,v2-header,0x37d728cc26db388cadcc0be5a27d1a0feb4f25fd9175e6a67674ab866d0c3cc6
2026-07-22T04:03:46Z,loop-digest,0.010000,0x65bb932d9987f1d1a98b8942a3fa98cb28ec073b,eip155:196,settled,v2-header,0x56149a4173653484453e87a2006e3c29ad0f7821394701edd541f68b33539d60
2026-07-22T04:03:49Z,perp-gate,0.010000,0x65bb932d9987f1d1a98b8942a3fa98cb28ec073b,eip155:196,settled,v2-header,0x3be596990eebc9362233d6744ddcbebfcf6a50a0a9a631c843acd91c56988b61
2026-07-22T04:03:52Z,perp-gate,0.010000,0x65bb932d9987f1d1a98b8942a3fa98cb28ec073b,eip155:196,settled,v2-header,0x61b540ca6e6168c1c1aba76707456acbc28527834f9fdba816070c5e05f027ae
2026-07-22T04:03:54Z,perp-gate,0.010000,0x65bb932d9987f1d1a98b8942a3fa98cb28ec073b,eip155:196,settled,v2-header,0x496cc8ad05af7f6b1b031b64f9d5942bd6ed45b9f127e3e2f3894ba56bcf8152
2026-07-22T04:03:56Z,portfolio-gate,0.050000,0x65bb932d9987f1d1a98b8942a3fa98cb28ec073b,eip155:196,settled,v2-header,0x458921fe16fbc67767e2166b19032e7593ad1d89f1233d9e8b15f31800b02e33
2026-07-22T04:19:01Z,perp-gate,0.010000,0x65bb932d9987f1d1a98b8942a3fa98cb28ec073b,eip155:196,settled,v2-header,0x970952db6fed5f5131ea7678244025b4bc62dae2d78bf7d2897761c811292a5f
2026-07-22T04:19:04Z,perp-gate,0.010000,0x65bb932d9987f1d1a98b8942a3fa98cb28ec073b,eip155:196,settled,v2-header,0x39df6ac0939a5f4816878dd54a5992f834ad85b9e87594ce4ed1bb77b09655e6
2026-07-22T04:19:06Z,perp-gate,0.010000,0x65bb932d9987f1d1a98b8942a3fa98cb28ec073b,eip155:196,settled,v2-header,0xc79a8f1f15031af723211392b16b22cbec84591f1787f4c0f67b9ed68dd14ad8
2026-07-22T04:19:09Z,protocol-pulse,0.010000,0x65bb932d9987f1d1a98b8942a3fa98cb28ec073b,eip155:196,settled,v2-header,0x66a72e996ddc89e2a92e2e479f59a51da5386d387a84487c9fd799e9a3a14f0a
2026-07-22T04:34:14Z,macro-sentry,0.005000,0x65bb932d9987f1d1a98b8942a3fa98cb28ec073b,eip155:196,settled,v2-header,0x03cb0202b47eadd71b16a8b7dd6aa068ed0591ac128440102e9be328579ce088
2026-07-22T04:34:20Z,options-desk,0.010000,0x65bb932d9987f1d1a98b8942a3fa98cb28ec073b,eip155:196,settled,v2-header,0x3de7da6e41992b315885461f6ee74e671233109d4d7ee5f9cbf393e5f6da2a14
2026-07-22T04:34:22Z,updown-pulse,0.010000,0x65bb932d9987f1d1a98b8942a3fa98cb28ec073b,eip155:196,settled,v2-header,0x132008278d045a8f83f9899d358ed29ddbae2b1a67460d4b5a88dc2131a0a67d
2026-07-22T04:34:25Z,updown-pulse,0.010000,0x65bb932d9987f1d1a98b8942a3fa98cb28ec073b,eip155:196,settled,v2-header,0x1fb83972a0596205faecf30817069a4670018a8cfa399223c3f5ca4c675b20cc
2026-07-22T04:34:28Z,loop-digest,0.010000,0x65bb932d9987f1d1a98b8942a3fa98cb28ec073b,eip155:196,settled,v2-header,0x72f14a47739ce462f0de6c1e597883fae7186623939728c4621cb4ae3420df31
2026-07-22T04:34:31Z,perp-gate,0.010000,0x65bb932d9987f1d1a98b8942a3fa98cb28ec073b,eip155:196,settled,v2-header,0xd0c54e4de4cb05385394c1496395aa99992a65f5be11d07e7df9dc8951f0c609
2026-07-22T04:34:34Z,perp-gate,0.010000,0x65bb932d9987f1d1a98b8942a3fa98cb28ec073b,eip155:196,settled,v2-header,0x34a1971ce0dbbe9280ef0747dde2e4a525795b822dd4dc00a9e41d47b9e1933a
2026-07-22T04:34:36Z,perp-gate,0.010000,0x65bb932d9987f1d1a98b8942a3fa98cb28ec073b,eip155:196,settled,v2-header,0x21c9f869cdc21f2967750b686f68057d01df1fe163d586207a890edd153f4f75
2026-07-22T04:49:42Z,perp-gate,0.010000,0x65bb932d9987f1d1a98b8942a3fa98cb28ec073b,eip155:196,settled,v2-header,0xb24699f7e6a85dd4823eb16d0d5a0f1de9e60f3f932b06d8fc14669ef22cb2df
2026-07-22T04:49:44Z,perp-gate,0.010000,0x65bb932d9987f1d1a98b8942a3fa98cb28ec073b,eip155:196,settled,v2-header,0x01423cf799ceec9ccd9cc3f85bc06733ef76349d58cec6eac087fef6c17ec684
2026-07-22T04:49:46Z,perp-gate,0.010000,0x65bb932d9987f1d1a98b8942a3fa98cb28ec073b,eip155:196,settled,v2-header,0xb760c7b9b7582bd13e09e45ba4b7c2e703d50480cd8ce687331bb4e4adf0e87d
2026-07-22T05:04:51Z,updown-pulse,0.010000,0x65bb932d9987f1d1a98b8942a3fa98cb28ec073b,eip155:196,settled,v2-header,0xd107486973591568235f36a6f2c9cc779f9db214dc6669eebd8fc36187e2c3aa
2026-07-22T05:04:54Z,updown-pulse,0.010000,0x65bb932d9987f1d1a98b8942a3fa98cb28ec073b,eip155:196,settled,v2-header,0x5b0d36f17dfa4147f70d2bfd2711187b23085705c1ee166e29774327bd84d92f
2026-07-22T05:04:57Z,loop-digest,0.010000,0x65bb932d9987f1d1a98b8942a3fa98cb28ec073b,eip155:196,settled,v2-header,0x063a7ff52efaf35de10974b32fe0b063d66e8c5ef79ea0bb3baf152452232d73
2026-07-22T05:04:59Z,perp-gate,0.010000,0x65bb932d9987f1d1a98b8942a3fa98cb28ec073b,eip155:196,settled,v2-header,
2026-07-22T05:05:02Z,perp-gate,0.010000,0x65bb932d9987f1d1a98b8942a3fa98cb28ec073b,eip155:196,settled,v2-header,0xee857735fb7c9f5714dca61290163d646b6600ba92679251fdba2fc12235581c
2026-07-22T05:05:05Z,perp-gate,0.010000,0x65bb932d9987f1d1a98b8942a3fa98cb28ec073b,eip155:196,settled,v2-header,0x8f855b9da6b744dbe63d8c10112a15b2ee3320e2b6dfd7c9252abc99235121b7
2026-07-22T05:05:07Z,portfolio-gate,0.050000,0x65bb932d9987f1d1a98b8942a3fa98cb28ec073b,eip155:196,settled,v2-header,0x402df091dbd3d26266bb5e2a537aec3a9f9f847253bb8edc6ceff3bbe3873f0e
2026-07-22T05:20:13Z,perp-gate,0.010000,0x65bb932d9987f1d1a98b8942a3fa98cb28ec073b,eip155:196,settled,v2-header,0xa3df883ecc20cbedadc2e1f193decd2fb9728ad66ff4655b54445b67b21bbb2f
2026-07-22T05:20:15Z,perp-gate,0.010000,0x65bb932d9987f1d1a98b8942a3fa98cb28ec073b,eip155:196,settled,v2-header,0xdf4e6e98ba1f7bfa6a6fec254f6a22edd244e436e04a7bd87fee03228bc88111
2026-07-22T05:20:17Z,perp-gate,0.010000,0x65bb932d9987f1d1a98b8942a3fa98cb28ec073b,eip155:196,settled,v2-header,0xede95714ff332e7b9f2403d9e7978abc37975d088d78aacac40b36e37fb635b8
2026-07-22T05:35:23Z,macro-sentry,0.005000,0x65bb932d9987f1d1a98b8942a3fa98cb28ec073b,eip155:196,settled,v2-header,0x0717bb73f72e8aaaa5ddbb097a256109043a9f636641000c5669d81a53d50228
2026-07-22T05:35:26Z,updown-pulse,0.010000,0x65bb932d9987f1d1a98b8942a3fa98cb28ec073b,eip155:196,settled,v2-header,0x3bd4a1341ede70f410766a9c2df62016747ca92ae3410894ba7a6643fdf2afac
2026-07-22T05:35:29Z,updown-pulse,0.010000,0x65bb932d9987f1d1a98b8942a3fa98cb28ec073b,eip155:196,settled,v2-header,0xa3d3a0df7158eca50078a39f65d81b33c9ac8f14e1e63cec8e68ed3323202e2b
2026-07-22T05:35:32Z,loop-digest,0.010000,0x65bb932d9987f1d1a98b8942a3fa98cb28ec073b,eip155:196,settled,v2-header,0xc711c4af4f595653d4b3d4df6cc749989a139675cce7abfdf1be15ee5a9a0e81
2026-07-22T05:35:35Z,perp-gate,0.010000,0x65bb932d9987f1d1a98b8942a3fa98cb28ec073b,eip155:196,settled,v2-header,0x0afbc4ebe432921343a704e57ad46592737940eee7ea6f6cd6ebc18caa4db13a
2026-07-22T05:35:38Z,perp-gate,0.010000,0x65bb932d9987f1d1a98b8942a3fa98cb28ec073b,eip155:196,settled,v2-header,0x8c455ea5375991e9d3d01e9f97c02f6fda2bba91308bf2023a8a22a686b94bf7
2026-07-22T05:35:40Z,perp-gate,0.010000,0x65bb932d9987f1d1a98b8942a3fa98cb28ec073b,eip155:196,settled,v2-header,0x0610cc1f17350592c954b57b4f8642385c247c12521b4668d714c53c5124a7e0
2026-07-22T05:50:45Z,perp-gate,0.010000,0x65bb932d9987f1d1a98b8942a3fa98cb28ec073b,eip155:196,settled,v2-header,0xae767f49a5aea5b0532d99dfa0eca62a193902422fe5f865c723f13441d02c6b
2026-07-22T05:50:48Z,perp-gate,0.010000,0x65bb932d9987f1d1a98b8942a3fa98cb28ec073b,eip155:196,settled,v2-header,0x337cb5693696faa4434a411402c37aa3dcdae7f08824e74961a7620943baf32f
2026-07-22T05:50:51Z,perp-gate,0.010000,0x65bb932d9987f1d1a98b8942a3fa98cb28ec073b,eip155:196,settled,v2-header,0xc92d4bd3044d1308009a0698eb60f9dc63fded85e62b4c7cfd24fa770a83b81a
2026-07-22T06:05:56Z,updown-pulse,0.010000,0x65bb932d9987f1d1a98b8942a3fa98cb28ec073b,eip155:196,settled,v2-header,0x6adfd66de02b8088d16346775ab0a2fcd821c6152b0e45f57ac7a1f2773ec8bf
2026-07-22T06:05:58Z,updown-pulse,0.010000,0x65bb932d9987f1d1a98b8942a3fa98cb28ec073b,eip155:196,settled,v2-header,0xab4be5e38a9bbbf8f42b235201dbad5eb16a87f4524a36c6fb1968efa9c28dee
2026-07-22T06:06:01Z,loop-digest,0.010000,0x65bb932d9987f1d1a98b8942a3fa98cb28ec073b,eip155:196,settled,v2-header,0x3da0e2ea21c2d2622ec07b3d1c53985a23fab140ce077dd470e682af5529e738
2026-07-22T06:06:05Z,perp-gate,0.010000,0x65bb932d9987f1d1a98b8942a3fa98cb28ec073b,eip155:196,settled,v2-header,0xe9d78ffbd7a5a5ca4aee1fabb30a24791c89622aac9e4049a9038869ae174295
2026-07-22T06:06:07Z,perp-gate,0.010000,0x65bb932d9987f1d1a98b8942a3fa98cb28ec073b,eip155:196,settled,v2-header,0x2769893ab19919b3bdc806b8879a3f6b649663ba02f23afac8bc8d39ef945f6f
2026-07-22T06:06:09Z,perp-gate,0.010000,0x65bb932d9987f1d1a98b8942a3fa98cb28ec073b,eip155:196,settled,v2-header,0xaf1257b479f666818d23a61cf11efb8720056f03ffd687198352f6fbf8805d72
2026-07-22T06:06:12Z,portfolio-gate,0.050000,0x65bb932d9987f1d1a98b8942a3fa98cb28ec073b,eip155:196,settled,v2-header,0x486506408ec6979c6d7a027b40e8b642df50051455c18f8aca737fc3f43cd924
2026-07-22T06:21:17Z,perp-gate,0.010000,0x65bb932d9987f1d1a98b8942a3fa98cb28ec073b,eip155:196,settled,v2-header,0x7e4b49c8cf9b73ac3d8e3ab48cc0d139b60a30bd26d122de0ebecf2bb709a79d
2026-07-22T06:21:19Z,perp-gate,0.010000,0x65bb932d9987f1d1a98b8942a3fa98cb28ec073b,eip155:196,settled,v2-header,0xe18255a135ccae6efa7d73e554c97d37d83c3cb702db3baeb22da1b13b9a04ac
2026-07-22T06:21:22Z,perp-gate,0.010000,0x65bb932d9987f1d1a98b8942a3fa98cb28ec073b,eip155:196,settled,v2-header,0x4aacf70ee4817e7cc31205cce0e49ed1f2d59c795d02585c52d60fcdea75a2ea
2026-07-22T06:36:26Z,macro-sentry,0.005000,0x65bb932d9987f1d1a98b8942a3fa98cb28ec073b,eip155:196,settled,v2-header,0x473d13277e1f6d17d712051bb1ee94bb1104632f7166b9df010f980806d6cb14
2026-07-22T06:36:30Z,options-desk,0.010000,0x65bb932d9987f1d1a98b8942a3fa98cb28ec073b,eip155:196,settled,v2-header,0x0e561449e3c7d60a367469c568ba320df3af71fe75a2dcd85738d8ef003aac2e
2026-07-22T06:36:33Z,updown-pulse,0.010000,0x65bb932d9987f1d1a98b8942a3fa98cb28ec073b,eip155:196,settled,v2-header,0x88dfd7dcbfdd8463b3f06ae98a4b7d92402e06f6f23f98fc321ed00277006dab
2026-07-22T06:36:36Z,updown-pulse,0.010000,0x65bb932d9987f1d1a98b8942a3fa98cb28ec073b,eip155:196,settled,v2-header,0x8058e23dffc2ab7bf597e98b7e6c50c023c1082953cdfde25bd1c2b6f842b826
2026-07-22T06:36:38Z,loop-digest,0.010000,0x65bb932d9987f1d1a98b8942a3fa98cb28ec073b,eip155:196,settled,v2-header,0xbb97468aa8c8751b583f4fdaedc697da62b003461664771a43c39380efa34acf
2026-07-22T06:36:42Z,perp-gate,0.010000,0x65bb932d9987f1d1a98b8942a3fa98cb28ec073b,eip155:196,settled,v2-header,0x2ba862ceabd8a1f38bed10ce5700bf761ca8db95360647ef7cfa795a211dcb06
2026-07-22T06:36:44Z,perp-gate,0.010000,0x65bb932d9987f1d1a98b8942a3fa98cb28ec073b,eip155:196,settled,v2-header,0xd4e30986eeb43e3a69d281dbcb0cb600721123b119d64af602e62ea1e23ae081
2026-07-22T06:36:47Z,perp-gate,0.010000,0x65bb932d9987f1d1a98b8942a3fa98cb28ec073b,eip155:196,settled,v2-header,0x7c0b637f00718f26ab21242be6e3192b0924238b2aada472cbd79aabdcda4762
2026-07-22T06:51:51Z,perp-gate,0.010000,0x65bb932d9987f1d1a98b8942a3fa98cb28ec073b,eip155:196,settled,v2-header,
2026-07-22T06:51:53Z,perp-gate,0.010000,0x65bb932d9987f1d1a98b8942a3fa98cb28ec073b,eip155:196,settled,v2-header,
2026-07-22T06:51:54Z,perp-gate,0.010000,0x65bb932d9987f1d1a98b8942a3fa98cb28ec073b,eip155:196,settled,v2-header,
2026-07-22T07:06:59Z,updown-pulse,0.010000,0x65bb932d9987f1d1a98b8942a3fa98cb28ec073b,eip155:196,settled,v2-header,0xd3990eb6647670c6b9e1e490aacf4c6055baacef37763e565ebff1f9f9be7ccd
2026-07-22T07:07:02Z,updown-pulse,0.010000,0x65bb932d9987f1d1a98b8942a3fa98cb28ec073b,eip155:196,settled,v2-header,0x7c34e2f601dd8140102793c120ad8bc4059f69602c5b261996c25a2ddbbbe96d
2026-07-22T07:07:05Z,loop-digest,0.010000,0x65bb932d9987f1d1a98b8942a3fa98cb28ec073b,eip155:196,settled,v2-header,0xe08a1412e53a4f4993debbd6548bc8fdac8dbe5e7b85aba59f7dc90889ee7a14
2026-07-22T07:07:08Z,perp-gate,0.010000,0x65bb932d9987f1d1a98b8942a3fa98cb28ec073b,eip155:196,settled,v2-header,0xe056fd445af157ed0ddf48477459f552b16ae436cf0e37ad93fb5575ab8a12ee
2026-07-22T07:07:11Z,perp-gate,0.010000,0x65bb932d9987f1d1a98b8942a3fa98cb28ec073b,eip155:196,settled,v2-header,0x2c4a3479a0557a6e0c4e134088938dd0b38a8fdcc29777d93c03de6eeac39a62
2026-07-22T07:07:13Z,perp-gate,0.010000,0x65bb932d9987f1d1a98b8942a3fa98cb28ec073b,eip155:196,settled,v2-header,0x8ece346d46a02108ebb3757c581da21263434999571ad92b8a273a9d7869c51a
2026-07-22T07:07:16Z,portfolio-gate,0.050000,0x65bb932d9987f1d1a98b8942a3fa98cb28ec073b,eip155:196,settled,v2-header,0x2192b19f921b666d5d5356df0cf51e74d52e6af2c64a84b25624735e5da9c07a
2026-07-22T07:22:21Z,perp-gate,0.010000,0x65bb932d9987f1d1a98b8942a3fa98cb28ec073b,eip155:196,settled,v2-header,0x21b992756d73228889b65a454045c4f77c411bc6e2fd2bb2ba078f8ce8cac878
2026-07-22T07:22:23Z,perp-gate,0.010000,0x65bb932d9987f1d1a98b8942a3fa98cb28ec073b,eip155:196,settled,v2-header,0x74eae726a1b10db8b01b894c8a984524bc7a3b6816df40788f4e9cb32e453b85
2026-07-22T07:22:26Z,perp-gate,0.010000,0x65bb932d9987f1d1a98b8942a3fa98cb28ec073b,eip155:196,settled,v2-header,0xe696a5cd56e5601d5f7fb22663742ed949cb3c2a3111f8fa8474eb5991cebea9
2026-07-22T07:37:31Z,macro-sentry,0.005000,0x65bb932d9987f1d1a98b8942a3fa98cb28ec073b,eip155:196,settled,v2-header,0x5b5dbacac891fbf9822af5788c9d964553a652054ce06e8c4e5cfcc6234f55ca
2026-07-22T07:37:34Z,updown-pulse,0.010000,0x65bb932d9987f1d1a98b8942a3fa98cb28ec073b,eip155:196,settled,v2-header,0xd804af46b8496424d1d37bcac66ebcc60e8db21bd63ecd47f4ab884d21c7566e
2026-07-22T07:37:37Z,updown-pulse,0.010000,0x65bb932d9987f1d1a98b8942a3fa98cb28ec073b,eip155:196,settled,v2-header,0x6a23c2ffdd3246a9173940ef21aa31ca2bf733134bc4739e975da88811d02726
2026-07-22T07:37:39Z,loop-digest,0.010000,0x65bb932d9987f1d1a98b8942a3fa98cb28ec073b,eip155:196,settled,v2-header,0x3be4f7e315b96d72d78dc86b828ba8fb8a8e1583b7b28813454876b0e0accefc
2026-07-22T07:37:43Z,perp-gate,0.010000,0x65bb932d9987f1d1a98b8942a3fa98cb28ec073b,eip155:196,settled,v2-header,0xeef27c79f19aa3e52f6299d09dd9b6cb30ec0c4fcbe8ba8ea362af47d5ba6e2e
2026-07-22T07:37:45Z,perp-gate,0.010000,0x65bb932d9987f1d1a98b8942a3fa98cb28ec073b,eip155:196,settled,v2-header,0xcec85d762f62a4a21c5c306f56dceefa60f4aff9cadb7863fa2df504f0f3cafb
2026-07-22T07:37:48Z,perp-gate,0.010000,0x65bb932d9987f1d1a98b8942a3fa98cb28ec073b,eip155:196,settled,v2-header,0x9f6e41889b76d4f6b956414aa68f2a12a46a0c1ba3a95d0423ccdf385db0422c
2026-07-22T07:52:53Z,perp-gate,0.010000,0x65bb932d9987f1d1a98b8942a3fa98cb28ec073b,eip155:196,settled,v2-header,0x51c90c9baf668acffc9869092a3d63a2ed34b4957c4ef1a8963f4e9f0aea75b7
2026-07-22T07:52:56Z,perp-gate,0.010000,0x65bb932d9987f1d1a98b8942a3fa98cb28ec073b,eip155:196,settled,v2-header,0x01c3c0b95b4aa3aefd0b0a25f102b8addb5630e862090c23c298c31a4528b29f
2026-07-22T07:52:58Z,perp-gate,0.010000,0x65bb932d9987f1d1a98b8942a3fa98cb28ec073b,eip155:196,settled,v2-header,0xd7900d30e7b30c646c08423d89ec72195d655a5b02711910a66e38a82010834e
2026-07-22T07:53:02Z,exec-verify,0.010000,0x65bb932d9987f1d1a98b8942a3fa98cb28ec073b,eip155:196,settled,v2-header,0xfca90d51b02fb30e8cd065ebf2c49c3fe446f37cf0ea62bd96ed5e41771d4c6c
2026-07-22T08:08:06Z,updown-pulse,0.010000,0x65bb932d9987f1d1a98b8942a3fa98cb28ec073b,eip155:196,settled,v2-header,0xd7edae66296e65b7c486344f20fe1a1ed86e29410bd3f89354431240bf8a3a5c
2026-07-22T08:08:09Z,updown-pulse,0.010000,0x65bb932d9987f1d1a98b8942a3fa98cb28ec073b,eip155:196,settled,v2-header,0x75e31af76248bdadbe44a241a4eeca683351aadd268d9f0fc3bac1343e16853d
2026-07-22T08:08:12Z,loop-digest,0.010000,0x65bb932d9987f1d1a98b8942a3fa98cb28ec073b,eip155:196,settled,v2-header,0xc45ecbaeb8f9919f359033b844c5ea8c21ef96117e99c454f8ee186c5e6e5fab
2026-07-22T08:08:15Z,perp-gate,0.010000,0x65bb932d9987f1d1a98b8942a3fa98cb28ec073b,eip155:196,settled,v2-header,0xda6231c30201d3c1c165d9c6b109e3c562a405b93baeee894f665654a8baf796
2026-07-22T08:08:18Z,perp-gate,0.010000,0x65bb932d9987f1d1a98b8942a3fa98cb28ec073b,eip155:196,settled,v2-header,0x8be607ac16877af6c39636cbf004a8648e267a4069a500060c74986db05b79ec
2026-07-22T08:08:20Z,perp-gate,0.010000,0x65bb932d9987f1d1a98b8942a3fa98cb28ec073b,eip155:196,settled,v2-header,0x2ac8cde67413dbfd2dd2f7a5b5fe4259a7ed9bdc8d006133d13dab04eb87cedb
2026-07-22T08:08:23Z,portfolio-gate,0.050000,0x65bb932d9987f1d1a98b8942a3fa98cb28ec073b,eip155:196,settled,v2-header,0x1acc8386b1c37f3f5a83a9db746cd33f49710e5e7ead66783e0857a204a16d17
2026-07-22T08:23:28Z,perp-gate,0.010000,0x65bb932d9987f1d1a98b8942a3fa98cb28ec073b,eip155:196,settled,v2-header,0xd618d5e920f5067b655750a8f5d9baab13be6f8113e6b7425e11cf73947925f1
2026-07-22T08:23:31Z,perp-gate,0.010000,0x65bb932d9987f1d1a98b8942a3fa98cb28ec073b,eip155:196,settled,v2-header,0x67ab5bb4b9990aeeb48d2a66168a150905b8f05feaff8dbd1141173401137f16
2026-07-22T08:23:33Z,perp-gate,0.010000,0x65bb932d9987f1d1a98b8942a3fa98cb28ec073b,eip155:196,settled,v2-header,0xd794bc4261c903b9e09e3e5936a1b2f060e1f4334f290def1457d82c4ad744af
2026-07-22T08:38:38Z,macro-sentry,0.005000,0x65bb932d9987f1d1a98b8942a3fa98cb28ec073b,eip155:196,settled,v2-header,0x214e95d6fab892e1d8992cd4e2a32e189b5f2b32eab0a2fabb087b515ec8c103
2026-07-22T08:38:41Z,options-desk,0.010000,0x65bb932d9987f1d1a98b8942a3fa98cb28ec073b,eip155:196,settled,v2-header,0x7aa91151728b4a3369f53bfd204d7f2300f6685ab027e63fbbf0fade792a1a67
2026-07-22T08:38:44Z,updown-pulse,0.010000,0x65bb932d9987f1d1a98b8942a3fa98cb28ec073b,eip155:196,settled,v2-header,0x59186a00df240f924b037d915d7f5441054c530c73082b42e9822c5df0bdba4c
2026-07-22T08:38:47Z,updown-pulse,0.010000,0x65bb932d9987f1d1a98b8942a3fa98cb28ec073b,eip155:196,settled,v2-header,0x6022a9bfa5282e039acf04e0fc79025e82e7d3e69f9e7d92394a02f39943b781
2026-07-22T08:38:50Z,loop-digest,0.010000,0x65bb932d9987f1d1a98b8942a3fa98cb28ec073b,eip155:196,settled,v2-header,0x190b99cea275dbd185b0e4e9ba961d94ae8520e8313b975dcdd0ba758a0ea603
2026-07-22T08:38:52Z,perp-gate,0.010000,0x65bb932d9987f1d1a98b8942a3fa98cb28ec073b,eip155:196,settled,v2-header,
2026-07-22T08:38:54Z,perp-gate,0.010000,0x65bb932d9987f1d1a98b8942a3fa98cb28ec073b,eip155:196,settled,v2-header,
2026-07-22T08:38:56Z,perp-gate,0.010000,0x65bb932d9987f1d1a98b8942a3fa98cb28ec073b,eip155:196,settled,v2-header,
2026-07-22T08:54:02Z,perp-gate,0.010000,0x65bb932d9987f1d1a98b8942a3fa98cb28ec073b,eip155:196,settled,v2-header,0x9a1387ec22b2ae2b58888177cfb80745f594056a9d64bff183031e339391f125
2026-07-22T08:54:04Z,perp-gate,0.010000,0x65bb932d9987f1d1a98b8942a3fa98cb28ec073b,eip155:196,settled,v2-header,0x90ef7089cd853d20586e76a2ecc1d089b1493c6214f7932711638582e64455e6
2026-07-22T08:54:06Z,perp-gate,0.010000,0x65bb932d9987f1d1a98b8942a3fa98cb28ec073b,eip155:196,settled,v2-header,0xfd9f83a876e340e8013fb5caf959f25ea4030d07f84a777aab2e66874f04d19b
2026-07-22T09:09:11Z,updown-pulse,0.010000,0x65bb932d9987f1d1a98b8942a3fa98cb28ec073b,eip155:196,settled,v2-header,0xd9a43e5b70bab222d948adf87ad5a33baf2497252a822fd466b4d606a4ab307b
2026-07-22T09:09:14Z,updown-pulse,0.010000,0x65bb932d9987f1d1a98b8942a3fa98cb28ec073b,eip155:196,settled,v2-header,0x628467fdefe6ce658a9c276655edb0bca76d098242cd48ecc5fcfb21879361d9
2026-07-22T09:09:17Z,loop-digest,0.010000,0x65bb932d9987f1d1a98b8942a3fa98cb28ec073b,eip155:196,settled,v2-header,0x9318d6df05b30cf5edbb673d884b9b178c8ea5501903ea279dfe348ef52df383
2026-07-22T09:09:20Z,perp-gate,0.010000,0x65bb932d9987f1d1a98b8942a3fa98cb28ec073b,eip155:196,settled,v2-header,0x393a19090cc35a3ca4cdd616440d3a273764d18adaedef16d74a214657e047fe
2026-07-22T09:09:22Z,perp-gate,0.010000,0x65bb932d9987f1d1a98b8942a3fa98cb28ec073b,eip155:196,settled,v2-header,0xc402a277e42dfa3d796c0fff3719abc20152195e16bfb70f1f99fa1925d7073e
2026-07-22T09:09:25Z,perp-gate,0.010000,0x65bb932d9987f1d1a98b8942a3fa98cb28ec073b,eip155:196,settled,v2-header,0xa6ee90f972f8fe88c5ed1b256752d47c3d8820b80d855edb1aa286efd651f5bd
2026-07-22T09:09:27Z,portfolio-gate,0.050000,0x65bb932d9987f1d1a98b8942a3fa98cb28ec073b,eip155:196,settled,v2-header,0x9c3ea1289f8b60589c11b9839b2c5745c0fe600d302a21d25ddcc106fe126d24
2026-07-22T09:24:33Z,perp-gate,0.010000,0x65bb932d9987f1d1a98b8942a3fa98cb28ec073b,eip155:196,settled,v2-header,0x5040d0924230df1b01c97a7194c23aaa57dabb0e83c25ff4376cad462fe6de4c
2026-07-22T09:24:37Z,perp-gate,0.010000,0x65bb932d9987f1d1a98b8942a3fa98cb28ec073b,eip155:196,settled,v2-header,0xe9b5eba625fc3392d8ab974f2d6336caac226f485788ba8c9ddf07f96f8fc39f
2026-07-22T09:24:40Z,perp-gate,0.010000,0x65bb932d9987f1d1a98b8942a3fa98cb28ec073b,eip155:196,settled,v2-header,0xd78b7d08e96b41239e94012b94f5928c0e667b67f1278f484ca2ec302a6b331c
2026-07-22T09:39:45Z,macro-sentry,0.005000,0x65bb932d9987f1d1a98b8942a3fa98cb28ec073b,eip155:196,settled,v2-header,0x0221862e2f93f231051be2b2a9f2fadd2635cf45c68588cb82b99065283b8426
2026-07-22T09:39:48Z,updown-pulse,0.010000,0x65bb932d9987f1d1a98b8942a3fa98cb28ec073b,eip155:196,settled,v2-header,0x07c48e6f4fecb08341f6b2f320b715f2738c40e377ac5ec50163cf4d19f3f73a
2026-07-22T09:39:51Z,updown-pulse,0.010000,0x65bb932d9987f1d1a98b8942a3fa98cb28ec073b,eip155:196,settled,v2-header,0xde1606734cd07b92c340c8bfbd967d32bb3599a1025cd861758cdcd71b313c18
2026-07-22T09:39:53Z,loop-digest,0.010000,0x65bb932d9987f1d1a98b8942a3fa98cb28ec073b,eip155:196,settled,v2-header,0xe1e9b2c86a1f26ed2dc5b14ec558d5624b165de8d5e1a0d0dfafdc183c2f7a23
2026-07-22T09:39:56Z,perp-gate,0.010000,0x65bb932d9987f1d1a98b8942a3fa98cb28ec073b,eip155:196,settled,v2-header,
2026-07-22T09:39:58Z,perp-gate,0.010000,0x65bb932d9987f1d1a98b8942a3fa98cb28ec073b,eip155:196,settled,v2-header,
2026-07-22T09:39:59Z,perp-gate,0.010000,0x65bb932d9987f1d1a98b8942a3fa98cb28ec073b,eip155:196,settled,v2-header,
2026-07-22T09:55:05Z,perp-gate,0.010000,0x65bb932d9987f1d1a98b8942a3fa98cb28ec073b,eip155:196,settled,v2-header,0x3650e0808e25c85c4a5258785766f0b19aff22a9bfdd2968be8acba38e132a1b
2026-07-22T09:55:07Z,perp-gate,0.010000,0x65bb932d9987f1d1a98b8942a3fa98cb28ec073b,eip155:196,settled,v2-header,0x211e6c23fcb6ccfd7d22a0cebc2894d2fdf9bfac93033250d4b2214b1e4d3371
2026-07-22T09:55:10Z,perp-gate,0.010000,0x65bb932d9987f1d1a98b8942a3fa98cb28ec073b,eip155:196,settled,v2-header,0x23129d5353d5e3a686ae22548fbf3c734e747ecf23f346ecc25fef212cc8d4eb
2026-07-22T10:10:15Z,updown-pulse,0.010000,0x65bb932d9987f1d1a98b8942a3fa98cb28ec073b,eip155:196,settled,v2-header,0x545992686919e619047c39253c7c58512ab5ea89428a53cc9a6d534724b26551
2026-07-22T10:10:18Z,updown-pulse,0.010000,0x65bb932d9987f1d1a98b8942a3fa98cb28ec073b,eip155:196,settled,v2-header,0x1b7ec40dda7e4e011896563c1e16e35577fa55e3d023b9465e09d9385a6bb0f2
2026-07-22T10:10:21Z,loop-digest,0.010000,0x65bb932d9987f1d1a98b8942a3fa98cb28ec073b,eip155:196,settled,v2-header,0x97f0c86036f087cbcc10a8ae24b5a5516cc2a1e0c161bd4012225391299d009b
2026-07-22T10:10:24Z,perp-gate,0.010000,0x65bb932d9987f1d1a98b8942a3fa98cb28ec073b,eip155:196,settled,v2-header,0xbfb40e2ed17f23cd3f635314bd3ab97c3192b2a90eb17231a4eff3d1769c6d06
2026-07-22T10:10:27Z,perp-gate,0.010000,0x65bb932d9987f1d1a98b8942a3fa98cb28ec073b,eip155:196,settled,v2-header,0xc8d06f6c2386cb0ecb1835279d364dd7474d6cd4cd5936d193dba1d02b086443
2026-07-22T10:10:29Z,perp-gate,0.010000,0x65bb932d9987f1d1a98b8942a3fa98cb28ec073b,eip155:196,settled,v2-header,0x4f9cf6e9c5e3a2dc7bbc64d5e4c90ab7cbcb070d792964e029fb8b377459f0b8
2026-07-22T10:10:32Z,portfolio-gate,0.050000,0x65bb932d9987f1d1a98b8942a3fa98cb28ec073b,eip155:196,settled,v2-header,0x56550b1b2263bcb86c777b0e1971fb486a94a41c5395d2682948ce1c6511c191
2026-07-22T10:25:38Z,perp-gate,0.010000,0x65bb932d9987f1d1a98b8942a3fa98cb28ec073b,eip155:196,settled,v2-header,0x1566f5d872929993ed513d5a03f7143ccb8e38feb684ffecde70217d9eeab754
2026-07-22T10:25:41Z,perp-gate,0.010000,0x65bb932d9987f1d1a98b8942a3fa98cb28ec073b,eip155:196,settled,v2-header,0xa5125b984ad9428ea13640f61dae8f54935062ccc3bd5229b1f2768907ddb0e2
2026-07-22T10:25:43Z,perp-gate,0.010000,0x65bb932d9987f1d1a98b8942a3fa98cb28ec073b,eip155:196,settled,v2-header,0xb208b70eb1b1efe74fbd77cfc30a98a0ddaf832e68421daf2b109ecead9594cb
2026-07-22T10:25:47Z,exec-verify,0.010000,0x65bb932d9987f1d1a98b8942a3fa98cb28ec073b,eip155:196,settled,v2-header,0x89f481e7fda5b97cfc54cb64fb828a1d0ff172b43dd181934f71f60c804f71f9
2026-07-22T10:40:51Z,macro-sentry,0.005000,0x65bb932d9987f1d1a98b8942a3fa98cb28ec073b,eip155:196,settled,v2-header,0x8a18484d4ae6f6dd65e0edc4b402b5cd834c3ffc120d4b5fdbf311a3a5dc1365
2026-07-22T10:40:54Z,options-desk,0.010000,0x65bb932d9987f1d1a98b8942a3fa98cb28ec073b,eip155:196,settled,v2-header,0x008accabedabd850fb91f912e881327efcff727c8d94aff5b21c527ed1eacb9c
2026-07-22T10:40:57Z,updown-pulse,0.010000,0x65bb932d9987f1d1a98b8942a3fa98cb28ec073b,eip155:196,settled,v2-header,0x09b24ed31d5c14f7363d92ca1be5a661e39ca22e0de68c11a50b9e185ff531d1
2026-07-22T10:41:00Z,updown-pulse,0.010000,0x65bb932d9987f1d1a98b8942a3fa98cb28ec073b,eip155:196,settled,v2-header,0xd6b8d33bd34f5fe7fcfcca36eff4e6c8c9b6abdbfbbff09060417636777b02b7
2026-07-22T10:41:02Z,loop-digest,0.010000,0x65bb932d9987f1d1a98b8942a3fa98cb28ec073b,eip155:196,settled,v2-header,0xca28520465a18990737e1d279f2a31eb55791debc41f8f3388d6de25a2f45108
2026-07-22T10:41:06Z,perp-gate,0.010000,0x65bb932d9987f1d1a98b8942a3fa98cb28ec073b,eip155:196,settled,v2-header,0x40122ba0f30ba4a6d655b7a66d4305e28116138761076d63bb8210b712b9756e
2026-07-22T10:41:08Z,perp-gate,0.010000,0x65bb932d9987f1d1a98b8942a3fa98cb28ec073b,eip155:196,settled,v2-header,0xb195cd86d516f2a98b91406b7025dce8d1700b838007c8f7e97df22d73a519e4
2026-07-22T10:41:11Z,perp-gate,0.010000,0x65bb932d9987f1d1a98b8942a3fa98cb28ec073b,eip155:196,settled,v2-header,0x22b7b713f220f2dc1cf47294ebb03be213c657cfa4e1911b1c8d830a7a842a42
2026-07-22T10:56:16Z,perp-gate,0.010000,0x65bb932d9987f1d1a98b8942a3fa98cb28ec073b,eip155:196,settled,v2-header,0x92a0084e08d020565d16793fd01e805cbc894cb56058aa81caf89ee7033e3045
2026-07-22T10:56:21Z,perp-gate,0.010000,0x65bb932d9987f1d1a98b8942a3fa98cb28ec073b,eip155:196,settled,v2-header,0xa6e29bff15c9b35505badc32765b91fde8574d45af38c113e8a1d0c1113c1e57
2026-07-22T10:56:23Z,perp-gate,0.010000,0x65bb932d9987f1d1a98b8942a3fa98cb28ec073b,eip155:196,settled,v2-header,0x17c2c46fef29cde7d039db21617c40ece6cc1ecbc6fae405d487be7dce002a7d
2026-07-22T11:11:28Z,updown-pulse,0.010000,0x65bb932d9987f1d1a98b8942a3fa98cb28ec073b,eip155:196,settled,v2-header,0xc6cf884fcf9dd56685ad05bc7533a5a4479cbb841a927eb89f919242b1af8071
2026-07-22T11:11:31Z,updown-pulse,0.010000,0x65bb932d9987f1d1a98b8942a3fa98cb28ec073b,eip155:196,settled,v2-header,0x73a75101762f3be4642cdd85916701e6804d2666eac76044ce84213f5bc7012d
2026-07-22T11:11:34Z,loop-digest,0.010000,0x65bb932d9987f1d1a98b8942a3fa98cb28ec073b,eip155:196,settled,v2-header,0xc21fa74934b513adad9c9e8ed8146438fe31e0fcafe3eb2490223c2d37c98c3f
2026-07-22T11:11:36Z,perp-gate,0.010000,0x65bb932d9987f1d1a98b8942a3fa98cb28ec073b,eip155:196,settled,v2-header,
2026-07-22T11:11:39Z,perp-gate,0.010000,0x65bb932d9987f1d1a98b8942a3fa98cb28ec073b,eip155:196,settled,v2-header,0x0c95b4025c2f819340e482059b5baa28d2e71bc2b0e6c717c7ce889f13ee37e7
2026-07-22T11:11:42Z,perp-gate,0.010000,0x65bb932d9987f1d1a98b8942a3fa98cb28ec073b,eip155:196,settled,v2-header,0x64f36678464555893ac0568e2b71ed8c31c838291e6b14790e6587aabe3f3091
2026-07-22T11:11:44Z,portfolio-gate,0.050000,0x65bb932d9987f1d1a98b8942a3fa98cb28ec073b,eip155:196,settled,v2-header,0x78fb0bc2c71961a86b7650001e506e922a1c806dbd8a527ed36c412d8df14641
2026-07-22T11:26:50Z,perp-gate,0.010000,0x65bb932d9987f1d1a98b8942a3fa98cb28ec073b,eip155:196,settled,v2-header,0x09d4632c1058a8a8e1b25658f16f463efb1b696325eaec1f38e43e0efcab549b
2026-07-22T11:26:52Z,perp-gate,0.010000,0x65bb932d9987f1d1a98b8942a3fa98cb28ec073b,eip155:196,settled,v2-header,0x3c45460c4def83c3fcdce5fd940142053e784d8fbb9749ebfe5d2a3b1446d695
2026-07-22T11:26:55Z,perp-gate,0.010000,0x65bb932d9987f1d1a98b8942a3fa98cb28ec073b,eip155:196,settled,v2-header,0x7a5cb18cd494d64f22dd983c267320f4aa80efa0bf1699f1f6cc6755e27742b2
2026-07-22T11:41:59Z,macro-sentry,0.005000,0x65bb932d9987f1d1a98b8942a3fa98cb28ec073b,eip155:196,settled,v2-header,0x8101960119d6b70bc3f6451662efa526f5b9b1d03579a3a0a49f7c6a519fff51
2026-07-22T11:42:03Z,updown-pulse,0.010000,0x65bb932d9987f1d1a98b8942a3fa98cb28ec073b,eip155:196,settled,v2-header,0x83cfe0fe3bbe78c672c4f58898583cbe059753be480c30ac4e293818df241d18
2026-07-22T11:42:06Z,updown-pulse,0.010000,0x65bb932d9987f1d1a98b8942a3fa98cb28ec073b,eip155:196,settled,v2-header,0xfdf4765fb407a4270540eb93c7a42a6160cd0d8827209aaa03a6cb34c689828f
2026-07-22T11:42:08Z,loop-digest,0.010000,0x65bb932d9987f1d1a98b8942a3fa98cb28ec073b,eip155:196,settled,v2-header,0xdb6566c9b31442078f58554aa0f22b16d4aae61b31c84ad2329fbe95aaf6fbb6
2026-07-22T11:42:12Z,perp-gate,0.010000,0x65bb932d9987f1d1a98b8942a3fa98cb28ec073b,eip155:196,settled,v2-header,0xce3b097c6e1bcb31b67d7933fee4cdfe1de932d1eadee9921f3f63074a9c9502
2026-07-22T11:42:14Z,perp-gate,0.010000,0x65bb932d9987f1d1a98b8942a3fa98cb28ec073b,eip155:196,settled,v2-header,0xdcfb89221865d391673d1fc4a5f9a07212bedeaae169b1dbfbcd48eea3db4b11
2026-07-22T11:42:17Z,perp-gate,0.010000,0x65bb932d9987f1d1a98b8942a3fa98cb28ec073b,eip155:196,settled,v2-header,0x966da414e32e76e903503aa65efcaaf505b3e822e9a1833230321148f27d4473
2026-07-22T11:57:23Z,perp-gate,0.010000,0x65bb932d9987f1d1a98b8942a3fa98cb28ec073b,eip155:196,settled,v2-header,0x497cbbc877c544a1ef9a99220e6097df7fcfc85731bfd289c91615ed57b657dc
2026-07-22T11:57:26Z,perp-gate,0.010000,0x65bb932d9987f1d1a98b8942a3fa98cb28ec073b,eip155:196,settled,v2-header,0x990f3c13c0728509b8c80989fcef3178bbcb723653b71606ff249154913486c8
2026-07-22T11:57:28Z,perp-gate,0.010000,0x65bb932d9987f1d1a98b8942a3fa98cb28ec073b,eip155:196,settled,v2-header,0x655d7b9110a92fa337567e8f3e344f9a56222c1355dfcb814764d8f8ba6a5207
2026-07-22T12:12:34Z,updown-pulse,0.010000,0x65bb932d9987f1d1a98b8942a3fa98cb28ec073b,eip155:196,settled,v2-header,0xa8dc4d652761cfe4e33dabe9a52edfd3639c5eb43e4df7d105a93b07e9ccf16f
2026-07-22T12:12:37Z,updown-pulse,0.010000,0x65bb932d9987f1d1a98b8942a3fa98cb28ec073b,eip155:196,settled,v2-header,0x104b9f74a0a6ec3a7ecbc71133169d35a16ceb783c58a836f4541619f57a7937
2026-07-22T12:12:39Z,loop-digest,0.010000,0x65bb932d9987f1d1a98b8942a3fa98cb28ec073b,eip155:196,settled,v2-header,0xb37a1cb3b9fbd9d2416078e15501d792f6f20f02352c5fbe1c87f8daed808bd3
2026-07-22T12:12:42Z,perp-gate,0.010000,0x65bb932d9987f1d1a98b8942a3fa98cb28ec073b,eip155:196,settled,v2-header,0x78783f7c4e8681203a725a6437db06c88f3a6185bf0c8f4298854f03cf37d89c
2026-07-22T12:12:45Z,perp-gate,0.010000,0x65bb932d9987f1d1a98b8942a3fa98cb28ec073b,eip155:196,settled,v2-header,0xe6c8dac0edea68869dd9ac67b156f50dcf8abd5c221536789aa74ca76a2bdfd2
2026-07-22T12:12:48Z,perp-gate,0.010000,0x65bb932d9987f1d1a98b8942a3fa98cb28ec073b,eip155:196,settled,v2-header,0x38a308b71f8d22fc5479f47ee69c261e9cc760dbfbce457f0484ccd2a2552039
2026-07-22T12:12:50Z,portfolio-gate,0.050000,0x65bb932d9987f1d1a98b8942a3fa98cb28ec073b,eip155:196,settled,v2-header,0xf5c7f783f7ff67de0311ca6a76f75ae18e678aeb7ee23fa7ccebe4aa4cb01fae
2026-07-22T12:12:53Z,treasury-risk,0.020000,0x65bb932d9987f1d1a98b8942a3fa98cb28ec073b,eip155:196,settled,v2-header,0xbdc485e2edc448cf92e4bd7196060bd9e2a7dea7d11fe1cc3155ed7b6c5fd23a
2026-07-22T12:12:56Z,tape-pulse,0.010000,0x65bb932d9987f1d1a98b8942a3fa98cb28ec073b,eip155:196,settled,v2-header,0x58a399170477b4527d90ee9290b77b48a7d9b77c6e2f8499392fe86da1ee8291
2026-07-22T12:13:04Z,portfolio-gate,0.050000,0x65bb932d9987f1d1a98b8942a3fa98cb28ec073b,eip155:196,settled,v2-header,0x868fbc028f4d333ff45ff9fe4f5c0ba3e8fdac7035d23276d6b0b0a03c253913
2026-07-22T12:13:08Z,exec-verify,0.010000,0x65bb932d9987f1d1a98b8942a3fa98cb28ec073b,eip155:196,settled,v2-header,0x8d8bc2f8879ccdf49d63f154b640cdfd6fd1d9920d9a114e2bfde2260b86dd4f
2026-07-22T12:28:12Z,perp-gate,0.010000,0x65bb932d9987f1d1a98b8942a3fa98cb28ec073b,eip155:196,settled,v2-header,0x8eb3d18e3b7270b8ad2d112b2aca557c8e989ff94fd06624d033029672aedd06
2026-07-22T12:28:15Z,perp-gate,0.010000,0x65bb932d9987f1d1a98b8942a3fa98cb28ec073b,eip155:196,settled,v2-header,0x887e2382ee167c9bf214ebc8dfbbb1a44037509c1b392bb13140540d25447489
2026-07-22T12:28:17Z,perp-gate,0.010000,0x65bb932d9987f1d1a98b8942a3fa98cb28ec073b,eip155:196,settled,v2-header,0xd26d20884df2372d34e177e445a3c4a81d209e7b00c13a5828d31a910cba94ca
2026-07-22T12:28:20Z,protocol-pulse,0.010000,0x65bb932d9987f1d1a98b8942a3fa98cb28ec073b,eip155:196,settled,v2-header,0x9eb793856b7d53f976223a886872a418008855ca67e3ba07cf613c9fad77c233
2026-07-22T12:43:23Z,macro-sentry,0.005000,0x65bb932d9987f1d1a98b8942a3fa98cb28ec073b,eip155:196,settled,v2-header,0x6dc26895922ff9e7ac07dce6c431ae6b122d6926216fe80e9808bbd8989dd56f
2026-07-22T12:43:26Z,options-desk,0.010000,0x65bb932d9987f1d1a98b8942a3fa98cb28ec073b,eip155:196,settled,v2-header,0x4520ba1d3d451674487eac9c113ed761ea088e119bfa756adac113365991eafd
2026-07-22T12:43:30Z,updown-pulse,0.010000,0x65bb932d9987f1d1a98b8942a3fa98cb28ec073b,eip155:196,settled,v2-header,0xd5c8a79b8a9ac3c4e66cb4d60e54cbd16637227b1931ac8e487083260101eb41
2026-07-22T12:43:32Z,updown-pulse,0.010000,0x65bb932d9987f1d1a98b8942a3fa98cb28ec073b,eip155:196,settled,v2-header,0x46e19b112612a63bd1f21fd61de69ed9362dcf24ae141da4a073cb1efed22a4a
2026-07-22T12:43:35Z,loop-digest,0.010000,0x65bb932d9987f1d1a98b8942a3fa98cb28ec073b,eip155:196,settled,v2-header,0x0acfd262ff10cfe3eb6f93c02d23795915e72365d4142100015155a8b93c81da
2026-07-22T12:43:38Z,perp-gate,0.010000,0x65bb932d9987f1d1a98b8942a3fa98cb28ec073b,eip155:196,settled,v2-header,0x8ec08dadd3b781a5ac82e5a6a2f7c947092021250d89ee9050e1a3bc364e8fb6
2026-07-22T12:43:41Z,perp-gate,0.010000,0x65bb932d9987f1d1a98b8942a3fa98cb28ec073b,eip155:196,settled,v2-header,0x5f09f40d5e3f0464ea416fdb666ff389f8129c33855a1ce84e37a2c86ffe4cf3
2026-07-22T12:43:43Z,perp-gate,0.010000,0x65bb932d9987f1d1a98b8942a3fa98cb28ec073b,eip155:196,settled,v2-header,0xb2ee0e70ae40a75d1530ca99fee8585eb1c0b0197b3de223c3267d50b472e33d
2026-07-22T12:58:49Z,perp-gate,0.010000,0x65bb932d9987f1d1a98b8942a3fa98cb28ec073b,eip155:196,settled,v2-header,0xdab04e37928ec2ff054b3ad1114d7ea1ea1110cf591d80d2571bf82eb71ccd00
2026-07-22T12:58:51Z,perp-gate,0.010000,0x65bb932d9987f1d1a98b8942a3fa98cb28ec073b,eip155:196,settled,v2-header,0x74222ccf466c677bcf1ff19a68c24406e72bbf3b9fce294c3fd69858b79b59b8
2026-07-22T12:58:54Z,perp-gate,0.010000,0x65bb932d9987f1d1a98b8942a3fa98cb28ec073b,eip155:196,settled,v2-header,0x4cee3a9516bc08877809de481c9afb0adf7fae28095b8b814916bf9872f603cf
2026-07-22T13:13:59Z,updown-pulse,0.010000,0x65bb932d9987f1d1a98b8942a3fa98cb28ec073b,eip155:196,settled,v2-header,0x68935d9d6dd6e4171a75e5d92f37676fb995b5b9ee8756af41a99cf3a0fd8749
2026-07-22T13:14:02Z,updown-pulse,0.010000,0x65bb932d9987f1d1a98b8942a3fa98cb28ec073b,eip155:196,settled,v2-header,0x70549473b5e8c9587acb28b7d43fd210134bdb3e3a64861b9f7194f98e35b56e
2026-07-22T13:14:05Z,loop-digest,0.010000,0x65bb932d9987f1d1a98b8942a3fa98cb28ec073b,eip155:196,settled,v2-header,0x1f932ec6998dada1035a6461d81a664fc120d05dbdff77753f0c2086068ef47c
2026-07-22T13:14:08Z,perp-gate,0.010000,0x65bb932d9987f1d1a98b8942a3fa98cb28ec073b,eip155:196,settled,v2-header,0x7bd744d6edf74fef02a7b1777cb4eae5730dac20556418791c48b55deb658ddb
2026-07-22T13:14:11Z,perp-gate,0.010000,0x65bb932d9987f1d1a98b8942a3fa98cb28ec073b,eip155:196,settled,v2-header,0x91d19992ed075fdae80ece67856ef5fa16279594d5c8b1d423ca980a2ece9914
2026-07-22T13:14:13Z,perp-gate,0.010000,0x65bb932d9987f1d1a98b8942a3fa98cb28ec073b,eip155:196,settled,v2-header,0xed7fe6776cea5714567d1779e8d79da36a207cced81b394ad02e3770d82caa0d
2026-07-22T13:14:16Z,portfolio-gate,0.050000,0x65bb932d9987f1d1a98b8942a3fa98cb28ec073b,eip155:196,settled,v2-header,0x9239c3f02c7ff4bd77024cbaca8c87e354bb09580f9108eaa0b969f6cb6500a8
2026-07-22T13:29:22Z,perp-gate,0.010000,0x65bb932d9987f1d1a98b8942a3fa98cb28ec073b,eip155:196,settled,v2-header,0x83b4da1097203e2f4468ce1e77cc5343a99b1fb7f5e017d3316e57ea4c70b650
2026-07-22T13:29:24Z,perp-gate,0.010000,0x65bb932d9987f1d1a98b8942a3fa98cb28ec073b,eip155:196,settled,v2-header,0x75b7467ed8a4d6a242b1810aa5fe908e95321da9a7fad3fad2d42c48bd89dc92
2026-07-22T13:29:27Z,perp-gate,0.010000,0x65bb932d9987f1d1a98b8942a3fa98cb28ec073b,eip155:196,settled,v2-header,0x4d702fde52dffa1cbe27e18caebb322774d78a41e594db16957058571857b047
2026-07-22T13:44:31Z,macro-sentry,0.005000,0x65bb932d9987f1d1a98b8942a3fa98cb28ec073b,eip155:196,settled,v2-header,0xc6fe7afd63446f76152a0f97ee91209a9260f64436c32b273c04664a2c8e4cd5
2026-07-22T13:44:34Z,updown-pulse,0.010000,0x65bb932d9987f1d1a98b8942a3fa98cb28ec073b,eip155:196,settled,v2-header,0x10f3507f6b2452292181f73b6806f9867812ede63036f958fd03f3d592ad9306
2026-07-22T13:44:37Z,updown-pulse,0.010000,0x65bb932d9987f1d1a98b8942a3fa98cb28ec073b,eip155:196,settled,v2-header,0xdd282a8c7060f4e697b2af75a0b2632a7ec693bd3075137c76b2d59ce7eafb89
2026-07-22T13:44:40Z,loop-digest,0.010000,0x65bb932d9987f1d1a98b8942a3fa98cb28ec073b,eip155:196,settled,v2-header,0xcda51f9edf6b741a56a663d31662bf7e19b97cf542d61cee165456145bc6dc7b
2026-07-22T13:44:43Z,perp-gate,0.010000,0x65bb932d9987f1d1a98b8942a3fa98cb28ec073b,eip155:196,settled,v2-header,0xf571ffbb689f71ba0182d6bb834a2bc5c292319f99cde5b99db7c6526b1e2f3c
2026-07-22T13:44:46Z,perp-gate,0.010000,0x65bb932d9987f1d1a98b8942a3fa98cb28ec073b,eip155:196,settled,v2-header,0x9d10f6b2d871a12a2ded77af58141a3e679143f135790e80ca78f189ccf7883e
2026-07-22T13:44:48Z,perp-gate,0.010000,0x65bb932d9987f1d1a98b8942a3fa98cb28ec073b,eip155:196,settled,v2-header,0x39995c7e8d168cb1130c4e708a102f60a55a40981ea3989bf875f123bfc19653
2026-07-22T13:59:54Z,perp-gate,0.010000,0x65bb932d9987f1d1a98b8942a3fa98cb28ec073b,eip155:196,settled,v2-header,0xcf7692382bd6097aecdc8428d1287ea6ec51f5a8a0ab65412dffe749d3324075
2026-07-22T13:59:56Z,perp-gate,0.010000,0x65bb932d9987f1d1a98b8942a3fa98cb28ec073b,eip155:196,settled,v2-header,0x2bf6dc270f77f7aa33db94d003fd033c2772ee8453058c30b81f18d5d135bc07
2026-07-22T13:59:59Z,perp-gate,0.010000,0x65bb932d9987f1d1a98b8942a3fa98cb28ec073b,eip155:196,settled,v2-header,0xa190ac51e9168abb558b2fef7b85d533ef6bf4fd20e90701fdb5f2fb2487a776
2026-07-22T14:15:04Z,updown-pulse,0.010000,0x65bb932d9987f1d1a98b8942a3fa98cb28ec073b,eip155:196,settled,v2-header,0x79f4f82dae0c8c08f156d46b451287ba265af8f3616d1383ccc320e4723fcc35
2026-07-22T14:15:07Z,updown-pulse,0.010000,0x65bb932d9987f1d1a98b8942a3fa98cb28ec073b,eip155:196,settled,v2-header,0x79df1ce9c596203b6cd63ec07a49e8c4217ad6b8923cd3d6fd284e37e37ce9fa
2026-07-22T14:15:10Z,loop-digest,0.010000,0x65bb932d9987f1d1a98b8942a3fa98cb28ec073b,eip155:196,settled,v2-header,0x4f313d53769284e12ae9dfc8c56639d0e364fb26a7c8a4a2dd0189998fcb342d
2026-07-22T14:15:13Z,perp-gate,0.010000,0x65bb932d9987f1d1a98b8942a3fa98cb28ec073b,eip155:196,settled,v2-header,0xc5226e76f5560ba5d242001367712e3ddd215a5095ec2af585b0381b6d33a1c3
2026-07-22T14:15:15Z,perp-gate,0.010000,0x65bb932d9987f1d1a98b8942a3fa98cb28ec073b,eip155:196,settled,v2-header,0xacbef1db271525cf6b63bbad6d36269cfad26054634a7a029ad89f8ee22a9e97
2026-07-22T14:15:18Z,perp-gate,0.010000,0x65bb932d9987f1d1a98b8942a3fa98cb28ec073b,eip155:196,settled,v2-header,0x8051ffb10b17505c19fe9c83b1b6d927323ca0d4c7630903e9ef053b0283c7e5
2026-07-22T14:15:20Z,portfolio-gate,0.050000,0x65bb932d9987f1d1a98b8942a3fa98cb28ec073b,eip155:196,settled,v2-header,0xc390cbd99a045b620789ebc48d008cf1a2edcca63565e5d13b7616fe4b29c4a8
2026-07-22T14:30:26Z,perp-gate,0.010000,0x65bb932d9987f1d1a98b8942a3fa98cb28ec073b,eip155:196,settled,v2-header,0x6207c8d7a82e70ce9c3949837e7d4ed5d19b18e96e3835225ec50cfaca22e194
2026-07-22T14:30:29Z,perp-gate,0.010000,0x65bb932d9987f1d1a98b8942a3fa98cb28ec073b,eip155:196,settled,v2-header,0x0b498e4f0f56f082cbdaedcdba99621c2f35fdab0e04c80bd203df19283f0ce8
2026-07-22T14:30:31Z,perp-gate,0.010000,0x65bb932d9987f1d1a98b8942a3fa98cb28ec073b,eip155:196,settled,v2-header,0x380c4a193f84e4579b1e824b0d24beecbfd902030f7e9c07083fb01c90cf606d
2026-07-22T14:45:36Z,macro-sentry,0.005000,0x65bb932d9987f1d1a98b8942a3fa98cb28ec073b,eip155:196,settled,v2-header,0xf4eb8c40e1a0c79b5acf024a76ab0637946156cc8fea5622d8ce68550a765025
2026-07-22T14:45:39Z,options-desk,0.010000,0x65bb932d9987f1d1a98b8942a3fa98cb28ec073b,eip155:196,settled,v2-header,0x00da000c9143a181aa5609c8fc11906f93eb5cc1c99f7976e258e68461c0c623
2026-07-22T14:45:42Z,updown-pulse,0.010000,0x65bb932d9987f1d1a98b8942a3fa98cb28ec073b,eip155:196,settled,v2-header,0xec84a999a2ce7a65b7d30fc73a9823f537b61f96200ce63bd1a28c2d8236b777
2026-07-22T14:45:45Z,updown-pulse,0.010000,0x65bb932d9987f1d1a98b8942a3fa98cb28ec073b,eip155:196,settled,v2-header,0xa4ce80c7b793f70c570bc051bf527d995ddc45d0f1b9aaf6926994df3b26384c
2026-07-22T14:45:48Z,loop-digest,0.010000,0x65bb932d9987f1d1a98b8942a3fa98cb28ec073b,eip155:196,settled,v2-header,0x1666f2f80fa82e2ac80bd4bbfb4c91e55bdc42aa4397465c7846a46c5c385d9a
2026-07-22T14:45:50Z,perp-gate,0.010000,0x65bb932d9987f1d1a98b8942a3fa98cb28ec073b,eip155:196,settled,v2-header,
2026-07-22T14:45:52Z,perp-gate,0.010000,0x65bb932d9987f1d1a98b8942a3fa98cb28ec073b,eip155:196,settled,v2-header,
2026-07-22T14:45:54Z,perp-gate,0.010000,0x65bb932d9987f1d1a98b8942a3fa98cb28ec073b,eip155:196,settled,v2-header,
2026-07-22T15:00:59Z,perp-gate,0.010000,0x65bb932d9987f1d1a98b8942a3fa98cb28ec073b,eip155:196,settled,v2-header,
2026-07-22T15:01:01Z,perp-gate,0.010000,0x65bb932d9987f1d1a98b8942a3fa98cb28ec073b,eip155:196,settled,v2-header,0xb796c364a7aa0e9aa772cdc227c10ab8fad6c5cff4d1abe6cffea833fdf4da29
2026-07-22T15:01:04Z,perp-gate,0.010000,0x65bb932d9987f1d1a98b8942a3fa98cb28ec073b,eip155:196,settled,v2-header,0xe0542a9ec2a5b048177f4a1e065ec34471f9e3c23cf893d64bdbb66ee23472d5
2026-07-22T15:16:09Z,updown-pulse,0.010000,0x65bb932d9987f1d1a98b8942a3fa98cb28ec073b,eip155:196,settled,v2-header,0x647e4dfa4b79cdcaeb856b514de0b779f928b13ad29feeec1e965b9713ee6f30
2026-07-22T15:16:12Z,updown-pulse,0.010000,0x65bb932d9987f1d1a98b8942a3fa98cb28ec073b,eip155:196,settled,v2-header,0x8124989f600b101d7d6ccacc1c0883b301a18c7804b8256a6fc013f86d213e0d
2026-07-22T15:16:15Z,loop-digest,0.010000,0x65bb932d9987f1d1a98b8942a3fa98cb28ec073b,eip155:196,settled,v2-header,0xdc1270c40fbc60c3b818b844e0243960dda745b6ba430be460bb8799c431ca58
2026-07-22T15:16:18Z,perp-gate,0.010000,0x65bb932d9987f1d1a98b8942a3fa98cb28ec073b,eip155:196,settled,v2-header,0xbb5039a1c364d2cae3b6722a7947b34d62d068e9d4097313789dd05942ec6952
2026-07-22T15:16:21Z,perp-gate,0.010000,0x65bb932d9987f1d1a98b8942a3fa98cb28ec073b,eip155:196,settled,v2-header,0xa41dc5dce91b34a6cf8905aa5fd2f9ae124d94dea909bb962388da2f7bd42b19
2026-07-22T15:16:23Z,perp-gate,0.010000,0x65bb932d9987f1d1a98b8942a3fa98cb28ec073b,eip155:196,settled,v2-header,0x69cb79606ab72ac6cc3b3b1ef91dd01bdde39afb7c99b1c094e9aca03ba33ea0
2026-07-22T15:16:26Z,portfolio-gate,0.050000,0x65bb932d9987f1d1a98b8942a3fa98cb28ec073b,eip155:196,settled,v2-header,0x8965fb5f0677ffb4ad66eb5603313c06554a60a32bba575f0dfcb6069e2f6787
2026-07-22T15:31:31Z,perp-gate,0.010000,0x65bb932d9987f1d1a98b8942a3fa98cb28ec073b,eip155:196,settled,v2-header,0xf4c0255497ce8d9b4ce9f05002169ef5cee5087966b0ad3971fdca243a0e44ee
2026-07-22T15:31:33Z,perp-gate,0.010000,0x65bb932d9987f1d1a98b8942a3fa98cb28ec073b,eip155:196,settled,v2-header,0x4bed84f5c26f0ebdc14877076312924f96ca5de537600c8f94394454e1fa8b66
2026-07-22T15:31:36Z,perp-gate,0.010000,0x65bb932d9987f1d1a98b8942a3fa98cb28ec073b,eip155:196,settled,v2-header,0xd524d1e541acd076be50adac4c92a4f2b6ae3c23776d72fa90f1970b403b3fcf
2026-07-22T15:46:40Z,macro-sentry,0.005000,0x65bb932d9987f1d1a98b8942a3fa98cb28ec073b,eip155:196,settled,v2-header,0x08d28b01c80a9b31096143b9d89e90060e5e366f7b8c5704270e4f8ddfb66da7
2026-07-22T15:46:43Z,updown-pulse,0.010000,0x65bb932d9987f1d1a98b8942a3fa98cb28ec073b,eip155:196,settled,v2-header,0x3f65189a17efe70cf924ffb6771fd20684eda176f6260b0d5f40ff2f2e2d4bc8
2026-07-22T15:46:46Z,updown-pulse,0.010000,0x65bb932d9987f1d1a98b8942a3fa98cb28ec073b,eip155:196,settled,v2-header,0x2934abe74554c053d554e65f1dbe90de1c4175e965bdbc1425ed25235cc62405
2026-07-22T15:46:49Z,loop-digest,0.010000,0x65bb932d9987f1d1a98b8942a3fa98cb28ec073b,eip155:196,settled,v2-header,0x8b82341cecd09b3d97d885defc4c31f22a151a1bae560ea0ccad557c3537d90b
2026-07-22T15:46:52Z,perp-gate,0.010000,0x65bb932d9987f1d1a98b8942a3fa98cb28ec073b,eip155:196,settled,v2-header,0xac4ef3394e714ded1e9963c70b2f7f863e1c818c00c249567139343212277de0
2026-07-22T15:46:55Z,perp-gate,0.010000,0x65bb932d9987f1d1a98b8942a3fa98cb28ec073b,eip155:196,settled,v2-header,0xdfafbc2584fd803a724fe09d98732dee6ba9e3e7a7f734f942b9074cb9da27f2
2026-07-22T15:46:57Z,perp-gate,0.010000,0x65bb932d9987f1d1a98b8942a3fa98cb28ec073b,eip155:196,settled,v2-header,0x966c953cfd7ab703862198f9baaf2380074d075eb3e5bbbfcd9d729993b0fd04
2026-07-22T16:02:03Z,perp-gate,0.010000,0x65bb932d9987f1d1a98b8942a3fa98cb28ec073b,eip155:196,settled,v2-header,0xbfc7ec22a541bf82896aa86afd6156888a8a22f66f820b2a0a229dd919629826
2026-07-22T16:02:05Z,perp-gate,0.010000,0x65bb932d9987f1d1a98b8942a3fa98cb28ec073b,eip155:196,settled,v2-header,0xe7b363833d4efdc1fce1f05159ed71235558c10d10720d6a7f34f3347e366581
2026-07-22T16:02:08Z,perp-gate,0.010000,0x65bb932d9987f1d1a98b8942a3fa98cb28ec073b,eip155:196,settled,v2-header,0xb65cdc155210c6b5494e44cdba31fde715e1d1e0f0d2575c56efa8027e2d9b98
2026-07-22T16:17:13Z,updown-pulse,0.010000,0x65bb932d9987f1d1a98b8942a3fa98cb28ec073b,eip155:196,settled,v2-header,0x7b5fffcbeb2ec0e8b6262d379d67891713cacc5367d74ab4442e1f7b6cd8daf5
2026-07-22T16:17:16Z,updown-pulse,0.010000,0x65bb932d9987f1d1a98b8942a3fa98cb28ec073b,eip155:196,settled,v2-header,0x88f160a9c565aaff37ca70f113a621c2c0a975b409d3c4c10e16d2a0996788bc
2026-07-22T16:17:18Z,loop-digest,0.010000,0x65bb932d9987f1d1a98b8942a3fa98cb28ec073b,eip155:196,settled,v2-header,0x7802aa1bbb27082f21c7e5352bde0748d7020fc189b22c4c74f41db45aaaa203
2026-07-22T16:17:22Z,perp-gate,0.010000,0x65bb932d9987f1d1a98b8942a3fa98cb28ec073b,eip155:196,settled,v2-header,0x18111e9e80faac07a3133e1079ff2417b1e56f201649a3b93709ae88356b2c79
2026-07-22T16:17:24Z,perp-gate,0.010000,0x65bb932d9987f1d1a98b8942a3fa98cb28ec073b,eip155:196,settled,v2-header,0x02286186f8125e34ef5cb546660132eb4842dba92421c3420a2f7de0105b3217
2026-07-22T16:17:27Z,perp-gate,0.010000,0x65bb932d9987f1d1a98b8942a3fa98cb28ec073b,eip155:196,settled,v2-header,0x31d3f8a517f6a60a0b03fff16a736229fdd193e77dfefafd3f5146dea3a581ce
2026-07-22T16:17:29Z,portfolio-gate,0.050000,0x65bb932d9987f1d1a98b8942a3fa98cb28ec073b,eip155:196,settled,v2-header,0x53aee9ddc2733702950e91f73f7275f271c9ca310962b4a52e8c0e8c1271b2b1
2026-07-22T16:32:34Z,perp-gate,0.010000,0x65bb932d9987f1d1a98b8942a3fa98cb28ec073b,eip155:196,settled,v2-header,0x942b322b3d6d9c94bc79cf995d6b19043458361b2761782fb28f9f5cffb81e80
2026-07-22T16:32:37Z,perp-gate,0.010000,0x65bb932d9987f1d1a98b8942a3fa98cb28ec073b,eip155:196,settled,v2-header,0xca2fcae4c4d8f9dc0705cd3f25d85efa7b66abb1893b06581b937ae9055b7f1a
2026-07-22T16:32:39Z,perp-gate,0.010000,0x65bb932d9987f1d1a98b8942a3fa98cb28ec073b,eip155:196,settled,v2-header,0xbbdfdbc973d1729a84d682babd2f713674b014c73764488fa81e6fb48d5bddee
2026-07-22T16:47:44Z,macro-sentry,0.005000,0x65bb932d9987f1d1a98b8942a3fa98cb28ec073b,eip155:196,settled,v2-header,0xbe55f915ffb0e0afb637d9cbc3c5722712365d07a37f78326f372a5852bed069
2026-07-22T16:47:47Z,options-desk,0.010000,0x65bb932d9987f1d1a98b8942a3fa98cb28ec073b,eip155:196,settled,v2-header,0x4e68e04e6d6f084abee1751424c671547b60ad09558737e05ca4e573839504ed
2026-07-22T16:47:50Z,updown-pulse,0.010000,0x65bb932d9987f1d1a98b8942a3fa98cb28ec073b,eip155:196,settled,v2-header,0xc31c7db68c95ac0a330f3b0851bfbfbdfba9576918ed8b622663ee220935d8b5
2026-07-22T16:47:53Z,updown-pulse,0.010000,0x65bb932d9987f1d1a98b8942a3fa98cb28ec073b,eip155:196,settled,v2-header,0x8011d2acd0063ff9c38219a4b07278ed2e6e48d68ef8f3c2fb1e1012aad10cb8
2026-07-22T16:47:56Z,loop-digest,0.010000,0x65bb932d9987f1d1a98b8942a3fa98cb28ec073b,eip155:196,settled,v2-header,0x225e46e0caf1e1229c56b7cb0a1a099a1948dc14bbfa45b0d61a315072c94317
2026-07-22T16:47:58Z,perp-gate,0.010000,0x65bb932d9987f1d1a98b8942a3fa98cb28ec073b,eip155:196,settled,v2-header,
2026-07-22T16:48:00Z,perp-gate,0.010000,0x65bb932d9987f1d1a98b8942a3fa98cb28ec073b,eip155:196,settled,v2-header,
2026-07-22T16:48:03Z,perp-gate,0.010000,0x65bb932d9987f1d1a98b8942a3fa98cb28ec073b,eip155:196,settled,v2-header,0x5faef3976f36eece8b8c96e9b88bc6cf401cb3becee83ec7ea715701feb8b717
2026-07-22T17:03:08Z,perp-gate,0.010000,0x65bb932d9987f1d1a98b8942a3fa98cb28ec073b,eip155:196,settled,v2-header,0x1b8b1d3f39f35f062e167f6b3b51131d7b85f7e8fe3370a216290954ba4c1605
2026-07-22T17:03:10Z,perp-gate,0.010000,0x65bb932d9987f1d1a98b8942a3fa98cb28ec073b,eip155:196,settled,v2-header,0x27508276ca2c20f5b884db9038ce2955ea96e55661bc262bae5aa290f002ac00
2026-07-22T17:03:13Z,perp-gate,0.010000,0x65bb932d9987f1d1a98b8942a3fa98cb28ec073b,eip155:196,settled,v2-header,0xabc6b845e5b71a691d6da75655c6e6a1c6ca918f636523965813b86b003d8176
2026-07-22T17:18:18Z,updown-pulse,0.010000,0x65bb932d9987f1d1a98b8942a3fa98cb28ec073b,eip155:196,settled,v2-header,0x07562dc0850dfe831ff7a3d66f42d5bf3d82dc25d6519f4b100b4b830077c216
2026-07-22T17:18:21Z,updown-pulse,0.010000,0x65bb932d9987f1d1a98b8942a3fa98cb28ec073b,eip155:196,settled,v2-header,0xb26076cbbc20a10376b2b4d39908553a72223a3fff55979ef0269a460bf79087
2026-07-22T17:18:23Z,loop-digest,0.010000,0x65bb932d9987f1d1a98b8942a3fa98cb28ec073b,eip155:196,settled,v2-header,0x8788051aade597e1351ed316178e2992bdd1fb5b228426df4cf1eb7b30dfc770
2026-07-22T17:18:27Z,perp-gate,0.010000,0x65bb932d9987f1d1a98b8942a3fa98cb28ec073b,eip155:196,settled,v2-header,0xb0847252aa3b47ad30682c4a7b6bd407e608f6613a8a3b2610573e620a1a35ac
2026-07-22T17:18:29Z,perp-gate,0.010000,0x65bb932d9987f1d1a98b8942a3fa98cb28ec073b,eip155:196,settled,v2-header,0x64ddc556fe86bd811a9ff828f9174ebb45e23a28dffef1516131409d0ce5ed37
2026-07-22T17:18:31Z,perp-gate,0.010000,0x65bb932d9987f1d1a98b8942a3fa98cb28ec073b,eip155:196,settled,v2-header,0x73939429626e14dd07790b6c93a297bcb85cb259d72215e8aa844ec7a41a8bbb
2026-07-22T17:18:34Z,portfolio-gate,0.050000,0x65bb932d9987f1d1a98b8942a3fa98cb28ec073b,eip155:196,settled,v2-header,0xfa7662145a9f53b367024cbc9cf448dfdf47d8aee3df288ac1454febe98ac595
2026-07-22T17:33:39Z,perp-gate,0.010000,0x65bb932d9987f1d1a98b8942a3fa98cb28ec073b,eip155:196,settled,v2-header,0xe5203320b21886fd53b19ad916707bb7df28c1c0680cc2d29e82eadd7d066ae8
2026-07-22T17:33:41Z,perp-gate,0.010000,0x65bb932d9987f1d1a98b8942a3fa98cb28ec073b,eip155:196,settled,v2-header,0x95a2af32bfc5199a1054f135cbdabdebbb680b4276f2454a43ce147b7410dd73
2026-07-22T17:33:44Z,perp-gate,0.010000,0x65bb932d9987f1d1a98b8942a3fa98cb28ec073b,eip155:196,settled,v2-header,0x4058e194285a849b9425791b7bb4bda097301215573ed3881354c14cbd861f1a
2026-07-22T17:48:49Z,macro-sentry,0.005000,0x65bb932d9987f1d1a98b8942a3fa98cb28ec073b,eip155:196,settled,v2-header,0xb576069a13c8ececc5ef97113583b4cdb897e071a688493e95607d1144804833
2026-07-22T17:48:52Z,updown-pulse,0.010000,0x65bb932d9987f1d1a98b8942a3fa98cb28ec073b,eip155:196,settled,v2-header,0x99c12d5a8dfa5d8a458c1d7b27f6ec00dfd3d10e7466a9bea22fa32e8d99156d
2026-07-22T17:48:55Z,updown-pulse,0.010000,0x65bb932d9987f1d1a98b8942a3fa98cb28ec073b,eip155:196,settled,v2-header,0x77063c6e1d1faebac40668fbf3cb9500ee4a3bdf491e56e9227480e0aa58c45e
2026-07-22T17:48:57Z,loop-digest,0.010000,0x65bb932d9987f1d1a98b8942a3fa98cb28ec073b,eip155:196,settled,v2-header,0x615f0b61733b99728e9c572f2cf75e3cd995efee3e72afad0b157fd33c5faa60
2026-07-22T17:49:00Z,perp-gate,0.010000,0x65bb932d9987f1d1a98b8942a3fa98cb28ec073b,eip155:196,settled,v2-header,
2026-07-22T17:49:02Z,perp-gate,0.010000,0x65bb932d9987f1d1a98b8942a3fa98cb28ec073b,eip155:196,settled,v2-header,0x7857a79809063e5ad823b2437bae123afa1edbc10d6e56be5ef4e87029ad6e91
2026-07-22T17:49:05Z,perp-gate,0.010000,0x65bb932d9987f1d1a98b8942a3fa98cb28ec073b,eip155:196,settled,v2-header,0x0c7549c36437cae16ecfcac2612453d916c400aff679a3813264cd6fc632edf6
2026-07-22T18:04:10Z,perp-gate,0.010000,0x65bb932d9987f1d1a98b8942a3fa98cb28ec073b,eip155:196,settled,v2-header,0xa391f62fd314182f2db8d1db385ba3d55d85188efaf1f55c30ce039d2326f796
2026-07-22T18:04:12Z,perp-gate,0.010000,0x65bb932d9987f1d1a98b8942a3fa98cb28ec073b,eip155:196,settled,v2-header,0x9552072686c81fb0ad40d3e50a744a08eab63533b4908da90e2a9a6b180f4cf4
2026-07-22T18:04:15Z,perp-gate,0.010000,0x65bb932d9987f1d1a98b8942a3fa98cb28ec073b,eip155:196,settled,v2-header,0xe1999d9f54622a8fdccc467e4381b2ea0130d5501d1aa44f0452363a24d26e94
2026-07-22T18:19:20Z,updown-pulse,0.010000,0x65bb932d9987f1d1a98b8942a3fa98cb28ec073b,eip155:196,settled,v2-header,0x47513c1563dd620c8629ea9eacec23af3fd0352afca4d00440efccd9c1a7fc6b
2026-07-22T18:19:23Z,updown-pulse,0.010000,0x65bb932d9987f1d1a98b8942a3fa98cb28ec073b,eip155:196,settled,v2-header,0x5cb31bae79465cc9cbcfd46ba9499b930ab6bc20070f9dc5a6dc73de0a850f9e
2026-07-22T18:19:25Z,loop-digest,0.010000,0x65bb932d9987f1d1a98b8942a3fa98cb28ec073b,eip155:196,settled,v2-header,0x6f9d487387b8a84aa70c565e9d73e39ff7a5043f5b7fff245c73dbe2488c8439
2026-07-22T18:19:29Z,perp-gate,0.010000,0x65bb932d9987f1d1a98b8942a3fa98cb28ec073b,eip155:196,settled,v2-header,0x4bf1d89b94fbe8e675fdc1198d67319c45248c54701ec2984791b5cd2f235bbc
2026-07-22T18:19:31Z,perp-gate,0.010000,0x65bb932d9987f1d1a98b8942a3fa98cb28ec073b,eip155:196,settled,v2-header,0x4b56ca2440247a423c0ed9e1469166e931c1efb4e8473a9f973ae2751df42a2f
2026-07-22T18:19:34Z,perp-gate,0.010000,0x65bb932d9987f1d1a98b8942a3fa98cb28ec073b,eip155:196,settled,v2-header,0xc5e36f92b246e1945ea15899da0e4f26373d080aa7c63ca4a600f190dc47c104
2026-07-22T18:19:36Z,portfolio-gate,0.050000,0x65bb932d9987f1d1a98b8942a3fa98cb28ec073b,eip155:196,settled,v2-header,0x780396a2f9cc6c1944eeb5e2ff08329f69f4a3e2fd88abb0fcd72e1aa8bedc63
2026-07-22T18:34:41Z,perp-gate,0.010000,0x65bb932d9987f1d1a98b8942a3fa98cb28ec073b,eip155:196,settled,v2-header,
2026-07-22T18:34:43Z,perp-gate,0.010000,0x65bb932d9987f1d1a98b8942a3fa98cb28ec073b,eip155:196,settled,v2-header,0x4179503aad31a589adb00c268da4e8d7a5f3aa591b12e73b32ae90da92959d8b
2026-07-22T18:34:46Z,perp-gate,0.010000,0x65bb932d9987f1d1a98b8942a3fa98cb28ec073b,eip155:196,settled,v2-header,0xc805c1f23b0ba53a7c1ece9ea8c45b242c5a5c1ba6866fc0b7e47a6814432031
2026-07-22T18:49:50Z,macro-sentry,0.005000,0x65bb932d9987f1d1a98b8942a3fa98cb28ec073b,eip155:196,settled,v2-header,0x0514f83f75236b536da9cb29ac34816e4ef106268f79e9086829bedcc13f6f99
2026-07-22T18:49:54Z,options-desk,0.010000,0x65bb932d9987f1d1a98b8942a3fa98cb28ec073b,eip155:196,settled,v2-header,0xe9335325fdb62beaf744a83ec5675d0cbd5bd2e2ab7ddf69826d121e13b04699
2026-07-22T18:49:57Z,updown-pulse,0.010000,0x65bb932d9987f1d1a98b8942a3fa98cb28ec073b,eip155:196,settled,v2-header,0x51103a39770753751dbe4eceaa4a2c100c70ae3c505f9be4b0cdd12f4c8ce811
2026-07-22T18:50:00Z,updown-pulse,0.010000,0x65bb932d9987f1d1a98b8942a3fa98cb28ec073b,eip155:196,settled,v2-header,0x96ad9eb7afbe4b2439954328e9a77bce763d54270733d2ada29ed47467f016ab
2026-07-22T18:50:03Z,loop-digest,0.010000,0x65bb932d9987f1d1a98b8942a3fa98cb28ec073b,eip155:196,settled,v2-header,0x2023578476f4762db41d36102a789cc95bd5181871bce2c25af45dcc06ea9e44
2026-07-22T18:50:06Z,perp-gate,0.010000,0x65bb932d9987f1d1a98b8942a3fa98cb28ec073b,eip155:196,settled,v2-header,0x0dcc25f4074fa2198dd18a999ffdb80c94433d3d36da35af6ab7f3603e79f740
2026-07-22T18:50:08Z,perp-gate,0.010000,0x65bb932d9987f1d1a98b8942a3fa98cb28ec073b,eip155:196,settled,v2-header,0xc99548483a4d7028d06855a405edf71221c610839436d8bc005d2af4d81b7e5a
2026-07-22T18:50:11Z,perp-gate,0.010000,0x65bb932d9987f1d1a98b8942a3fa98cb28ec073b,eip155:196,settled,v2-header,0x58b21f7c7821a7f1ebe0438f6d4ed2fdf39db3bfbf99fb6f8b950ebb6f461421
2026-07-22T19:05:16Z,perp-gate,0.010000,0x65bb932d9987f1d1a98b8942a3fa98cb28ec073b,eip155:196,settled,v2-header,0xdc3fe2b69f3b7f6a638719901a2a03c15e55eef25a26e0991b54bf2b1bea2f0e
2026-07-22T19:05:19Z,perp-gate,0.010000,0x65bb932d9987f1d1a98b8942a3fa98cb28ec073b,eip155:196,settled,v2-header,0x1cc2e995afb87cd7381d1d3c5633178e9831a57771cde4a372fc970542b5e562
2026-07-22T19:05:21Z,perp-gate,0.010000,0x65bb932d9987f1d1a98b8942a3fa98cb28ec073b,eip155:196,settled,v2-header,0x0b6182d90a02dce460328b943eabe8e5158e5eee88f1c04e23ea86ca7c8a1d56
2026-07-22T19:20:26Z,updown-pulse,0.010000,0x65bb932d9987f1d1a98b8942a3fa98cb28ec073b,eip155:196,settled,v2-header,0x72dd24d904060f76b79dc6569d359c1a2f7105c04f06452ca0c3a22a59ca0df0
2026-07-22T19:20:29Z,updown-pulse,0.010000,0x65bb932d9987f1d1a98b8942a3fa98cb28ec073b,eip155:196,settled,v2-header,0x4e69bee1704fc84daf39f32b109f6d55797dea6cf4bed4fc1a88fa120f1eca6e
2026-07-22T19:20:31Z,loop-digest,0.010000,0x65bb932d9987f1d1a98b8942a3fa98cb28ec073b,eip155:196,settled,v2-header,0x561aba635e2a37e93da54f68c0bb81aa2b801c62ce4bcdce01db320aa8e7c118
2026-07-22T19:20:35Z,perp-gate,0.010000,0x65bb932d9987f1d1a98b8942a3fa98cb28ec073b,eip155:196,settled,v2-header,0x153e9bebe4fee4f1e12a97d5109903d35110a8ada898766459a043999b844773
2026-07-22T19:20:37Z,perp-gate,0.010000,0x65bb932d9987f1d1a98b8942a3fa98cb28ec073b,eip155:196,settled,v2-header,0x0f4c73abbffcba63e1ce8163442ea81afd8583305480146a9c9de4d0faf393ce
2026-07-22T19:20:40Z,perp-gate,0.010000,0x65bb932d9987f1d1a98b8942a3fa98cb28ec073b,eip155:196,settled,v2-header,0x512c87f49cf033407ba8c17f06609a83c0cc383d4859ef409ed47012a375f422
2026-07-22T19:20:42Z,portfolio-gate,0.050000,0x65bb932d9987f1d1a98b8942a3fa98cb28ec073b,eip155:196,settled,v2-header,0xcbef87dd6a4c183d10e7e37f530a1a5fa83bf81d7247e37c18d30e415c1d06e6
2026-07-22T19:35:47Z,perp-gate,0.010000,0x65bb932d9987f1d1a98b8942a3fa98cb28ec073b,eip155:196,settled,v2-header,0xa21b00c4257b50215b5806542955c0d971a31ac1bbc3e180eddb016ccdfe96a0
2026-07-22T19:35:49Z,perp-gate,0.010000,0x65bb932d9987f1d1a98b8942a3fa98cb28ec073b,eip155:196,settled,v2-header,0x6cc8ee47e14d89684f07635c6f062c9a13ce810ae5cba26ed5efe4b84f5e479f
2026-07-22T19:35:52Z,perp-gate,0.010000,0x65bb932d9987f1d1a98b8942a3fa98cb28ec073b,eip155:196,settled,v2-header,0x90ac126b555334e57e4b8e8e6bcb0338738f9dc9ab0fb0198b555b1383fd48ba
2026-07-22T19:50:56Z,macro-sentry,0.005000,0x65bb932d9987f1d1a98b8942a3fa98cb28ec073b,eip155:196,settled,v2-header,0x70c50f9d2373287bebb7b2af9c1cb654baf299ca392b21ac33c7b689f64897e8
2026-07-22T19:50:59Z,updown-pulse,0.010000,0x65bb932d9987f1d1a98b8942a3fa98cb28ec073b,eip155:196,settled,v2-header,0x2746653f58e6915e2a5603bb09f5f0416dd5a4c99593414c4d79c16aa4df7f78
2026-07-22T19:51:02Z,updown-pulse,0.010000,0x65bb932d9987f1d1a98b8942a3fa98cb28ec073b,eip155:196,settled,v2-header,0x38795c1fee4f6613fccb6b7a3e4b838fbee14048cea89a04a486ba2242ff0df2
2026-07-22T19:51:05Z,loop-digest,0.010000,0x65bb932d9987f1d1a98b8942a3fa98cb28ec073b,eip155:196,settled,v2-header,0xe87110c697011832baa6d08a52627ff1b5c044e13c5131946e1de421dc14e080
2026-07-22T19:51:08Z,perp-gate,0.010000,0x65bb932d9987f1d1a98b8942a3fa98cb28ec073b,eip155:196,settled,v2-header,0x89b5aead67c2b03f09f01db789f9a741c556757cc5c41db2300b0737c38241a9
2026-07-22T19:51:11Z,perp-gate,0.010000,0x65bb932d9987f1d1a98b8942a3fa98cb28ec073b,eip155:196,settled,v2-header,0x72b72e6e7df1130fc6c047435872cb0effc8642c67a99218f49e7f81af37e6fd
2026-07-22T19:51:13Z,perp-gate,0.010000,0x65bb932d9987f1d1a98b8942a3fa98cb28ec073b,eip155:196,settled,v2-header,0x98e4fdd03c9d0714d2e777311b0730bd01d52f3c4f61e5c07779b3e907d71ff1
2026-07-22T20:06:18Z,perp-gate,0.010000,0x65bb932d9987f1d1a98b8942a3fa98cb28ec073b,eip155:196,settled,v2-header,0xbd01ee576e084892187e20c231153d2faa560dcd84fc0fb980dae6b867c73ac0
2026-07-22T20:06:21Z,perp-gate,0.010000,0x65bb932d9987f1d1a98b8942a3fa98cb28ec073b,eip155:196,settled,v2-header,0x15a0d10ed10dc48565aab9cb12095fb2cdd930a64c3ffa1f309a23f35e8fda1d
2026-07-22T20:06:23Z,perp-gate,0.010000,0x65bb932d9987f1d1a98b8942a3fa98cb28ec073b,eip155:196,settled,v2-header,0x827a06897c8ed4e9712ad91ed2a17b27fd7fbed54de4b0a2b1d527bd698fec15
2026-07-22T20:21:28Z,updown-pulse,0.010000,0x65bb932d9987f1d1a98b8942a3fa98cb28ec073b,eip155:196,settled,v2-header,0x1d693f449c7ec31531aa80c06da690fac346460c531b8d1578cd181ea9bad774
2026-07-22T20:21:31Z,updown-pulse,0.010000,0x65bb932d9987f1d1a98b8942a3fa98cb28ec073b,eip155:196,settled,v2-header,0x6fd2d03f68ced4e0c6109a2e0231894c39edb2cb709c8982d556c37b55916b4c
2026-07-22T20:21:34Z,loop-digest,0.010000,0x65bb932d9987f1d1a98b8942a3fa98cb28ec073b,eip155:196,settled,v2-header,0x1e6507dbbee6d156299554e0497787cef61ce3d8caed246bc55b85d931545c62
2026-07-22T20:21:37Z,perp-gate,0.010000,0x65bb932d9987f1d1a98b8942a3fa98cb28ec073b,eip155:196,settled,v2-header,0x2c16c1846efd8e384852137c8a56511af4f1896874b4e0cb3ab3a8847f62e15c
2026-07-22T20:21:39Z,perp-gate,0.010000,0x65bb932d9987f1d1a98b8942a3fa98cb28ec073b,eip155:196,settled,v2-header,0x54f6048d8951754585357ca4ef46268beffcdaea2b479b35007bb66d00df9819
2026-07-22T20:21:41Z,perp-gate,0.010000,0x65bb932d9987f1d1a98b8942a3fa98cb28ec073b,eip155:196,settled,v2-header,0x43bace2fd72001ec92403b69f9183f14847229c55c17d375852abf55639872e1
2026-07-22T20:21:44Z,portfolio-gate,0.050000,0x65bb932d9987f1d1a98b8942a3fa98cb28ec073b,eip155:196,settled,v2-header,0x17251b05f468c02d834ce39bbef8d49afee789945a5a897e3f32f2ecc406fe53
2026-07-22T20:36:49Z,perp-gate,0.010000,0x65bb932d9987f1d1a98b8942a3fa98cb28ec073b,eip155:196,settled,v2-header,0x1d940ecea6f1298f215978d9c39c7c1d964b9bd229e0f7d829bf00bae3f51a60
2026-07-22T20:36:52Z,perp-gate,0.010000,0x65bb932d9987f1d1a98b8942a3fa98cb28ec073b,eip155:196,settled,v2-header,0x481801b063fd9ba8ca3032c0eb75044195cc1909938b2e6d725b13ac29b4e798
2026-07-22T20:36:54Z,perp-gate,0.010000,0x65bb932d9987f1d1a98b8942a3fa98cb28ec073b,eip155:196,settled,v2-header,0xe2d44cd656ce5d291e6aeb35657a959756101eed8165e61dbbecc8e239f8736f
2026-07-22T20:36:57Z,protocol-pulse,0.010000,0x65bb932d9987f1d1a98b8942a3fa98cb28ec073b,eip155:196,settled,v2-header,0x539aa1a12de93750e1378876fe3366eaad050282edd438a36ad15ad7f2cd7537
2026-07-22T20:52:02Z,macro-sentry,0.005000,0x65bb932d9987f1d1a98b8942a3fa98cb28ec073b,eip155:196,settled,v2-header,0xccc6541e2d8dc19fefd4ee313eb25bfbc4fc567359f8509064431b3f43c11aa6
2026-07-22T20:52:05Z,options-desk,0.010000,0x65bb932d9987f1d1a98b8942a3fa98cb28ec073b,eip155:196,settled,v2-header,0x2a83c8a96ad307ca61f52e7b2104b002f8183992088332447c76c19bb70ef08f
2026-07-22T20:52:08Z,updown-pulse,0.010000,0x65bb932d9987f1d1a98b8942a3fa98cb28ec073b,eip155:196,settled,v2-header,0xf0971e6c82a12588b6b77596e9c5629ef4eb65a13e9d16bf7308b96641c14434
2026-07-22T20:52:11Z,updown-pulse,0.010000,0x65bb932d9987f1d1a98b8942a3fa98cb28ec073b,eip155:196,settled,v2-header,0x0b37ec24494d9c5d502d0cc02eb8e97b9332e51bf7eaf927343d1d5d715facdc
2026-07-22T20:52:13Z,loop-digest,0.010000,0x65bb932d9987f1d1a98b8942a3fa98cb28ec073b,eip155:196,settled,v2-header,0xa9e6d2cbe9b0c3b0dec21b79f9b2432512e3ca2bb5bee0b077a2858a944722f2
2026-07-22T20:52:16Z,perp-gate,0.010000,0x65bb932d9987f1d1a98b8942a3fa98cb28ec073b,eip155:196,settled,v2-header,0xdf556868483551e4239ff11e83e0c0dc24d4d3faf3547dbbf51ae9cc3a055f70
2026-07-22T20:52:19Z,perp-gate,0.010000,0x65bb932d9987f1d1a98b8942a3fa98cb28ec073b,eip155:196,settled,v2-header,0x7ea21d9b7f36c876abc17b6bee394155b74831a9a6e4b2328e299998d7f027d7
2026-07-22T20:52:21Z,perp-gate,0.010000,0x65bb932d9987f1d1a98b8942a3fa98cb28ec073b,eip155:196,settled,v2-header,0xc6de8180e461c09c2818d49fb285abfd6feae53c96d6974c01ce685ff969c912
2026-07-22T21:07:26Z,perp-gate,0.010000,0x65bb932d9987f1d1a98b8942a3fa98cb28ec073b,eip155:196,settled,v2-header,0x82fed8446494492c5b1f4a9ef11d26e002ab065f141980cd35778ed9d358e8bc
2026-07-22T21:07:29Z,perp-gate,0.010000,0x65bb932d9987f1d1a98b8942a3fa98cb28ec073b,eip155:196,settled,v2-header,0x6d9c43cb3b4b912d08dcaf87bad34d7de8e4e1053f06a5f2c6632541d2d92b33
2026-07-22T21:07:31Z,perp-gate,0.010000,0x65bb932d9987f1d1a98b8942a3fa98cb28ec073b,eip155:196,settled,v2-header,0xa1f70551eaad58c2140b79fea3e779353b997a2191c8e86af0bfff3c7b3c91f1
2026-07-22T21:22:37Z,updown-pulse,0.010000,0x65bb932d9987f1d1a98b8942a3fa98cb28ec073b,eip155:196,settled,v2-header,0xde336cfceb37ee52ea7d4eff98b47bf99dc8f25522b58fcc7f879f98bfb479c2
2026-07-22T21:22:39Z,updown-pulse,0.010000,0x65bb932d9987f1d1a98b8942a3fa98cb28ec073b,eip155:196,settled,v2-header,0x00eb6c9e2d47461ec2d60ad93caff803283882a5163f08d905e9f3765de4011a
2026-07-22T21:22:42Z,loop-digest,0.010000,0x65bb932d9987f1d1a98b8942a3fa98cb28ec073b,eip155:196,settled,v2-header,0x010d0e8d05c677644964f5a126c199e221948d49618b697e61ad4e227f03c3ae
2026-07-22T21:22:45Z,perp-gate,0.010000,0x65bb932d9987f1d1a98b8942a3fa98cb28ec073b,eip155:196,settled,v2-header,0xeb59d6bd3ef83290e7a5057faa26bd697496f8b209e2a6d2ebd81a2fdad5049f
2026-07-22T21:22:48Z,perp-gate,0.010000,0x65bb932d9987f1d1a98b8942a3fa98cb28ec073b,eip155:196,settled,v2-header,0xf8ae8adb18179af8a2075822d84513bf800e7691496505a1bf51d9f65e66146f
2026-07-22T21:22:50Z,perp-gate,0.010000,0x65bb932d9987f1d1a98b8942a3fa98cb28ec073b,eip155:196,settled,v2-header,0x6c7e2528293e2a1bfb6104304bf8e7b6316e3383f8290c7b9b51cf9cd4c2cdbc
2026-07-22T21:22:52Z,portfolio-gate,0.050000,0x65bb932d9987f1d1a98b8942a3fa98cb28ec073b,eip155:196,settled,v2-header,0x8432eda87b87cc6efa66878b0516881a68693ee449345804ef4c667e616cbc66
2026-07-22T21:37:56Z,perp-gate,0.010000,0x65bb932d9987f1d1a98b8942a3fa98cb28ec073b,eip155:196,settled,v2-header,
2026-07-22T21:37:57Z,perp-gate,0.010000,0x65bb932d9987f1d1a98b8942a3fa98cb28ec073b,eip155:196,settled,v2-header,
2026-07-22T21:37:59Z,perp-gate,0.010000,0x65bb932d9987f1d1a98b8942a3fa98cb28ec073b,eip155:196,settled,v2-header,
2026-07-22T21:53:03Z,macro-sentry,0.005000,0x65bb932d9987f1d1a98b8942a3fa98cb28ec073b,eip155:196,settled,v2-header,0x7fda489552db5701160169ca19c87514a134885f15ca6b739a84c2e1877ab878
2026-07-22T21:53:06Z,updown-pulse,0.010000,0x65bb932d9987f1d1a98b8942a3fa98cb28ec073b,eip155:196,settled,v2-header,0x526723f28b48da70534da11c9ac63f85af41c3d2fd15cd6b112a9daf365cb26c
2026-07-22T21:53:09Z,updown-pulse,0.010000,0x65bb932d9987f1d1a98b8942a3fa98cb28ec073b,eip155:196,settled,v2-header,0x9dc425adf6f85049ed5683c7e114833a9909e4e8e6c0737dfbda12ebac9770d3
2026-07-22T21:53:12Z,loop-digest,0.010000,0x65bb932d9987f1d1a98b8942a3fa98cb28ec073b,eip155:196,settled,v2-header,0x57ad06ef19ae5b6d1e961fdee60b99c37b86f258ab64be9a92a6d5a18e9bc78f
2026-07-22T21:53:15Z,perp-gate,0.010000,0x65bb932d9987f1d1a98b8942a3fa98cb28ec073b,eip155:196,settled,v2-header,0xea64cea6b2994854708e5c176b0cf2bce7c7ef06f702d358f4fdc9adb5fa2e90
2026-07-22T21:53:17Z,perp-gate,0.010000,0x65bb932d9987f1d1a98b8942a3fa98cb28ec073b,eip155:196,settled,v2-header,0xdb23297e23a0e22743510ce4c56aa6cf8be1d7331d7ef90d224d096fcaa2279a
2026-07-22T21:53:20Z,perp-gate,0.010000,0x65bb932d9987f1d1a98b8942a3fa98cb28ec073b,eip155:196,settled,v2-header,0x66381614c523ad2aac65218bec94b9122c9c3862c5be1c9f174413392579d12d
2026-07-22T22:08:25Z,perp-gate,0.010000,0x65bb932d9987f1d1a98b8942a3fa98cb28ec073b,eip155:196,settled,v2-header,0xa1dd96eebfd41e123678087184217794d705303abbf170a44fe5bbe62e4c5209
2026-07-22T22:08:28Z,perp-gate,0.010000,0x65bb932d9987f1d1a98b8942a3fa98cb28ec073b,eip155:196,settled,v2-header,0x45c4e6fa3224c9bfe74669292bcd5c9e0f8f8dbae22fe6d87d0228288ccb3a6b
2026-07-22T22:08:30Z,perp-gate,0.010000,0x65bb932d9987f1d1a98b8942a3fa98cb28ec073b,eip155:196,settled,v2-header,0xd6dd4804ea33146270393cd3a7a0132b3a5febddf69f724ae63b0b41d5520f39
2026-07-22T22:23:35Z,updown-pulse,0.010000,0x65bb932d9987f1d1a98b8942a3fa98cb28ec073b,eip155:196,settled,v2-header,0x6f4431cb39469e094c23cc38a3e21a4914cf60e899e81b71c63979761e71fb12
2026-07-22T22:23:38Z,updown-pulse,0.010000,0x65bb932d9987f1d1a98b8942a3fa98cb28ec073b,eip155:196,settled,v2-header,0x37c9d2540081961c82bba0ff4ca0a0e73ea5f269af0eacb77a1d68f03881c7a3
2026-07-22T22:23:40Z,loop-digest,0.010000,0x65bb932d9987f1d1a98b8942a3fa98cb28ec073b,eip155:196,settled,v2-header,0x4dc10fc86c125e65b0a3377528fe982cb0600d0cb7e3ac37bea028e125d95547
2026-07-22T22:23:43Z,perp-gate,0.010000,0x65bb932d9987f1d1a98b8942a3fa98cb28ec073b,eip155:196,settled,v2-header,
2026-07-22T22:23:45Z,perp-gate,0.010000,0x65bb932d9987f1d1a98b8942a3fa98cb28ec073b,eip155:196,settled,v2-header,0x1b973cc38f36892d9aad2963eef8a8078e6170518a4d8c7ae0dfd0d127fc49d5
2026-07-22T22:23:48Z,perp-gate,0.010000,0x65bb932d9987f1d1a98b8942a3fa98cb28ec073b,eip155:196,settled,v2-header,0x12c1b15234e56795466984a8e64de86299518ab58c63a288745f3b74ded72b5c
2026-07-22T22:23:50Z,portfolio-gate,0.050000,0x65bb932d9987f1d1a98b8942a3fa98cb28ec073b,eip155:196,settled,v2-header,0xa9fe24f5a704ffae6130a93280ead0fd12c722b77d7f3cf1696ffc0e2dae389b
2026-07-22T22:38:54Z,perp-gate,0.010000,0x65bb932d9987f1d1a98b8942a3fa98cb28ec073b,eip155:196,settled,v2-header,
2026-07-22T22:38:56Z,perp-gate,0.010000,0x65bb932d9987f1d1a98b8942a3fa98cb28ec073b,eip155:196,settled,v2-header,
2026-07-22T22:38:58Z,perp-gate,0.010000,0x65bb932d9987f1d1a98b8942a3fa98cb28ec073b,eip155:196,settled,v2-header,
2026-07-22T22:54:02Z,macro-sentry,0.005000,0x65bb932d9987f1d1a98b8942a3fa98cb28ec073b,eip155:196,settled,v2-header,0x7355652421d8f61eff8bf8379c68f0b983ce9437102ccbcdfad5a62ab6678262
2026-07-22T22:54:06Z,options-desk,0.010000,0x65bb932d9987f1d1a98b8942a3fa98cb28ec073b,eip155:196,settled,v2-header,0x5fafd0bca9351ce6960a795e7405a1131c7304894d8d4e092a57ed50044d42f5
2026-07-22T22:54:09Z,updown-pulse,0.010000,0x65bb932d9987f1d1a98b8942a3fa98cb28ec073b,eip155:196,settled,v2-header,0xf16481d0024deff658fceb9861d8518482e9a02fcecedd90ae48f1164864b18d
2026-07-22T22:54:11Z,updown-pulse,0.010000,0x65bb932d9987f1d1a98b8942a3fa98cb28ec073b,eip155:196,settled,v2-header,0xc37ba12dd4cc2f8c01b204cc0d64acd816941d3d4c75c305fb430f8e30cfef82
2026-07-22T22:54:14Z,loop-digest,0.010000,0x65bb932d9987f1d1a98b8942a3fa98cb28ec073b,eip155:196,settled,v2-header,0x048f187ae627b4cb1310a9025888c78fc1ca38dedcdecb87a814724f287dac2c
2026-07-22T22:54:17Z,perp-gate,0.010000,0x65bb932d9987f1d1a98b8942a3fa98cb28ec073b,eip155:196,settled,v2-header,0x5c400437dbb6fae951ccede959313b6fe7f7c9d97bbfce5bc80380f34d9ec3aa
2026-07-22T22:54:19Z,perp-gate,0.010000,0x65bb932d9987f1d1a98b8942a3fa98cb28ec073b,eip155:196,settled,v2-header,0x2999b7384b563489a523a17cb011c8d28700f3e33f4d2ac051d72e5e100daa8f
2026-07-22T22:54:22Z,perp-gate,0.010000,0x65bb932d9987f1d1a98b8942a3fa98cb28ec073b,eip155:196,settled,v2-header,0x1c46aeb10baf02fc8eaac11dec0b96d318e981e509e8494b20b7a538f994b111
2026-07-22T23:09:27Z,perp-gate,0.010000,0x65bb932d9987f1d1a98b8942a3fa98cb28ec073b,eip155:196,settled,v2-header,0x003c8ab43867f8ae49bffc3a4fa2666583953d964f88ace13d6d9756f2e0ee14
2026-07-22T23:09:30Z,perp-gate,0.010000,0x65bb932d9987f1d1a98b8942a3fa98cb28ec073b,eip155:196,settled,v2-header,0x9943a24c9956c6525424f32446f966a4b2a7081267903228e1abd589aa3e1bfa
2026-07-22T23:09:32Z,perp-gate,0.010000,0x65bb932d9987f1d1a98b8942a3fa98cb28ec073b,eip155:196,settled,v2-header,0x675657c84efad1f9467d092d75c3b6cdd65c3bb95ae3ea0e497c14a996d9c560
2026-07-22T23:24:37Z,updown-pulse,0.010000,0x65bb932d9987f1d1a98b8942a3fa98cb28ec073b,eip155:196,settled,v2-header,0x0bb248de8e319f9a440daa0e0df30f34dac21926f24ee60584b836a3108e862d
2026-07-22T23:24:40Z,updown-pulse,0.010000,0x65bb932d9987f1d1a98b8942a3fa98cb28ec073b,eip155:196,settled,v2-header,0x333d937febe4b834638732376f3e52f853dae4c06f0ea6338453cb8cda34881c
2026-07-22T23:24:43Z,loop-digest,0.010000,0x65bb932d9987f1d1a98b8942a3fa98cb28ec073b,eip155:196,settled,v2-header,0x130dc8c28968ae498699ffdd130fceebe3a30be282ef81893c59459b34a67a03
2026-07-22T23:24:45Z,perp-gate,0.010000,0x65bb932d9987f1d1a98b8942a3fa98cb28ec073b,eip155:196,settled,v2-header,
2026-07-22T23:24:47Z,perp-gate,0.010000,0x65bb932d9987f1d1a98b8942a3fa98cb28ec073b,eip155:196,settled,v2-header,
2026-07-22T23:24:48Z,perp-gate,0.010000,0x65bb932d9987f1d1a98b8942a3fa98cb28ec073b,eip155:196,settled,v2-header,
2026-07-22T23:24:51Z,portfolio-gate,0.050000,0x65bb932d9987f1d1a98b8942a3fa98cb28ec073b,eip155:196,settled,v2-header,0xd7a0780fa17d29c8efc2c6c163a5ab5ddacf84eb219c7a3573e01fdba664d19b
2026-07-22T23:39:55Z,perp-gate,0.010000,0x65bb932d9987f1d1a98b8942a3fa98cb28ec073b,eip155:196,settled,v2-header,
2026-07-22T23:39:59Z,perp-gate,0.010000,0x65bb932d9987f1d1a98b8942a3fa98cb28ec073b,eip155:196,settled,v2-header,
2026-07-22T23:40:02Z,perp-gate,0.010000,0x65bb932d9987f1d1a98b8942a3fa98cb28ec073b,eip155:196,settled,v2-header,0xa3b8b579d9a27499f5c74e27586d7ac6eaf5716fbe710334eaa9ee8d786ccb62
2026-07-22T23:55:07Z,macro-sentry,0.005000,0x65bb932d9987f1d1a98b8942a3fa98cb28ec073b,eip155:196,settled,v2-header,0xe9552c0fb9d2a8e3fffa864e9e8c6da407a01cc56264243faf168c3affcdd35d
2026-07-22T23:55:10Z,updown-pulse,0.010000,0x65bb932d9987f1d1a98b8942a3fa98cb28ec073b,eip155:196,settled,v2-header,0x5c1131b7bee5db44906f5bb014a39f5639ffb561f789208ef53bf9a8d6957afd
2026-07-22T23:55:12Z,updown-pulse,0.010000,0x65bb932d9987f1d1a98b8942a3fa98cb28ec073b,eip155:196,settled,v2-header,0x64f669c6a044c8dd4d7127542e3733e6f0b9421a40e93b0611ea1f7065f09030
2026-07-22T23:55:15Z,loop-digest,0.010000,0x65bb932d9987f1d1a98b8942a3fa98cb28ec073b,eip155:196,settled,v2-header,0x8c7d986b7b60f6e4ba9e01dc01737715f4916252b6a37d2a75c3304cabac95e5
2026-07-22T23:55:18Z,perp-gate,0.010000,0x65bb932d9987f1d1a98b8942a3fa98cb28ec073b,eip155:196,settled,v2-header,0xca9653b550e91379e0906b05839159b39a7080be8cc8ae86551c1e2346607c74
2026-07-22T23:55:21Z,perp-gate,0.010000,0x65bb932d9987f1d1a98b8942a3fa98cb28ec073b,eip155:196,settled,v2-header,0xe12514060ad84fee714c4f2bfae9609f67c74d377f852610674880f8422d7d25
2026-07-22T23:55:23Z,perp-gate,0.010000,0x65bb932d9987f1d1a98b8942a3fa98cb28ec073b,eip155:196,settled,v2-header,0xb5041c00f73847dd1d4f2b36170de58bfb511f57baf1b9aecc130ad7224c8154
2026-07-23T00:10:28Z,perp-gate,0.010000,0x65bb932d9987f1d1a98b8942a3fa98cb28ec073b,eip155:196,settled,v2-header,0xe137e32524030aea0f9b79096a660ebaf76fc2a18939a940c319c6794d4aac73
2026-07-23T00:10:31Z,perp-gate,0.010000,0x65bb932d9987f1d1a98b8942a3fa98cb28ec073b,eip155:196,settled,v2-header,0x6148a0a98261bd6626720886d8b307e489aa1c64241343c329561ecf4e2538ef
2026-07-23T00:10:33Z,perp-gate,0.010000,0x65bb932d9987f1d1a98b8942a3fa98cb28ec073b,eip155:196,settled,v2-header,0x409c2c012d9a96873f757a51d6e530d6ab1673f0437bb363bc9beb4c0f1c3f46
2026-07-23T00:25:38Z,updown-pulse,0.010000,0x65bb932d9987f1d1a98b8942a3fa98cb28ec073b,eip155:196,settled,v2-header,0x7304d9773451735b330f7491fa8b69c2cc485807f21565a4a9f1c45499336dbe
2026-07-23T00:25:41Z,updown-pulse,0.010000,0x65bb932d9987f1d1a98b8942a3fa98cb28ec073b,eip155:196,settled,v2-header,0xbfc642e3da686ddc125861c1e07a960643f7f76aad2939b447fd07f22d31519b
2026-07-23T00:25:43Z,loop-digest,0.010000,0x65bb932d9987f1d1a98b8942a3fa98cb28ec073b,eip155:196,settled,v2-header,0xb9f8115d55623fa704e85ee155730208430c544fbf5aab9964ca4df18c614990
2026-07-23T00:25:47Z,perp-gate,0.010000,0x65bb932d9987f1d1a98b8942a3fa98cb28ec073b,eip155:196,settled,v2-header,0xd2e9d467051bcfec5a1419690e292ae6b427c18cf70e9fc9b999621053d47f78
2026-07-23T00:25:49Z,perp-gate,0.010000,0x65bb932d9987f1d1a98b8942a3fa98cb28ec073b,eip155:196,settled,v2-header,0x03c62ce59396a2754a2aa114e0dcdc550c504a3366789cc5300bd6dc01f8d8cf
2026-07-23T00:25:52Z,perp-gate,0.010000,0x65bb932d9987f1d1a98b8942a3fa98cb28ec073b,eip155:196,settled,v2-header,0x6a1c7a51dcec3b67e0f3ce2e851d88b570c1326c05df8d16db25b675fb0afd03
2026-07-23T00:25:54Z,portfolio-gate,0.050000,0x65bb932d9987f1d1a98b8942a3fa98cb28ec073b,eip155:196,settled,v2-header,0x7f42a1555248f9eefee672c5be6abf354940ed7779c255ab5be59bde8f1812c3
2026-07-23T00:25:57Z,tape-pulse,0.010000,0x65bb932d9987f1d1a98b8942a3fa98cb28ec073b,eip155:196,settled,v2-header,0x322710ec31e5f08948eb0de8beb831cd48f23c88522d00e509d39f9f05a7f9b4
2026-07-23T00:26:05Z,portfolio-gate,0.050000,0x65bb932d9987f1d1a98b8942a3fa98cb28ec073b,eip155:196,settled,v2-header,0x79375f1f54bd0a42f386deead1dd35f937177a9beb4c5dfbf0b3e7aa5150c0d8
2026-07-23T00:41:11Z,perp-gate,0.010000,0x65bb932d9987f1d1a98b8942a3fa98cb28ec073b,eip155:196,settled,v2-header,0x84c40ff6356191261ae0ac0f3b1efa0060222348ce338dc1a49084fb1475aa27
2026-07-23T00:41:13Z,perp-gate,0.010000,0x65bb932d9987f1d1a98b8942a3fa98cb28ec073b,eip155:196,settled,v2-header,0x2f2bbb8bf648cb68b9f69d4b1a0611c6893f2b0c34f62d2034e52b5d49131705
2026-07-23T00:41:16Z,perp-gate,0.010000,0x65bb932d9987f1d1a98b8942a3fa98cb28ec073b,eip155:196,settled,v2-header,0x9875af7486f88e75b48720f108234a255d64ee9430352a03a3d84a7f81ff64cb
2026-07-23T00:56:20Z,macro-sentry,0.005000,0x65bb932d9987f1d1a98b8942a3fa98cb28ec073b,eip155:196,settled,v2-header,0x6dfd2a606922353437905aa08c95c8a9796578124d26d7d98c4789925420730c
2026-07-23T00:56:24Z,options-desk,0.010000,0x65bb932d9987f1d1a98b8942a3fa98cb28ec073b,eip155:196,settled,v2-header,0x2dc02a409fdee195b3bf5fa5377a8fb8ff6119e765dfe6da1d41601261b21913
2026-07-23T00:56:27Z,updown-pulse,0.010000,0x65bb932d9987f1d1a98b8942a3fa98cb28ec073b,eip155:196,settled,v2-header,0xe5267843f78d21f3f167db77a69a6bad6bd37030333d72b0a6ca97d26a4f7dce
2026-07-23T00:56:29Z,updown-pulse,0.010000,0x65bb932d9987f1d1a98b8942a3fa98cb28ec073b,eip155:196,settled,v2-header,0x57d9f9b94e5b5c95969a4baf5b2785ad2e7740984d0ba7feb14b7ae8e95ef362
2026-07-23T00:56:32Z,loop-digest,0.010000,0x65bb932d9987f1d1a98b8942a3fa98cb28ec073b,eip155:196,settled,v2-header,0x50d5b807d2a92880447fa450a10c24a923c3b1fb19d8da339b20bf01c7abb3c3
2026-07-23T00:56:35Z,perp-gate,0.010000,0x65bb932d9987f1d1a98b8942a3fa98cb28ec073b,eip155:196,settled,v2-header,0x0965d2b9cb2c69f4514d35ef7f7339799ba43f348789ce9a335e12694a4ad92e
2026-07-23T00:56:37Z,perp-gate,0.010000,0x65bb932d9987f1d1a98b8942a3fa98cb28ec073b,eip155:196,settled,v2-header,0x34304c36ce59e3d8bf3578db63e3fa70509871e7df42fbf6029d4209ec17527c
2026-07-23T00:56:40Z,perp-gate,0.010000,0x65bb932d9987f1d1a98b8942a3fa98cb28ec073b,eip155:196,settled,v2-header,0x547e1b9b98b687116f99e111e0b19e7efecb6042b774d47be5d10d05abd7fd0f
2026-07-23T01:11:44Z,perp-gate,0.010000,0x65bb932d9987f1d1a98b8942a3fa98cb28ec073b,eip155:196,settled,v2-header,
2026-07-23T01:11:47Z,perp-gate,0.010000,0x65bb932d9987f1d1a98b8942a3fa98cb28ec073b,eip155:196,settled,v2-header,0x60fe03c9b61139e33f1b9a6bde311e91814fbde9a1a337ed654bc23b4ec28bda
2026-07-23T01:11:49Z,perp-gate,0.010000,0x65bb932d9987f1d1a98b8942a3fa98cb28ec073b,eip155:196,settled,v2-header,0x5ee82a2ee29305cda6c36f61e75d5d55f2fbda03c08ce46e9b657d4288ac8d06
2026-07-23T01:26:55Z,updown-pulse,0.010000,0x65bb932d9987f1d1a98b8942a3fa98cb28ec073b,eip155:196,settled,v2-header,0x9fd3cd0f08f28c080ec4c52afbcceb87d7cefda391f052ba8193d99a8d739aca
2026-07-23T01:26:58Z,updown-pulse,0.010000,0x65bb932d9987f1d1a98b8942a3fa98cb28ec073b,eip155:196,settled,v2-header,0xf5ac60a537e24fd624c61193ca53a5dfe96f2217eb1717dda5c46fdce6a89126
2026-07-23T01:27:00Z,loop-digest,0.010000,0x65bb932d9987f1d1a98b8942a3fa98cb28ec073b,eip155:196,settled,v2-header,0x19f1573def69d307118b6524e119cdba155809f41f01c33a42d063e5adeafd51
2026-07-23T01:27:03Z,perp-gate,0.010000,0x65bb932d9987f1d1a98b8942a3fa98cb28ec073b,eip155:196,settled,v2-header,0xf7c7df2423adef2ff186c95579a5fd5e7e6d58fa8de94f179d858810fa5d48fc
2026-07-23T01:27:06Z,perp-gate,0.010000,0x65bb932d9987f1d1a98b8942a3fa98cb28ec073b,eip155:196,settled,v2-header,0x000969e7df4c474b7afddff99a016e6ad721ece9d2583ea1ff147c77856e66f1
2026-07-23T01:27:08Z,perp-gate,0.010000,0x65bb932d9987f1d1a98b8942a3fa98cb28ec073b,eip155:196,settled,v2-header,0x2126bf638f3adbf1fab1e91061dc196f5839c36044dc1931c31b4e42e35616b3
2026-07-23T01:27:10Z,portfolio-gate,0.050000,0x65bb932d9987f1d1a98b8942a3fa98cb28ec073b,eip155:196,settled,v2-header,0xf076de28e6e3f2abe8ae78c9f47495c27ce0cb9e4b5d91b628e7f9fe7bb3d95c
2026-07-23T01:42:16Z,perp-gate,0.010000,0x65bb932d9987f1d1a98b8942a3fa98cb28ec073b,eip155:196,settled,v2-header,0x2e3eca077326676d1a8c3d06e1d4366eef6ae36866beecaa2e606ae6436a3e3c
2026-07-23T01:42:18Z,perp-gate,0.010000,0x65bb932d9987f1d1a98b8942a3fa98cb28ec073b,eip155:196,settled,v2-header,0x603834d10fe87b904e8a9a3474afd52989e40695d1b8df48fe33e6b45a837822
2026-07-23T01:42:21Z,perp-gate,0.010000,0x65bb932d9987f1d1a98b8942a3fa98cb28ec073b,eip155:196,settled,v2-header,0x3ae4e087a859e4c965f4dc2629bcb2b5e6f8dd851b9ad207941eb9938430370b
2026-07-23T01:57:25Z,macro-sentry,0.005000,0x65bb932d9987f1d1a98b8942a3fa98cb28ec073b,eip155:196,settled,v2-header,0x2cd41172762a61b0aa2032dc70294719e37aae3599bdd682ae36c490d8abafba
2026-07-23T01:57:28Z,updown-pulse,0.010000,0x65bb932d9987f1d1a98b8942a3fa98cb28ec073b,eip155:196,settled,v2-header,0x3aab86827aa12a5ee14666ab70819580181ef1738ae82bdbf40fdba875a0c39a
2026-07-23T01:57:31Z,updown-pulse,0.010000,0x65bb932d9987f1d1a98b8942a3fa98cb28ec073b,eip155:196,settled,v2-header,0x681120f9dfcea1274290c16c8b8ead6e780c56f867b5dbcff0a28f7950ff3f28
2026-07-23T01:57:34Z,loop-digest,0.010000,0x65bb932d9987f1d1a98b8942a3fa98cb28ec073b,eip155:196,settled,v2-header,0xb8997786c96ca14f49a1abb63c579eb398d3a952cf39e30f645d850a17555e00
2026-07-23T01:57:36Z,perp-gate,0.010000,0x65bb932d9987f1d1a98b8942a3fa98cb28ec073b,eip155:196,settled,v2-header,
2026-07-23T01:57:38Z,perp-gate,0.010000,0x65bb932d9987f1d1a98b8942a3fa98cb28ec073b,eip155:196,settled,v2-header,
2026-07-23T01:57:40Z,perp-gate,0.010000,0x65bb932d9987f1d1a98b8942a3fa98cb28ec073b,eip155:196,settled,v2-header,
2026-07-23T02:12:45Z,perp-gate,0.010000,0x65bb932d9987f1d1a98b8942a3fa98cb28ec073b,eip155:196,settled,v2-header,
2026-07-23T02:12:46Z,perp-gate,0.010000,0x65bb932d9987f1d1a98b8942a3fa98cb28ec073b,eip155:196,settled,v2-header,
2026-07-23T02:12:48Z,perp-gate,0.010000,0x65bb932d9987f1d1a98b8942a3fa98cb28ec073b,eip155:196,settled,v2-header,
2026-07-23T02:27:53Z,updown-pulse,0.010000,0x65bb932d9987f1d1a98b8942a3fa98cb28ec073b,eip155:196,settled,v2-header,0xcadb14ffa71a91abab5bf5d243145a062c3331f2f7db18b06723583bfcad0a4b
2026-07-23T02:27:56Z,updown-pulse,0.010000,0x65bb932d9987f1d1a98b8942a3fa98cb28ec073b,eip155:196,settled,v2-header,0xd4778937c4980e19631a8568b973bda1b2fb1e9b7665f77bafb2f93e17e37956
2026-07-23T02:27:59Z,loop-digest,0.010000,0x65bb932d9987f1d1a98b8942a3fa98cb28ec073b,eip155:196,settled,v2-header,0x062b9287ecbb2cd473208842722927b346c1a81a07d734eadb023860d2e510df
2026-07-23T02:28:02Z,perp-gate,0.010000,0x65bb932d9987f1d1a98b8942a3fa98cb28ec073b,eip155:196,settled,v2-header,0x7c092d1bc46c8465736325a9dcd6b00bf015cf70b7c58f16c4c107163fddad58
2026-07-23T02:28:04Z,perp-gate,0.010000,0x65bb932d9987f1d1a98b8942a3fa98cb28ec073b,eip155:196,settled,v2-header,0x75c7360f5fa8c2ec67485bdb28a59cccab923fcf5bb90e88119b30abd1647336
2026-07-23T02:28:07Z,perp-gate,0.010000,0x65bb932d9987f1d1a98b8942a3fa98cb28ec073b,eip155:196,settled,v2-header,0xc9b550906153676435e48402c68851c0fc5d6831e1564e97bd5aa5ac811163a2
2026-07-23T02:28:09Z,portfolio-gate,0.050000,0x65bb932d9987f1d1a98b8942a3fa98cb28ec073b,eip155:196,settled,v2-header,0x071f220acbbd927209b7696db74de1c59a5298f10e4f5d705ffd9eb3a2c3e3ae
2026-07-23T02:43:15Z,perp-gate,0.010000,0x65bb932d9987f1d1a98b8942a3fa98cb28ec073b,eip155:196,settled,v2-header,0xf0e748a1d0652604906404ffe1e4211374a6e2d7b5baa481d8e0eed3b90a12b2
2026-07-23T02:43:17Z,perp-gate,0.010000,0x65bb932d9987f1d1a98b8942a3fa98cb28ec073b,eip155:196,settled,v2-header,0x1c86d32c28e50e3db422560f602b392d5f4fb60c0731415c152b7d8f78dbf073
2026-07-23T02:43:19Z,perp-gate,0.010000,0x65bb932d9987f1d1a98b8942a3fa98cb28ec073b,eip155:196,settled,v2-header,0x4cfe82d2541241153e81a68e9cac331e42910fab24c60acdd2c13209f94d4a40
2026-07-23T02:43:24Z,exec-verify,0.010000,0x65bb932d9987f1d1a98b8942a3fa98cb28ec073b,eip155:196,settled,v2-header,0xba100ce454333b0078893cc10ee3dbba97c965ce4eeef3731763e1840b449eae
2026-07-23T02:58:27Z,macro-sentry,0.005000,0x65bb932d9987f1d1a98b8942a3fa98cb28ec073b,eip155:196,settled,v2-header,0x8f25a0524eff7aec311e2971ee8c9cf4793ca0cc615f05e0c212bc1ebf0460c9
2026-07-23T02:58:30Z,options-desk,0.010000,0x65bb932d9987f1d1a98b8942a3fa98cb28ec073b,eip155:196,settled,v2-header,0x2f1b023c968a94a9ad4552c39bbb0aae95af11e454de8464e836ed66fff53a26
2026-07-23T02:58:33Z,updown-pulse,0.010000,0x65bb932d9987f1d1a98b8942a3fa98cb28ec073b,eip155:196,settled,v2-header,0x50ad8aa5d4d7a696f38474fe935318ead6c61ccc37211170d375c324047af706
2026-07-23T02:58:36Z,updown-pulse,0.010000,0x65bb932d9987f1d1a98b8942a3fa98cb28ec073b,eip155:196,settled,v2-header,0xc49795db47396b38fa0bce1f4137f5ae5449eb90755552223d7432cfc87f3e83
2026-07-23T02:58:39Z,loop-digest,0.010000,0x65bb932d9987f1d1a98b8942a3fa98cb28ec073b,eip155:196,settled,v2-header,0x938006d8455d6a2e61c6d591d02b97810bab0542320f79d1ecdf549de71b78e8
2026-07-23T02:58:42Z,perp-gate,0.010000,0x65bb932d9987f1d1a98b8942a3fa98cb28ec073b,eip155:196,settled,v2-header,0x937d95d2455a6649f177a69a5c769049ef6b839b2c13ddac83ebf8d0e272041b
2026-07-23T02:58:44Z,perp-gate,0.010000,0x65bb932d9987f1d1a98b8942a3fa98cb28ec073b,eip155:196,settled,v2-header,0x8aa872c9c2847524f02e455fa2b288a5b2bf4bfd82fdd135b884aa5ed2c4fc72
2026-07-23T02:58:46Z,perp-gate,0.010000,0x65bb932d9987f1d1a98b8942a3fa98cb28ec073b,eip155:196,settled,v2-header,0xf121599f79b5530e8abdb191579373694e2c459af0e1bb5e9193d1b6d7a40a68
2026-07-23T03:13:52Z,perp-gate,0.010000,0x65bb932d9987f1d1a98b8942a3fa98cb28ec073b,eip155:196,settled,v2-header,0x58fdfccce1f395bdda1301233febc25bde75d716bdb145cafe72241fcd3960e2
2026-07-23T03:13:54Z,perp-gate,0.010000,0x65bb932d9987f1d1a98b8942a3fa98cb28ec073b,eip155:196,settled,v2-header,0x70cb70028caa51d7e804f4c6c7207bbaaccaac979b91e5736d5b1f503eea2487
2026-07-23T03:13:57Z,perp-gate,0.010000,0x65bb932d9987f1d1a98b8942a3fa98cb28ec073b,eip155:196,settled,v2-header,0x61b4c6cbad16dbe74f1c11745e1ce36965be219c43a8f2e163ec727a7f24b28a
2026-07-23T03:23:35Z,perp-gate,0.010000,0x65bb932d9987f1d1a98b8942a3fa98cb28ec073b,eip155:196,paid-but-400,v2-header,
2026-07-23T03:23:37Z,size-gate,0.010000,0x65bb932d9987f1d1a98b8942a3fa98cb28ec073b,eip155:196,settled,v2-header,
2026-07-23T03:23:39Z,perp-gate,0.010000,0x65bb932d9987f1d1a98b8942a3fa98cb28ec073b,eip155:196,settled,v2-header,
2026-07-23T03:24:04Z,macro-sentry,0.005000,0x65bb932d9987f1d1a98b8942a3fa98cb28ec073b,eip155:196,settled,v2-header,0x6962d1286fa690b2b219db46c54a6f778aa8c92e47173b71e4f2ca57e543d986
2026-07-23T03:24:06Z,loop-digest,0.010000,0x65bb932d9987f1d1a98b8942a3fa98cb28ec073b,eip155:196,settled,v2-header,
2026-07-23T03:24:09Z,size-gate,0.010000,0x65bb932d9987f1d1a98b8942a3fa98cb28ec073b,eip155:196,settled,v2-header,0xfc9ea1edaada05167b7eeef6a472598bfaf7466afbcfd14f055f26464946ca9c
2026-07-23T03:29:01Z,updown-pulse,0.010000,0x65bb932d9987f1d1a98b8942a3fa98cb28ec073b,eip155:196,settled,v2-header,0xe39e0700372b9be21fbc53fc8b62105f7ada6e1e80132d4f07abf2e2e01b1535
2026-07-23T03:29:05Z,updown-pulse,0.010000,0x65bb932d9987f1d1a98b8942a3fa98cb28ec073b,eip155:196,settled,v2-header,0x07ed13cab0a699a27dae51360afe76fcc5f3b6dae2e72e1c0bcc4e25dd024730
2026-07-23T03:29:06Z,loop-digest,0.010000,0x65bb932d9987f1d1a98b8942a3fa98cb28ec073b,eip155:196,settled,v2-header,
2026-07-23T03:29:09Z,perp-gate,0.010000,0x65bb932d9987f1d1a98b8942a3fa98cb28ec073b,eip155:196,settled,v2-header,0x61b55ebd4a9050a30ccc7fd1b55500eb04d39f60f83586a7629ce15356c6cdda
2026-07-23T03:29:12Z,perp-gate,0.010000,0x65bb932d9987f1d1a98b8942a3fa98cb28ec073b,eip155:196,settled,v2-header,0x53bd639721b613a254a68c9d24c7ffe2228339079bda38c42ce51c94beecd3bd
2026-07-23T03:29:14Z,perp-gate,0.010000,0x65bb932d9987f1d1a98b8942a3fa98cb28ec073b,eip155:196,settled,v2-header,0xf23bee1fed9560fb5f9e506a36543442a3efbfad69f699bcf559e95fce86f6ff
2026-07-23T03:29:17Z,portfolio-gate,0.050000,0x65bb932d9987f1d1a98b8942a3fa98cb28ec073b,eip155:196,settled,v2-header,0x59a70be17533f473a56a34a9dac49b2fb7646508779c92c8038521bf6b6a0d38
2026-07-23T03:44:22Z,perp-gate,0.010000,0x65bb932d9987f1d1a98b8942a3fa98cb28ec073b,eip155:196,settled,v2-header,0x3195f6b5d3eb8e8237fe810e5852c49fc6cdc9fe79e65bb8bb66ce2670eb5107
2026-07-23T03:44:24Z,perp-gate,0.010000,0x65bb932d9987f1d1a98b8942a3fa98cb28ec073b,eip155:196,settled,v2-header,0xd359ed5a7b0c6dad82ae43ac56e8c3788b7096b59ea596534347c8f20648496f
2026-07-23T03:44:26Z,perp-gate,0.010000,0x65bb932d9987f1d1a98b8942a3fa98cb28ec073b,eip155:196,settled,v2-header,0x67fd92f67302ab1680c16499614b4ce11871d9ca681c22ee41d19d90165d84ef
2026-07-23T03:59:31Z,macro-sentry,0.005000,0x65bb932d9987f1d1a98b8942a3fa98cb28ec073b,eip155:196,settled,v2-header,0xf5724543d26d8861370b4eeae20fef7c25d0b036a4f34796673bdf73ce374136
2026-07-23T03:59:34Z,updown-pulse,0.010000,0x65bb932d9987f1d1a98b8942a3fa98cb28ec073b,eip155:196,settled,v2-header,0xe5e5d6cc6e7708a0877bbe356f6b3ef186f64991a9e0f8033baafced92aa19ba
2026-07-23T03:59:37Z,updown-pulse,0.010000,0x65bb932d9987f1d1a98b8942a3fa98cb28ec073b,eip155:196,settled,v2-header,0x9465c1a15079a885e11fb7a9aef801f4926dabc403ce38c87a1c73673f83eb13
2026-07-23T03:59:39Z,loop-digest,0.010000,0x65bb932d9987f1d1a98b8942a3fa98cb28ec073b,eip155:196,settled,v2-header,
2026-07-23T03:59:42Z,perp-gate,0.010000,0x65bb932d9987f1d1a98b8942a3fa98cb28ec073b,eip155:196,settled,v2-header,0xd0bc48cc5162f3854e79f3030b897a1c796057daf1d684afb5591695d188c4b7
2026-07-23T03:59:44Z,perp-gate,0.010000,0x65bb932d9987f1d1a98b8942a3fa98cb28ec073b,eip155:196,settled,v2-header,0x83a6c2f87849001f9e5dc140c6bef78aeb293c916be5465daf437ba9da43c0e9
2026-07-23T03:59:47Z,perp-gate,0.010000,0x65bb932d9987f1d1a98b8942a3fa98cb28ec073b,eip155:196,settled,v2-header,0xc9b8117aa00edb59b38463cbe666b3f187052fa6eee4477ad66e59e72b32dba0
2026-07-23T04:14:52Z,perp-gate,0.010000,0x65bb932d9987f1d1a98b8942a3fa98cb28ec073b,eip155:196,settled,v2-header,0x91eed550068cec20cccfb1c763815cd10f3b54f58451d38aa9ec072f3b79af26
2026-07-23T04:14:54Z,perp-gate,0.010000,0x65bb932d9987f1d1a98b8942a3fa98cb28ec073b,eip155:196,settled,v2-header,0x52150e037d5c3d7798ad4cff4f91d6d81b6ebc8b2dce038ead7b89e1e354b9df
2026-07-23T04:14:57Z,perp-gate,0.010000,0x65bb932d9987f1d1a98b8942a3fa98cb28ec073b,eip155:196,settled,v2-header,0x204d0db2b8c9f0d4ff70cf63bd6e3f8e6c9e55338a23bc62e2a0b6f7246f6af3
2026-07-23T04:30:02Z,updown-pulse,0.010000,0x65bb932d9987f1d1a98b8942a3fa98cb28ec073b,eip155:196,settled,v2-header,0x3f1c0ae9409816ff26195f6eed32bcfdb63d7277fac97ed1831d4c0b77bab723
2026-07-23T04:30:07Z,updown-pulse,0.010000,0x65bb932d9987f1d1a98b8942a3fa98cb28ec073b,eip155:196,settled,v2-header,0xb216880f6c0119d9d84bc30fc549b0c01bbeffc3e0d632d9b5936b4a0daa8f9b
2026-07-23T04:30:09Z,loop-digest,0.010000,0x65bb932d9987f1d1a98b8942a3fa98cb28ec073b,eip155:196,settled,v2-header,
2026-07-23T04:30:12Z,perp-gate,0.010000,0x65bb932d9987f1d1a98b8942a3fa98cb28ec073b,eip155:196,settled,v2-header,0x5405c3ef7798939dea1c4a5dcf24477c01f94dee7cf4a3bd79ceef72777581d6
2026-07-23T04:30:14Z,perp-gate,0.010000,0x65bb932d9987f1d1a98b8942a3fa98cb28ec073b,eip155:196,settled,v2-header,0xbc911c7c73edb280fb300a2442b270e3979fd4f2152b2ccd3862942dc8197490
2026-07-23T04:30:17Z,perp-gate,0.010000,0x65bb932d9987f1d1a98b8942a3fa98cb28ec073b,eip155:196,settled,v2-header,0xa047bf9aeefc4bfa3e2f37a884b81cb7840b936570dd1be9fdac5c679f63a098
2026-07-23T04:30:19Z,portfolio-gate,0.050000,0x65bb932d9987f1d1a98b8942a3fa98cb28ec073b,eip155:196,settled,v2-header,0x51837e0619cd2530c7b5fa05e47c1183d72d243feff99cb8d7485272308a21da
2026-07-23T04:45:25Z,perp-gate,0.010000,0x65bb932d9987f1d1a98b8942a3fa98cb28ec073b,eip155:196,settled,v2-header,0xcbc98cf828800f2bef99a344d76fee4e90a7560f4f8b4122c7eb53da376cd2c5
2026-07-23T04:45:27Z,perp-gate,0.010000,0x65bb932d9987f1d1a98b8942a3fa98cb28ec073b,eip155:196,settled,v2-header,0xd07fc4bd493f5acea981828231c3d2634ab0b5c7276359dec5d5aa220df1762d
2026-07-23T04:45:30Z,perp-gate,0.010000,0x65bb932d9987f1d1a98b8942a3fa98cb28ec073b,eip155:196,settled,v2-header,0xf931a7536036c063da1923a27f01547150e5f996ff09e66913e1694f29130222
2026-07-23T04:45:32Z,protocol-pulse,0.010000,0x65bb932d9987f1d1a98b8942a3fa98cb28ec073b,eip155:196,settled,v2-header,0x56298180da204c22b78b48e0099a4aae051c61602ccdf2e117f0184c707988c4
2026-07-23T05:00:37Z,macro-sentry,0.005000,0x65bb932d9987f1d1a98b8942a3fa98cb28ec073b,eip155:196,settled,v2-header,0x48110a8982064abcbac0e8924e25dcf2967e1d5cd0737532b2dd817b26059a8a
2026-07-23T05:00:40Z,options-desk,0.010000,0x65bb932d9987f1d1a98b8942a3fa98cb28ec073b,eip155:196,settled,v2-header,0x8f8df874bcf4a1c806a3f9e1cae992ba35c5886a380490b93887b3b6762133ba
2026-07-23T05:00:43Z,updown-pulse,0.010000,0x65bb932d9987f1d1a98b8942a3fa98cb28ec073b,eip155:196,settled,v2-header,0xcab38254f8ece1b25ed073573dfb596c82c97f1ad50c6ed35b46c7e374ea6b4f
2026-07-23T05:00:46Z,updown-pulse,0.010000,0x65bb932d9987f1d1a98b8942a3fa98cb28ec073b,eip155:196,settled,v2-header,0x10591fefce260ee63b77dbbc462cad20f30dbe5fbd4a74924954b98d1d1f60a5
2026-07-23T05:00:48Z,loop-digest,0.010000,0x65bb932d9987f1d1a98b8942a3fa98cb28ec073b,eip155:196,settled,v2-header,
2026-07-23T05:00:51Z,perp-gate,0.010000,0x65bb932d9987f1d1a98b8942a3fa98cb28ec073b,eip155:196,settled,v2-header,0xcfc36a804aee6b20e56d13dce449f85d2a0469a032eb3bf2327efbd7d3038cb0
2026-07-23T05:00:54Z,perp-gate,0.010000,0x65bb932d9987f1d1a98b8942a3fa98cb28ec073b,eip155:196,settled,v2-header,0xa2fce825d740596fedbdf6d9d38639a6fc3c0dd70dba9688c6208061bef2e74d
2026-07-23T05:00:56Z,perp-gate,0.010000,0x65bb932d9987f1d1a98b8942a3fa98cb28ec073b,eip155:196,settled,v2-header,0x796f06075507be48bd077f20c0c2216012ad703a69d4d55d59bf912882194a5b
2026-07-23T05:16:02Z,perp-gate,0.010000,0x65bb932d9987f1d1a98b8942a3fa98cb28ec073b,eip155:196,settled,v2-header,0xc5904cbc55404d71182a4f6c8fe10c9670286e24c87bc5fb2f99285fc0200abd
2026-07-23T05:16:04Z,perp-gate,0.010000,0x65bb932d9987f1d1a98b8942a3fa98cb28ec073b,eip155:196,settled,v2-header,0x7e0443944d6a524e68b9f56b55b6c71005aac72d376862a1aa1401e329f9cc15
2026-07-23T05:16:06Z,perp-gate,0.010000,0x65bb932d9987f1d1a98b8942a3fa98cb28ec073b,eip155:196,settled,v2-header,0x637071dcfff37d30b9bbb9167865f13c1583e1cd93e50c72d154bf66cac9c42e
2026-07-23T05:31:11Z,updown-pulse,0.010000,0x65bb932d9987f1d1a98b8942a3fa98cb28ec073b,eip155:196,settled,v2-header,0x9a831c07067c1bc663b31fb73f3494161fce86480e9e5c83b1945693e33d4ab2
2026-07-23T05:31:14Z,updown-pulse,0.010000,0x65bb932d9987f1d1a98b8942a3fa98cb28ec073b,eip155:196,settled,v2-header,0x6cdca15285972bb0ab431c81c60c6469f36e162f1d21dd3da0ce48402b758849
2026-07-23T05:31:16Z,loop-digest,0.010000,0x65bb932d9987f1d1a98b8942a3fa98cb28ec073b,eip155:196,settled,v2-header,
2026-07-23T05:31:19Z,perp-gate,0.010000,0x65bb932d9987f1d1a98b8942a3fa98cb28ec073b,eip155:196,settled,v2-header,0xbcdc669ffe9ed447fa2803f3077a0e990cafd09f4ef1eac4038e8cf7d14416a4
2026-07-23T05:31:21Z,perp-gate,0.010000,0x65bb932d9987f1d1a98b8942a3fa98cb28ec073b,eip155:196,settled,v2-header,0x7047ee86f0ddb7a6f0035111eb3f8949ffe3cba0c050aba7064a4705e490ebbc
2026-07-23T05:31:23Z,perp-gate,0.010000,0x65bb932d9987f1d1a98b8942a3fa98cb28ec073b,eip155:196,settled,v2-header,0x22fa9a1eb421b1de0aa5a1976b9941c97ccb4d4f723eb62c698972b3e31d6e6f
2026-07-23T05:31:26Z,portfolio-gate,0.050000,0x65bb932d9987f1d1a98b8942a3fa98cb28ec073b,eip155:196,settled,v2-header,0x10dc88eab7e33a9660d3f70b42f00e5a046d5d95edc54328253fb6fe7bdeb3f0
2026-07-23T05:46:31Z,perp-gate,0.010000,0x65bb932d9987f1d1a98b8942a3fa98cb28ec073b,eip155:196,settled,v2-header,0x39ef0da03eba4b5b7a61087cc0daf2721b6826d7c332fa966e2e89539a7adb4a
2026-07-23T05:46:33Z,perp-gate,0.010000,0x65bb932d9987f1d1a98b8942a3fa98cb28ec073b,eip155:196,settled,v2-header,0x70878f5f1dfcef2e454b83500d38d032ee173aa39327a267aeea06a50ae6dfc7
2026-07-23T05:46:36Z,perp-gate,0.010000,0x65bb932d9987f1d1a98b8942a3fa98cb28ec073b,eip155:196,settled,v2-header,0xeb55f43ee6e80350f78b6ac69b5e6ad1a02026248b2678c46a82a85bdaafc2f9
2026-07-23T06:01:41Z,macro-sentry,0.005000,0x65bb932d9987f1d1a98b8942a3fa98cb28ec073b,eip155:196,settled,v2-header,0xea09fbde9faf2121a6d10600c2051d7584fd05324805b8ed20e87fe2ef14faf1
2026-07-23T06:01:44Z,updown-pulse,0.010000,0x65bb932d9987f1d1a98b8942a3fa98cb28ec073b,eip155:196,settled,v2-header,0xb55d9b076a76bd63c6b495939502fb4c75955f9d5a0fab1420ddef472cd770cc
2026-07-23T06:01:47Z,updown-pulse,0.010000,0x65bb932d9987f1d1a98b8942a3fa98cb28ec073b,eip155:196,settled,v2-header,0x219c8080549a868b1b23e66da1dfbae67733541aece791e079ca7162cf72a354
2026-07-23T06:01:48Z,loop-digest,0.010000,0x65bb932d9987f1d1a98b8942a3fa98cb28ec073b,eip155:196,settled,v2-header,
2026-07-23T06:01:51Z,perp-gate,0.010000,0x65bb932d9987f1d1a98b8942a3fa98cb28ec073b,eip155:196,settled,v2-header,0x9707beaf6d1b7fd58103c810cf5ffb89b0b444d92439784f5e850153e232119c
2026-07-23T06:01:54Z,perp-gate,0.010000,0x65bb932d9987f1d1a98b8942a3fa98cb28ec073b,eip155:196,settled,v2-header,0x5c6f4c5c731220cfe1ce341e97a27853e81da4fddd9589fbce5c1c3e972cc5ac
2026-07-23T06:01:56Z,perp-gate,0.010000,0x65bb932d9987f1d1a98b8942a3fa98cb28ec073b,eip155:196,settled,v2-header,0xf839001a8fc3d4d94ee5ddec51ae56028d6f7fe0344bfdb3f022922fd67e6f76
2026-07-23T06:17:02Z,perp-gate,0.010000,0x65bb932d9987f1d1a98b8942a3fa98cb28ec073b,eip155:196,settled,v2-header,0x5c732b3266a41f3fdb7b87691020333f8b481c374323cc00da91d4f5dd0cf328
2026-07-23T06:17:04Z,perp-gate,0.010000,0x65bb932d9987f1d1a98b8942a3fa98cb28ec073b,eip155:196,settled,v2-header,0xf92634f816c4879e5bd54fbb6ec10882143f905a697a90cec9b1a24b79a24128
2026-07-23T06:17:06Z,perp-gate,0.010000,0x65bb932d9987f1d1a98b8942a3fa98cb28ec073b,eip155:196,settled,v2-header,0xb587cd8e06717cb4d0ec44731094ff99710b1af4bbe5c7fcdb34bd8540d9c8ab
2026-07-23T06:32:11Z,updown-pulse,0.010000,0x65bb932d9987f1d1a98b8942a3fa98cb28ec073b,eip155:196,settled,v2-header,0xbf04e43377d076ff7478e5a8d29690872a7c650b4c5b3d7c67ded8ec5318bae6
2026-07-23T06:32:14Z,updown-pulse,0.010000,0x65bb932d9987f1d1a98b8942a3fa98cb28ec073b,eip155:196,settled,v2-header,0x0fe840d03aa7b0f757d06a331c1c040139b45f84f90bd537e4b639413a783c60
2026-07-23T06:32:16Z,loop-digest,0.010000,0x65bb932d9987f1d1a98b8942a3fa98cb28ec073b,eip155:196,settled,v2-header,
2026-07-23T06:32:19Z,perp-gate,0.010000,0x65bb932d9987f1d1a98b8942a3fa98cb28ec073b,eip155:196,settled,v2-header,0xf1ba9881995f1c8e7ba6c8f364d2015bc0b285cd025ef02645adc6f18d735a03
2026-07-23T06:32:22Z,perp-gate,0.010000,0x65bb932d9987f1d1a98b8942a3fa98cb28ec073b,eip155:196,settled,v2-header,0x4685b54df7126edd9648dda44b40236ef78dcbb9c69e8393e25d61199e87fb9b
2026-07-23T06:32:24Z,perp-gate,0.010000,0x65bb932d9987f1d1a98b8942a3fa98cb28ec073b,eip155:196,settled,v2-header,0xe5c678802f9d526ac32457a458c836d6ccf88270263467db4ff34a8a35078460
2026-07-23T06:32:27Z,portfolio-gate,0.050000,0x65bb932d9987f1d1a98b8942a3fa98cb28ec073b,eip155:196,settled,v2-header,0x35eb1142c9a9e3d4465ff27dd0fffdbe9ae4d4f772ff9ad2f8401496c3bfeecf
2026-07-23T06:47:31Z,perp-gate,0.010000,0x65bb932d9987f1d1a98b8942a3fa98cb28ec073b,eip155:196,settled,v2-header,0x5a1f5b936249b16e5dd05b16b9a18835eea96d8b55c609530a609089d6d14216
2026-07-23T06:47:33Z,perp-gate,0.010000,0x65bb932d9987f1d1a98b8942a3fa98cb28ec073b,eip155:196,settled,v2-header,0x3793af7728b4e57a2a34074dad492fa0076a35092bacdd0c84d9498e35fa4528
2026-07-23T06:47:36Z,perp-gate,0.010000,0x65bb932d9987f1d1a98b8942a3fa98cb28ec073b,eip155:196,settled,v2-header,0x05ea12f80e2c76bbc9d16aef5b75709735ce24cfaeed09b2deef24558114c64f
2026-07-23T07:02:40Z,macro-sentry,0.005000,0x65bb932d9987f1d1a98b8942a3fa98cb28ec073b,eip155:196,settled,v2-header,0x3547ddd8849bef59e7f7707f87fb7361654e9673cdca763ea0d1597016494634
2026-07-23T07:02:44Z,options-desk,0.010000,0x65bb932d9987f1d1a98b8942a3fa98cb28ec073b,eip155:196,settled,v2-header,0x11adc71c288bae9fc5cf5c4adf5c6cc17846e5951f09d89f9dcbc9bfb19a23ff
2026-07-23T07:02:46Z,updown-pulse,0.010000,0x65bb932d9987f1d1a98b8942a3fa98cb28ec073b,eip155:196,settled,v2-header,0xe2f2a946dd621ce36c1310f2109ccb350bd83e90f6de6de4989763465c6e7f89
2026-07-23T07:02:50Z,updown-pulse,0.010000,0x65bb932d9987f1d1a98b8942a3fa98cb28ec073b,eip155:196,settled,v2-header,0x28d8fd45985ad6dd6eca3084702913a9ce7fc83e2766b17da5ae5715d86c9735
2026-07-23T07:02:51Z,loop-digest,0.010000,0x65bb932d9987f1d1a98b8942a3fa98cb28ec073b,eip155:196,settled,v2-header,
2026-07-23T07:02:55Z,perp-gate,0.010000,0x65bb932d9987f1d1a98b8942a3fa98cb28ec073b,eip155:196,settled,v2-header,0xd5987c0c6e7a065416a46153aa2122aa39b747ddd26a5e45a70bc6837cd78706
2026-07-23T07:02:57Z,perp-gate,0.010000,0x65bb932d9987f1d1a98b8942a3fa98cb28ec073b,eip155:196,settled,v2-header,0x111fd4f94140535761d7622a24dd1d0c04510e49bdf4166e41399c200897e08d
2026-07-23T07:03:00Z,perp-gate,0.010000,0x65bb932d9987f1d1a98b8942a3fa98cb28ec073b,eip155:196,settled,v2-header,0x736d148deb1bd16159d1c97897552833317f055ef94fd02e30a6a82889a7de42
2026-07-23T07:18:05Z,perp-gate,0.010000,0x65bb932d9987f1d1a98b8942a3fa98cb28ec073b,eip155:196,settled,v2-header,0xfacd42da361f4a369f58bd836f75bdef028873603028295e7ddbe4032eab0150
2026-07-23T07:18:08Z,perp-gate,0.010000,0x65bb932d9987f1d1a98b8942a3fa98cb28ec073b,eip155:196,settled,v2-header,0x883cf5c9c11cae61a7dc9bf91d406c42245796a472397c27fe15670eacc19a01
2026-07-23T07:18:10Z,perp-gate,0.010000,0x65bb932d9987f1d1a98b8942a3fa98cb28ec073b,eip155:196,settled,v2-header,0x7e54155c3b650e845c55a020378754221bdd0ad81dfc4c65aad1982503c6e061
2026-07-23T07:33:15Z,updown-pulse,0.010000,0x65bb932d9987f1d1a98b8942a3fa98cb28ec073b,eip155:196,settled,v2-header,0x41f232df299d2e5957743b24a95c4812b9ce8ec96850072c7c13acaaf1ddd79d
2026-07-23T07:33:18Z,updown-pulse,0.010000,0x65bb932d9987f1d1a98b8942a3fa98cb28ec073b,eip155:196,settled,v2-header,0xa194badaf2d01404ec4631af57b1a4944acc0a34e3c1c255f9f05c98c1a2b65d
2026-07-23T07:33:20Z,loop-digest,0.010000,0x65bb932d9987f1d1a98b8942a3fa98cb28ec073b,eip155:196,settled,v2-header,
2026-07-23T07:33:23Z,perp-gate,0.010000,0x65bb932d9987f1d1a98b8942a3fa98cb28ec073b,eip155:196,settled,v2-header,0x07bc436a10dacd87435b84d4bb65f04f8b31be84b7470d28baab637409062ed6
2026-07-23T07:33:25Z,perp-gate,0.010000,0x65bb932d9987f1d1a98b8942a3fa98cb28ec073b,eip155:196,settled,v2-header,0x7ab051a710ec3244dbbd7677ecee21c25286472d2c636e5d6948a58c2f896ed0
2026-07-23T07:33:28Z,perp-gate,0.010000,0x65bb932d9987f1d1a98b8942a3fa98cb28ec073b,eip155:196,settled,v2-header,0x9b11cf19dfa4dbe419196ced9ae39db7ac32c4f267505017171e0b4be60c393e
2026-07-23T07:33:30Z,portfolio-gate,0.050000,0x65bb932d9987f1d1a98b8942a3fa98cb28ec073b,eip155:196,settled,v2-header,0x22daa08de45075805cc05fb02dbcfb2b0697ae61ac69d60f6dbc310b6dc65e48
2026-07-23T07:48:36Z,perp-gate,0.010000,0x65bb932d9987f1d1a98b8942a3fa98cb28ec073b,eip155:196,settled,v2-header,0x703cf968a6d99589fc0847638dff46204b6c5c9d6c8e9348fb5bfc8395043564
2026-07-23T07:48:38Z,perp-gate,0.010000,0x65bb932d9987f1d1a98b8942a3fa98cb28ec073b,eip155:196,settled,v2-header,0x87574394586872109343f0b45911ef30c5b40f291fd3443d906f1e8fca7cffab
2026-07-23T07:48:41Z,perp-gate,0.010000,0x65bb932d9987f1d1a98b8942a3fa98cb28ec073b,eip155:196,settled,v2-header,0xe8d103d738a252a685f0eaca456b5e9aaa5e5e743a86b11ea9f4519895f8fe2a
2026-07-23T08:03:46Z,macro-sentry,0.005000,0x65bb932d9987f1d1a98b8942a3fa98cb28ec073b,eip155:196,settled,v2-header,0xe91b0b910bac86340db5d694609f6f59e4901b3bf3ee47c0b24c2af7d09c52c5
2026-07-23T08:03:49Z,updown-pulse,0.010000,0x65bb932d9987f1d1a98b8942a3fa98cb28ec073b,eip155:196,settled,v2-header,0x891d21993f5eee2681e1ba69b51b14c2c78927e1809392ac31353770449ec9e2
2026-07-23T08:03:51Z,updown-pulse,0.010000,0x65bb932d9987f1d1a98b8942a3fa98cb28ec073b,eip155:196,settled,v2-header,0x612f49fd33f8e0e51336e67c6dd9bfab3f7e6e59a7d4533efdcd4bd7a5beea91
2026-07-23T08:03:53Z,loop-digest,0.010000,0x65bb932d9987f1d1a98b8942a3fa98cb28ec073b,eip155:196,settled,v2-header,
2026-07-23T08:03:56Z,perp-gate,0.010000,0x65bb932d9987f1d1a98b8942a3fa98cb28ec073b,eip155:196,settled,v2-header,0x432b6d16006fc182a74250fb990565122f0b8cd029d54bb3551c388ed7c95b8f
2026-07-23T08:03:59Z,perp-gate,0.010000,0x65bb932d9987f1d1a98b8942a3fa98cb28ec073b,eip155:196,settled,v2-header,0x03ce6189d735899d12e47bba21466c2a98504b11327223304ce1c52a54079ca7
2026-07-23T08:04:01Z,perp-gate,0.010000,0x65bb932d9987f1d1a98b8942a3fa98cb28ec073b,eip155:196,settled,v2-header,0x1f2868891d1ba4e6ae146c85061701ed8ca549f72ce856d9a14bcee321d2cae3
2026-07-23T08:19:08Z,perp-gate,0.010000,0x65bb932d9987f1d1a98b8942a3fa98cb28ec073b,eip155:196,settled,v2-header,0xeb5390f7bf58f3dd559ec4c1958b8b43c7c23ce7220deaf640d5a106586b0b2e
2026-07-23T08:19:10Z,perp-gate,0.010000,0x65bb932d9987f1d1a98b8942a3fa98cb28ec073b,eip155:196,settled,v2-header,0x7dd6b612a45bef18e07c0dea86ad46676453fe0cc9da49a5a1dd2f03452e1898
2026-07-23T08:19:13Z,perp-gate,0.010000,0x65bb932d9987f1d1a98b8942a3fa98cb28ec073b,eip155:196,settled,v2-header,0xec60eadc0dc779db850bf4d023cd7c964d0a401de3f60cb8ae52086ee2c32eeb
2026-07-23T08:34:18Z,updown-pulse,0.010000,0x65bb932d9987f1d1a98b8942a3fa98cb28ec073b,eip155:196,settled,v2-header,0xbeaec34531e7c7cde114939a65d0890ddb36180520ac238d9e604a26ea459040
2026-07-23T08:34:21Z,updown-pulse,0.010000,0x65bb932d9987f1d1a98b8942a3fa98cb28ec073b,eip155:196,settled,v2-header,0xa5c84c66b21e47a1ecab03163f70cc16944a1ef99802e864d715f10d11df2cf9
2026-07-23T08:34:22Z,loop-digest,0.010000,0x65bb932d9987f1d1a98b8942a3fa98cb28ec073b,eip155:196,settled,v2-header,
2026-07-23T08:34:26Z,perp-gate,0.010000,0x65bb932d9987f1d1a98b8942a3fa98cb28ec073b,eip155:196,settled,v2-header,0xe2c9e1930170ab57cce4b1c380793d54641128b63aaf80eda964533489e9a692
2026-07-23T08:34:28Z,perp-gate,0.010000,0x65bb932d9987f1d1a98b8942a3fa98cb28ec073b,eip155:196,settled,v2-header,0x6b8fc3e6f37936cee48609faadb93f1b3ed631577c4bcfb21dba4f09e19ad2bd
2026-07-23T08:34:31Z,perp-gate,0.010000,0x65bb932d9987f1d1a98b8942a3fa98cb28ec073b,eip155:196,settled,v2-header,0x0911450df59e79d81d64e02fb2d12f64841d145afde7114dbbf158881f48fc09
2026-07-23T08:34:33Z,portfolio-gate,0.050000,0x65bb932d9987f1d1a98b8942a3fa98cb28ec073b,eip155:196,settled,v2-header,0x23fb261926ff22674ca71cabf370a3fcc00c553648e1f2c45d2573a147332d1d
2026-07-23T08:49:39Z,perp-gate,0.010000,0x65bb932d9987f1d1a98b8942a3fa98cb28ec073b,eip155:196,settled,v2-header,0xf445a8be6e9a461dc12d2b53cf9daaa8195e2200a156d0ca6e96b8e5b6fde5de
2026-07-23T08:49:41Z,perp-gate,0.010000,0x65bb932d9987f1d1a98b8942a3fa98cb28ec073b,eip155:196,settled,v2-header,0xf16f2758d7bd3791a747627b0b1cbba7653d5b6991e90a8515f4b4cb4f5985e1
2026-07-23T08:49:44Z,perp-gate,0.010000,0x65bb932d9987f1d1a98b8942a3fa98cb28ec073b,eip155:196,settled,v2-header,0x5b5106fdea4ed23dce5e44c6192ad3c1c7c78c712c3a59a0b035a80c1ad972dc
2026-07-23T09:04:48Z,macro-sentry,0.005000,0x65bb932d9987f1d1a98b8942a3fa98cb28ec073b,eip155:196,settled,v2-header,0x6645b41b67d377ff4fdde10c7e8cd2353409819cc1024b7280ea09158e814cd7
2026-07-23T09:04:52Z,options-desk,0.010000,0x65bb932d9987f1d1a98b8942a3fa98cb28ec073b,eip155:196,settled,v2-header,0x82676de873518715cb984e0414f9b8254cf4d5484beafd47ba4bb910c397318d
2026-07-23T09:04:55Z,updown-pulse,0.010000,0x65bb932d9987f1d1a98b8942a3fa98cb28ec073b,eip155:196,settled,v2-header,0x741718d629c48afc2f1b8ba3880eecd354f84570acddad5fe8741cdcaafac30a
2026-07-23T09:04:58Z,updown-pulse,0.010000,0x65bb932d9987f1d1a98b8942a3fa98cb28ec073b,eip155:196,settled,v2-header,0x809b5231466d1403efe50edb3903af615148caf5a76ab9c34b6b418e1aff3942
2026-07-23T09:04:59Z,loop-digest,0.010000,0x65bb932d9987f1d1a98b8942a3fa98cb28ec073b,eip155:196,settled,v2-header,
2026-07-23T09:05:03Z,perp-gate,0.010000,0x65bb932d9987f1d1a98b8942a3fa98cb28ec073b,eip155:196,settled,v2-header,0x06281eea58cb6b5cf6c2aaea200dc90dd158fc6be50b41609944cd29cfffdce5
2026-07-23T09:05:05Z,perp-gate,0.010000,0x65bb932d9987f1d1a98b8942a3fa98cb28ec073b,eip155:196,settled,v2-header,0x8d24eeb5c9c8b1c1f89baa6d309c9babdc57cb475869c24d60db1359d98398d6
2026-07-23T09:05:08Z,perp-gate,0.010000,0x65bb932d9987f1d1a98b8942a3fa98cb28ec073b,eip155:196,settled,v2-header,0xae6def7ad87ba6556038c7715c56ded80bba7f261826873ec1c05f50565a086b
2026-07-23T09:20:13Z,perp-gate,0.010000,0x65bb932d9987f1d1a98b8942a3fa98cb28ec073b,eip155:196,settled,v2-header,0xaecf58f9cd8a95623af36ce55021efc1fbcbaaef3c886c12626d0663883cc571
2026-07-23T09:20:19Z,perp-gate,0.010000,0x65bb932d9987f1d1a98b8942a3fa98cb28ec073b,eip155:196,settled,v2-header,0xdefcf35bbfdc8356f10fe0d2c4e251caee631b33a0c3ca4925e52199d6fe4832
2026-07-23T09:20:21Z,perp-gate,0.010000,0x65bb932d9987f1d1a98b8942a3fa98cb28ec073b,eip155:196,settled,v2-header,0x97a70d91b72a778270404fe6aca643bc05ee5433aeaca1feff3b3676d648ee54
2026-07-23T09:35:27Z,updown-pulse,0.010000,0x65bb932d9987f1d1a98b8942a3fa98cb28ec073b,eip155:196,settled,v2-header,0xab2323180e12dcdd1fcbbcaca3c896d5913bbcdcc619ca2594851d3929ab7182
2026-07-23T09:35:29Z,updown-pulse,0.010000,0x65bb932d9987f1d1a98b8942a3fa98cb28ec073b,eip155:196,settled,v2-header,0x4408c25d38d7cc715229a28b43c9ce47b19e584ce9ed7c7e098f26fa3512f62c
2026-07-23T09:35:31Z,loop-digest,0.010000,0x65bb932d9987f1d1a98b8942a3fa98cb28ec073b,eip155:196,settled,v2-header,
2026-07-23T09:35:35Z,perp-gate,0.010000,0x65bb932d9987f1d1a98b8942a3fa98cb28ec073b,eip155:196,settled,v2-header,0x07be5cfc26ae3274f2ea7c73474416982a8f54f21d617af72b692888d2e6dbf1
2026-07-23T09:35:37Z,perp-gate,0.010000,0x65bb932d9987f1d1a98b8942a3fa98cb28ec073b,eip155:196,settled,v2-header,0x7ec0065352bcdb7c0bef0c6ada08d72ea5c3ed1db178c18f7a87204923b5f127
2026-07-23T09:35:40Z,perp-gate,0.010000,0x65bb932d9987f1d1a98b8942a3fa98cb28ec073b,eip155:196,settled,v2-header,0x42e062a315fb33c31e9dc152a5290bc0e815787fda7c4479e02195056f5fd86f
2026-07-23T09:35:42Z,portfolio-gate,0.050000,0x65bb932d9987f1d1a98b8942a3fa98cb28ec073b,eip155:196,settled,v2-header,0x8a7b1885915fd9362daf70eebe36ad96bbaaf121dbf35ed75b3cd58f0741792c
2026-07-23T09:50:48Z,perp-gate,0.010000,0x65bb932d9987f1d1a98b8942a3fa98cb28ec073b,eip155:196,settled,v2-header,0xb2d3f4cec1ffe0adf8fd7936812594d4e8864024acbb0088ae1c76d20e1d6622
2026-07-23T09:50:51Z,perp-gate,0.010000,0x65bb932d9987f1d1a98b8942a3fa98cb28ec073b,eip155:196,settled,v2-header,0x2d15249d83a6b0ef0cc9134d3c7d664f6147bc464bc3c72c3bc29f129c2ed856
2026-07-23T09:50:53Z,perp-gate,0.010000,0x65bb932d9987f1d1a98b8942a3fa98cb28ec073b,eip155:196,settled,v2-header,0xb696d2da7cab3e818c9ae7720c0c3d364f7fbf956106355087b94628758cbafc
2026-07-23T10:05:59Z,macro-sentry,0.005000,0x65bb932d9987f1d1a98b8942a3fa98cb28ec073b,eip155:196,settled,v2-header,0xd0bd7e290765ddb08c8d0d4ae19d261b82682f0de2904eb500cdcfc8804cb603
2026-07-23T10:06:02Z,updown-pulse,0.010000,0x65bb932d9987f1d1a98b8942a3fa98cb28ec073b,eip155:196,settled,v2-header,0x0e4692975048033100160dd8736a8c534fa2c27db73df7a237ae46c2c9f405ac
2026-07-23T10:06:05Z,updown-pulse,0.010000,0x65bb932d9987f1d1a98b8942a3fa98cb28ec073b,eip155:196,settled,v2-header,0xddbcb0419c6f64c00d3048427f6caa69a92eba4cf407b4fd8d11d921c4622d40
2026-07-23T10:06:07Z,loop-digest,0.010000,0x65bb932d9987f1d1a98b8942a3fa98cb28ec073b,eip155:196,settled,v2-header,
2026-07-23T10:06:10Z,perp-gate,0.010000,0x65bb932d9987f1d1a98b8942a3fa98cb28ec073b,eip155:196,settled,v2-header,0x7967266559b5922a27df0c0adf7b383603750a021f8c8f6ac8885cdae45c7abc
2026-07-23T10:06:12Z,perp-gate,0.010000,0x65bb932d9987f1d1a98b8942a3fa98cb28ec073b,eip155:196,settled,v2-header,0xfcc3cccbcec25110c29d040d7b2ad1197e9ee92b114eb5cc644cf200af2766e3
2026-07-23T10:06:15Z,perp-gate,0.010000,0x65bb932d9987f1d1a98b8942a3fa98cb28ec073b,eip155:196,settled,v2-header,0x1585a908108e2809db18ef843f29ed3bb62848965438e0285630316d43496129
2026-07-23T10:21:20Z,perp-gate,0.010000,0x65bb932d9987f1d1a98b8942a3fa98cb28ec073b,eip155:196,settled,v2-header,0xaefb8a5f72ce7207da714b16c7437b85f937ecce5fda1655bace3614583829e5
2026-07-23T10:21:23Z,perp-gate,0.010000,0x65bb932d9987f1d1a98b8942a3fa98cb28ec073b,eip155:196,settled,v2-header,0xe950376bbbe7abe49dc72ad98fb283723a213f73739a46236f323d140d166d3e
2026-07-23T10:21:25Z,perp-gate,0.010000,0x65bb932d9987f1d1a98b8942a3fa98cb28ec073b,eip155:196,settled,v2-header,0x96c00624f84d546424cfb4466ad63abe4b98e8b4d64425ad6a79d96271165906
2026-07-23T10:36:30Z,updown-pulse,0.010000,0x65bb932d9987f1d1a98b8942a3fa98cb28ec073b,eip155:196,settled,v2-header,0x2500ffbfff6df37478902cd375bd754db19c01c49863f4e69d2d02385402cdfc
2026-07-23T10:36:33Z,updown-pulse,0.010000,0x65bb932d9987f1d1a98b8942a3fa98cb28ec073b,eip155:196,settled,v2-header,0x4faf4105ee20c0ac006b8f3d3adeea5915a130f326140da0c8286fabd56fb1e4
2026-07-23T10:36:34Z,loop-digest,0.010000,0x65bb932d9987f1d1a98b8942a3fa98cb28ec073b,eip155:196,settled,v2-header,
2026-07-23T10:36:38Z,perp-gate,0.010000,0x65bb932d9987f1d1a98b8942a3fa98cb28ec073b,eip155:196,settled,v2-header,0x89f41f403b34ad5281a0d39f857df17960e970b6c8c1461fffc3c379e3d13db1
2026-07-23T10:36:40Z,perp-gate,0.010000,0x65bb932d9987f1d1a98b8942a3fa98cb28ec073b,eip155:196,settled,v2-header,0x8e66f30a1c792593ad8673df2cc0bbf11b6b5f1ba87911600539030bac903960
2026-07-23T10:36:43Z,perp-gate,0.010000,0x65bb932d9987f1d1a98b8942a3fa98cb28ec073b,eip155:196,settled,v2-header,0x08d8361316cc8a350843b3845cf4c2c7a37baa879446a00238fbba4c173453aa
2026-07-23T10:36:45Z,portfolio-gate,0.050000,0x65bb932d9987f1d1a98b8942a3fa98cb28ec073b,eip155:196,settled,v2-header,0x29689ba037d8a031d5d1188fd415351643240e868e08053d804b0d701f31029f
2026-07-23T10:51:50Z,perp-gate,0.010000,0x65bb932d9987f1d1a98b8942a3fa98cb28ec073b,eip155:196,settled,v2-header,0x29db795c2fedb134872ae0719edfd4fe09bb513e4705d68799ae765f9ff54717
2026-07-23T10:51:53Z,perp-gate,0.010000,0x65bb932d9987f1d1a98b8942a3fa98cb28ec073b,eip155:196,settled,v2-header,0x8fcc983e3a95afdf7995004cdafdb760749bbce5fd7281657616ece793fbea45
2026-07-23T10:51:55Z,perp-gate,0.010000,0x65bb932d9987f1d1a98b8942a3fa98cb28ec073b,eip155:196,settled,v2-header,0xb6b70a8a086188a8fefe7dc6f523256236991fef1f04dcc1233442026d16eadc
2026-07-23T10:52:00Z,exec-verify,0.010000,0x65bb932d9987f1d1a98b8942a3fa98cb28ec073b,eip155:196,settled,v2-header,0xaa8ca29aff6e063c089178071fac77257d365129f4f5d0fbcc3cbdfd76fa6837
2026-07-23T11:07:03Z,macro-sentry,0.005000,0x65bb932d9987f1d1a98b8942a3fa98cb28ec073b,eip155:196,settled,v2-header,0x03be7a8320be46c4902a2c9347dea0941559b16dc07dc726e0d2983f4be398bf
2026-07-23T11:07:06Z,options-desk,0.010000,0x65bb932d9987f1d1a98b8942a3fa98cb28ec073b,eip155:196,settled,v2-header,0xe5acd690b3951e637759689e12c5b72ae488eae5e2d3b73dc5afd199a519d85c
2026-07-23T11:07:09Z,updown-pulse,0.010000,0x65bb932d9987f1d1a98b8942a3fa98cb28ec073b,eip155:196,settled,v2-header,0x5b785f613c14f11566c7fd9f579b1283d117473d3ebd2224830a8116c569a3fa
2026-07-23T11:07:12Z,updown-pulse,0.010000,0x65bb932d9987f1d1a98b8942a3fa98cb28ec073b,eip155:196,settled,v2-header,0x272695be1d2038552168a4f1ed28ba2fe1978d212f16134327938c4dee29b4c3
2026-07-23T11:07:14Z,loop-digest,0.010000,0x65bb932d9987f1d1a98b8942a3fa98cb28ec073b,eip155:196,settled,v2-header,
2026-07-23T11:07:17Z,perp-gate,0.010000,0x65bb932d9987f1d1a98b8942a3fa98cb28ec073b,eip155:196,settled,v2-header,0x0d19adc64dcfe47f05ec0539842b2050db12abdcdfcb95f5b9f817c620de0b9e
2026-07-23T11:07:20Z,perp-gate,0.010000,0x65bb932d9987f1d1a98b8942a3fa98cb28ec073b,eip155:196,settled,v2-header,0x121c9e829ecfcba22e5932146f06bd004bb368326397e5c8e332b157156d62b9
2026-07-23T11:07:22Z,perp-gate,0.010000,0x65bb932d9987f1d1a98b8942a3fa98cb28ec073b,eip155:196,settled,v2-header,0xc28641ec935b9084fd69b977b9a707ae019d345ccbeb34d25b4372c08b64c7df
2026-07-23T11:22:28Z,perp-gate,0.010000,0x65bb932d9987f1d1a98b8942a3fa98cb28ec073b,eip155:196,settled,v2-header,0x93ebc426bc13eca985dbe3ed7e8a829dc520c6dd26e5ac644d6e53cf4d60b016
2026-07-23T11:22:30Z,perp-gate,0.010000,0x65bb932d9987f1d1a98b8942a3fa98cb28ec073b,eip155:196,settled,v2-header,0x59bafba2029fcf2b9180bcbe6ed3b402af3e0383e1d8436ed8b0186ea4123519
2026-07-23T11:22:32Z,perp-gate,0.010000,0x65bb932d9987f1d1a98b8942a3fa98cb28ec073b,eip155:196,settled,v2-header,0x7f02a27fa52d92f397ef6e209c71c95105d12e157cd4f6d2385465d4789bb94b
2026-07-23T11:37:37Z,updown-pulse,0.010000,0x65bb932d9987f1d1a98b8942a3fa98cb28ec073b,eip155:196,settled,v2-header,0x740590c7fc0be662b3f20016c4c49c447add79663453e60d4f722a85b4d88294
2026-07-23T11:37:40Z,updown-pulse,0.010000,0x65bb932d9987f1d1a98b8942a3fa98cb28ec073b,eip155:196,settled,v2-header,0x1a315ac672263880101240817e5378897f567d7aa059fef6045bd5dc57a6c039
2026-07-23T11:37:42Z,loop-digest,0.010000,0x65bb932d9987f1d1a98b8942a3fa98cb28ec073b,eip155:196,settled,v2-header,
2026-07-23T11:37:45Z,perp-gate,0.010000,0x65bb932d9987f1d1a98b8942a3fa98cb28ec073b,eip155:196,settled,v2-header,0x6fc15d2c2c2c85613e21ab9edcd943fba1fb6113d3f819ffa2d52d83f5ed8e0d
2026-07-23T11:37:49Z,perp-gate,0.010000,0x65bb932d9987f1d1a98b8942a3fa98cb28ec073b,eip155:196,settled,v2-header,0x18c52d7916a3d22b5a1d6d14e9bf5e7488ed87806e29cbf8f32704f1bb8a541b
2026-07-23T11:37:52Z,perp-gate,0.010000,0x65bb932d9987f1d1a98b8942a3fa98cb28ec073b,eip155:196,settled,v2-header,0xcb8ca8e44345ae406e36ff98757fae4aa50bb8ea92344fee3244c3e616a296b5
2026-07-23T11:37:54Z,portfolio-gate,0.050000,0x65bb932d9987f1d1a98b8942a3fa98cb28ec073b,eip155:196,settled,v2-header,0x0944dec34d2e1c5384b5cb14e73a069b0fcbb99033f37d64ebe40de96075a8bd
2026-07-23T11:52:59Z,perp-gate,0.010000,0x65bb932d9987f1d1a98b8942a3fa98cb28ec073b,eip155:196,settled,v2-header,0x302c4e4dc0313b5dedf09db179fd7b5db9cf23c14bda8f344ad89a34e67a2a22
2026-07-23T11:53:02Z,perp-gate,0.010000,0x65bb932d9987f1d1a98b8942a3fa98cb28ec073b,eip155:196,settled,v2-header,0xa215a9c067dc299d806fc0f24f4b27ee46446f87332dc91d4fab2f212a229df3
2026-07-23T11:53:05Z,perp-gate,0.010000,0x65bb932d9987f1d1a98b8942a3fa98cb28ec073b,eip155:196,settled,v2-header,0x2691eb016057d454da4d30a945b9cb1ad1814cc87d37b0d437ad4e96fdfea161
2026-07-25T01:07:26Z,size-gate,0.010000,0x65bb932d9987f1d1a98b8942a3fa98cb28ec073b,eip155:196,settled,v2-header,0x1aede0ad95e0045a3c28d01619ca7e6cbd58e086e848f1ddbccff4e58a4ed96b
2026-07-25T01:07:41Z,macro-sentry,0.005000,0x65bb932d9987f1d1a98b8942a3fa98cb28ec073b,eip155:196,settled,v2-header,0x625549856383ea845b5172d7bb8f13778f04994666e484b94e490aa2f913eccf
2026-07-25T01:07:44Z,options-desk,0.010000,0x65bb932d9987f1d1a98b8942a3fa98cb28ec073b,eip155:196,settled,v2-header,0x290dc343bc46c28a34f99eb564e47728a3091c8ca0120773f64d29e7d52c3dce
2026-07-25T01:07:47Z,updown-pulse,0.010000,0x65bb932d9987f1d1a98b8942a3fa98cb28ec073b,eip155:196,settled,v2-header,0xe4e0d1c4d832f65b3467b49bce3768c78d5a177101b3b8b559bfb31eef7a26d0
2026-07-25T01:07:50Z,updown-pulse,0.010000,0x65bb932d9987f1d1a98b8942a3fa98cb28ec073b,eip155:196,settled,v2-header,0x71c836a7023b7a415868093620f7952c07a78748157a5872b35f437e5d96a962
2026-07-25T01:07:52Z,loop-digest,0.010000,0x65bb932d9987f1d1a98b8942a3fa98cb28ec073b,eip155:196,not_charged,v2-header,
2026-07-25T01:07:55Z,perp-gate,0.010000,0x65bb932d9987f1d1a98b8942a3fa98cb28ec073b,eip155:196,settled,v2-header,0x1120099c0562768c4836ab0ea7c5085119bb804554c034090ba54f3e61936d9c
2026-07-25T01:07:57Z,perp-gate,0.010000,0x65bb932d9987f1d1a98b8942a3fa98cb28ec073b,eip155:196,settled,v2-header,0xb495f7550a6e61147ba2d08f6cf23f2c28d447dce5fbe1f91c20236f0efeb80a
2026-07-25T01:08:00Z,perp-gate,0.010000,0x65bb932d9987f1d1a98b8942a3fa98cb28ec073b,eip155:196,settled,v2-header,0x5a372791a637484a0d70a37d14089571c44eefff2c2e93192ed2a64051c87821
2026-07-25T01:08:02Z,portfolio-gate,0.050000,0x65bb932d9987f1d1a98b8942a3fa98cb28ec073b,eip155:196,settled,v2-header,0xb1a6051f81059e54fa1d6fb5f9783d245a7093bb221c501f6f5c010e78260e3f
2026-07-25T01:08:05Z,treasury-risk,0.020000,0x65bb932d9987f1d1a98b8942a3fa98cb28ec073b,eip155:196,settled,v2-header,0x5a949a6c22389b3e8de31e15c78ade637133eb45ecd43fdb347dab23068166ac
2026-07-25T01:08:19Z,protocol-pulse,0.010000,0x65bb932d9987f1d1a98b8942a3fa98cb28ec073b,eip155:196,not_charged,v2-header,
2026-07-25T01:08:22Z,tape-pulse,0.010000,0x65bb932d9987f1d1a98b8942a3fa98cb28ec073b,eip155:196,settled,v2-header,0x1794a4b1a368d77c87ea59deeaa1cd6f999dde3f2ba092d880c0dade1c0992e9
2026-07-25T01:08:30Z,portfolio-gate,0.050000,0x65bb932d9987f1d1a98b8942a3fa98cb28ec073b,eip155:196,settled,v2-header,0x02ad133f095715b15f5c82107c0cf8b3877081fe3359b96daec6a15aacbaf270
2026-07-25T01:10:43Z,perp-gate,0.010000,0x65bb932d9987f1d1a98b8942a3fa98cb28ec073b,eip155:196,settled,v2-header,0xfa594ee94a418fae66b52f2261ab71d518cf44f5e494f27309d07bdab0dc0d8d
2026-07-25T01:10:45Z,perp-gate,0.010000,0x65bb932d9987f1d1a98b8942a3fa98cb28ec073b,eip155:196,settled,v2-header,0x61069991394b7e15908bc23fa3623b6222e2a2beba624766a86d8a8072390d05
2026-07-25T01:10:48Z,perp-gate,0.010000,0x65bb932d9987f1d1a98b8942a3fa98cb28ec073b,eip155:196,settled,v2-header,0xecb2c5743c6d9152062ab37ebccf59dfc5432057bc4e6e04f3cee995a4f56e13
2026-07-25T01:25:54Z,perp-gate,0.010000,0x65bb932d9987f1d1a98b8942a3fa98cb28ec073b,eip155:196,settled,v2-header,0xda7204db873e8fae88341cf2f23f18ea1c9cc0216aefff33f4aa7b67655bdf95
2026-07-25T01:25:56Z,perp-gate,0.010000,0x65bb932d9987f1d1a98b8942a3fa98cb28ec073b,eip155:196,settled,v2-header,0xeeea493047cdf7c92ec36bdd78b60e485f567a2c5439cd2e3c00820f0128cb7a
2026-07-25T01:25:59Z,perp-gate,0.010000,0x65bb932d9987f1d1a98b8942a3fa98cb28ec073b,eip155:196,settled,v2-header,0x2dbb1ca06a7b72e1e3ca9415a879ebabcfad04f3ab90a36c9f0db79669984f79
2026-07-25T01:26:03Z,exec-verify,0.010000,0x65bb932d9987f1d1a98b8942a3fa98cb28ec073b,eip155:196,settled,v2-header,0x2d63265a9c36c0463cf8a7714d986b886dfd5a208b1c5ef418087dfe503feff0
2026-07-25T01:41:07Z,updown-pulse,0.010000,0x65bb932d9987f1d1a98b8942a3fa98cb28ec073b,eip155:196,settled,v2-header,0x4d6ed685b59d8b73f0a759faf4d1d074405f96583c3ede81baa66fa3a35f7c2d
2026-07-25T01:41:10Z,updown-pulse,0.010000,0x65bb932d9987f1d1a98b8942a3fa98cb28ec073b,eip155:196,settled,v2-header,0x496226feb88c5ef279dae7ec6616e42f01e47795bcde92696c5aba646b6f3eb6
2026-07-25T01:41:11Z,loop-digest,0.010000,0x65bb932d9987f1d1a98b8942a3fa98cb28ec073b,eip155:196,not_charged,v2-header,
2026-07-25T01:41:15Z,perp-gate,0.010000,0x65bb932d9987f1d1a98b8942a3fa98cb28ec073b,eip155:196,settled,v2-header,0xa9a1ed88e0e9f7c7c3ebdb7ff2209c5422116c1c30322835f6d579d00eec1ccb
2026-07-25T01:41:17Z,perp-gate,0.010000,0x65bb932d9987f1d1a98b8942a3fa98cb28ec073b,eip155:196,settled,v2-header,0xe14bb12e9c0ab0dc70bae7d2fb9613b1c6cea98a731ef40c651a198ac3d9e55b
2026-07-25T01:41:20Z,perp-gate,0.010000,0x65bb932d9987f1d1a98b8942a3fa98cb28ec073b,eip155:196,settled,v2-header,0xd9ca798b36400e313770399a93a4bdaf4a912b56186f2c275f610f0053ed3c99
2026-07-25T01:56:25Z,perp-gate,0.010000,0x65bb932d9987f1d1a98b8942a3fa98cb28ec073b,eip155:196,settled,v2-header,0x5acddadefd39c54e968dcc3c86e148de8050d0b7fc0a894875a5f7701fcc7f3f
2026-07-25T01:56:28Z,perp-gate,0.010000,0x65bb932d9987f1d1a98b8942a3fa98cb28ec073b,eip155:196,settled,v2-header,0x4bf0e89fb9c1b9878693c158249a56eb220d6d5079c3a61c2a835681a36e2910
2026-07-25T01:56:30Z,perp-gate,0.010000,0x65bb932d9987f1d1a98b8942a3fa98cb28ec073b,eip155:196,settled,v2-header,0x26da13b8b0890a68cfe622a65043ee95ace9afd2f76c1acf2a955a1086af1d99
2026-07-25T02:11:35Z,macro-sentry,0.005000,0x65bb932d9987f1d1a98b8942a3fa98cb28ec073b,eip155:196,settled,v2-header,0x30a3b0f0fcaba464ac0373634dcbdcbb65be85c58f800f85a24721bb86ea784d
2026-07-25T02:11:38Z,updown-pulse,0.010000,0x65bb932d9987f1d1a98b8942a3fa98cb28ec073b,eip155:196,settled,v2-header,0x4b7c3919ec0c97e9cd040b276c83a41763f2eada88ab332ee28b9e256f73efc9
2026-07-25T02:11:41Z,updown-pulse,0.010000,0x65bb932d9987f1d1a98b8942a3fa98cb28ec073b,eip155:196,settled,v2-header,0xc513952ff530d9d6c04fc48337606f9726cc35873f24876c405f31d97114f81e
2026-07-25T02:11:43Z,loop-digest,0.010000,0x65bb932d9987f1d1a98b8942a3fa98cb28ec073b,eip155:196,not_charged,v2-header,
2026-07-25T02:11:46Z,perp-gate,0.010000,0x65bb932d9987f1d1a98b8942a3fa98cb28ec073b,eip155:196,settled,v2-header,0xd399d96f087d9cfdf86bafd1e8723f1ca59bf7d61db949e12b8be1e61b379371
2026-07-25T02:11:48Z,perp-gate,0.010000,0x65bb932d9987f1d1a98b8942a3fa98cb28ec073b,eip155:196,settled,v2-header,0x31944f058cab92345fddc064294cc7e8b2a1afdcc9c135ed22b5422942297f75
2026-07-25T02:11:51Z,perp-gate,0.010000,0x65bb932d9987f1d1a98b8942a3fa98cb28ec073b,eip155:196,settled,v2-header,0xabcfb5b5b644a6272e5fcc81156e6338da633217757ec283e761675447c225cd
2026-07-25T02:11:53Z,portfolio-gate,0.050000,0x65bb932d9987f1d1a98b8942a3fa98cb28ec073b,eip155:196,settled,v2-header,0x2f3adb9496f06c69acc70b635afba3192b655138b0199e25e9af5569e823a254
2026-07-25T02:11:58Z,exec-verify,0.010000,0x65bb932d9987f1d1a98b8942a3fa98cb28ec073b,eip155:196,settled,v2-header,0xca604e42902140c36cc58d2f607edbf4ee50165ac0927491457c2dfc216c83dc
2026-07-25T02:27:02Z,perp-gate,0.010000,0x65bb932d9987f1d1a98b8942a3fa98cb28ec073b,eip155:196,settled,v2-header,0x0932fedf80beef65bfc9518d423b2f6968d168cd994db357ddf047a8c1bed093
2026-07-25T02:27:04Z,perp-gate,0.010000,0x65bb932d9987f1d1a98b8942a3fa98cb28ec073b,eip155:196,settled,v2-header,0xec79f2d64cad8660b7beba360d6ecf3426e846e36f56d36076e63f33161e9d69
2026-07-25T02:27:07Z,perp-gate,0.010000,0x65bb932d9987f1d1a98b8942a3fa98cb28ec073b,eip155:196,settled,v2-header,0xbe920aa4784aea1c07398f2e28510c1a29685b60ca2733a7ade6b3ae8ad24c8f
2026-07-25T02:42:12Z,updown-pulse,0.010000,0x65bb932d9987f1d1a98b8942a3fa98cb28ec073b,eip155:196,settled,v2-header,0xefc1356b5628cd2edd9636aac057482f01aad5c2735612cacb342203769be079
2026-07-25T02:42:18Z,updown-pulse,0.010000,0x65bb932d9987f1d1a98b8942a3fa98cb28ec073b,eip155:196,settled,v2-header,0xc59ca5e25fa607991948b1dc4284ad5179a81f4fbc9b2150ec63ee0e1b8a7ab2
2026-07-25T02:42:19Z,loop-digest,0.010000,0x65bb932d9987f1d1a98b8942a3fa98cb28ec073b,eip155:196,not_charged,v2-header,
2026-07-25T02:42:22Z,perp-gate,0.010000,0x65bb932d9987f1d1a98b8942a3fa98cb28ec073b,eip155:196,settled,v2-header,0x61f6124dbc108738c35a0fac8f44a3ae54cb2b11ae4ed1b579153d7aedd11950
2026-07-25T02:42:25Z,perp-gate,0.010000,0x65bb932d9987f1d1a98b8942a3fa98cb28ec073b,eip155:196,settled,v2-header,0x03033c493e2d6d74f1d694713ba27ae13363ca30f30b4ae370abe98ea636c5e6
2026-07-25T02:42:27Z,perp-gate,0.010000,0x65bb932d9987f1d1a98b8942a3fa98cb28ec073b,eip155:196,settled,v2-header,0x5cd7e510eb61920802bc928450d559b55a3f2adea2ab40e89903333644de0767
2026-07-25T02:57:32Z,perp-gate,0.010000,0x65bb932d9987f1d1a98b8942a3fa98cb28ec073b,eip155:196,settled,v2-header,0x31c8f581bbadf36fe42fa18370f08848417c586b7b0426f4f3a3b5d3f393870e
2026-07-25T02:57:35Z,perp-gate,0.010000,0x65bb932d9987f1d1a98b8942a3fa98cb28ec073b,eip155:196,settled,v2-header,0xaf5d22b0ac8bab7bef10fc1fbefc17b3ef1f9d88ceeba1bf215f4808a4415eed
2026-07-25T02:57:37Z,perp-gate,0.010000,0x65bb932d9987f1d1a98b8942a3fa98cb28ec073b,eip155:196,settled,v2-header,0xdb1bb6a847b44f6a1ec5d2987ffca3318568a29c5fab38dcab1a58d0e799b66c
2026-07-25T03:12:42Z,macro-sentry,0.005000,0x65bb932d9987f1d1a98b8942a3fa98cb28ec073b,eip155:196,settled,v2-header,0xd585aa96a9dee29499760ccd176678cd44ddb2459dff43d22901a699c551f938
2026-07-25T03:12:45Z,options-desk,0.010000,0x65bb932d9987f1d1a98b8942a3fa98cb28ec073b,eip155:196,settled,v2-header,0xde6a411c8b85fc12a1dc33f7aed605a6920e5dbea32090177dc469cb3f8c3185
2026-07-25T03:12:48Z,updown-pulse,0.010000,0x65bb932d9987f1d1a98b8942a3fa98cb28ec073b,eip155:196,settled,v2-header,0xa732c7d61700db46b01adb702c07ca5d2906f2e625c3bd42e4b5b4e0c6a1cd6b
2026-07-25T03:12:51Z,updown-pulse,0.010000,0x65bb932d9987f1d1a98b8942a3fa98cb28ec073b,eip155:196,settled,v2-header,0xebd79428ac980edee42bc1065d68c74be80d385d193320a72cd1953f1598d45c
2026-07-25T03:12:53Z,loop-digest,0.010000,0x65bb932d9987f1d1a98b8942a3fa98cb28ec073b,eip155:196,not_charged,v2-header,
2026-07-25T03:12:56Z,perp-gate,0.010000,0x65bb932d9987f1d1a98b8942a3fa98cb28ec073b,eip155:196,settled,v2-header,0x518b6ae1814e2c7b3fadb81eda87882b1f80d3f32674c6ac42d0110fb6fa2aa4
2026-07-25T03:12:59Z,perp-gate,0.010000,0x65bb932d9987f1d1a98b8942a3fa98cb28ec073b,eip155:196,settled,v2-header,0x25556377b107550ef5537a9621dded60c13151a78eb800dd2e2e49c0ec83a444
2026-07-25T03:13:02Z,perp-gate,0.010000,0x65bb932d9987f1d1a98b8942a3fa98cb28ec073b,eip155:196,settled,v2-header,0x3cf0f09ff851077fedd970fb90ed1095a5ebe4242c79b914ce5f141ccfe9d0f0
2026-07-25T03:13:04Z,portfolio-gate,0.050000,0x65bb932d9987f1d1a98b8942a3fa98cb28ec073b,eip155:196,settled,v2-header,0xff1f731d6d4ade8ea9700c41eee2f7532576ef2676fad9d87c025ba389689486
2026-07-25T03:28:10Z,perp-gate,0.010000,0x65bb932d9987f1d1a98b8942a3fa98cb28ec073b,eip155:196,settled,v2-header,0x525b0743a996f9a2bb90618fb420ad6a8fb8e770cd5c4f017f1d5fc4c533b8b5
2026-07-25T03:28:12Z,perp-gate,0.010000,0x65bb932d9987f1d1a98b8942a3fa98cb28ec073b,eip155:196,settled,v2-header,0xe93783f3409d9906b9618de0ff41aeabdcaf8ad5b5afadbd99ef23b82f7236e7
2026-07-25T03:28:15Z,perp-gate,0.010000,0x65bb932d9987f1d1a98b8942a3fa98cb28ec073b,eip155:196,settled,v2-header,0x3867d7307e2d11c8b69d69d98f36f9ab354d410c9cc052d5a333f2dddda17e0e
2026-07-25T03:43:19Z,updown-pulse,0.010000,0x65bb932d9987f1d1a98b8942a3fa98cb28ec073b,eip155:196,settled,v2-header,0x9b7ffa0209cf91182b9fb8f62a55240a21d0ad044fe397a03cf390e7351b6085
2026-07-25T03:43:22Z,updown-pulse,0.010000,0x65bb932d9987f1d1a98b8942a3fa98cb28ec073b,eip155:196,settled,v2-header,0xe9118b27333c2b53639b7107659460e71385b97d6c7c82e1ef4be8f18ecad729
2026-07-25T03:43:24Z,loop-digest,0.010000,0x65bb932d9987f1d1a98b8942a3fa98cb28ec073b,eip155:196,not_charged,v2-header,
2026-07-25T03:43:27Z,perp-gate,0.010000,0x65bb932d9987f1d1a98b8942a3fa98cb28ec073b,eip155:196,settled,v2-header,0xffae6bf4e30dc77738e5ff73369587365734aa51edaa2781ba9641379fd4b3ce
2026-07-25T03:43:30Z,perp-gate,0.010000,0x65bb932d9987f1d1a98b8942a3fa98cb28ec073b,eip155:196,settled,v2-header,0x3f873290826a7acf7231f5a82384ab5d644d8b38e5110b3fbe8bed7323ff58c3
2026-07-25T03:43:32Z,perp-gate,0.010000,0x65bb932d9987f1d1a98b8942a3fa98cb28ec073b,eip155:196,settled,v2-header,0x9d8b59973b8eb2a7bcbf3715368ba2f5efa6c2b02d631cfd1b13123040c92356
2026-07-25T03:58:37Z,perp-gate,0.010000,0x65bb932d9987f1d1a98b8942a3fa98cb28ec073b,eip155:196,settled,v2-header,0x005474c10099950dd7a45720f067a097544d58895b8c091c2cc5a42df4e6a821
2026-07-25T03:58:40Z,perp-gate,0.010000,0x65bb932d9987f1d1a98b8942a3fa98cb28ec073b,eip155:196,settled,v2-header,0x8bd6cea32be854d9110de4707ace1860100621bfcdafa302cdd401927b543e7a
2026-07-25T03:58:42Z,perp-gate,0.010000,0x65bb932d9987f1d1a98b8942a3fa98cb28ec073b,eip155:196,settled,v2-header,0xcb340871b3d7831e5f55617001f1726d5abba8c2389eebed557f085a850aaca7
2026-07-25T04:13:47Z,macro-sentry,0.005000,0x65bb932d9987f1d1a98b8942a3fa98cb28ec073b,eip155:196,settled,v2-header,0x8fceaff3d527fac580e6c3618f541da923e0a079addc7de15627319241a26f94
2026-07-25T04:13:50Z,updown-pulse,0.010000,0x65bb932d9987f1d1a98b8942a3fa98cb28ec073b,eip155:196,settled,v2-header,0xa9784f410bbccb0bab57c31666b04566c9317a97f85f7304f548c656d4b510c9
2026-07-25T04:13:53Z,updown-pulse,0.010000,0x65bb932d9987f1d1a98b8942a3fa98cb28ec073b,eip155:196,settled,v2-header,0xa9532ac7e8df872eb65bf3ecf9db320eefcf95b2a1e31236d1a753a2b1face33
2026-07-25T04:13:54Z,loop-digest,0.010000,0x65bb932d9987f1d1a98b8942a3fa98cb28ec073b,eip155:196,not_charged,v2-header,
2026-07-25T04:13:58Z,perp-gate,0.010000,0x65bb932d9987f1d1a98b8942a3fa98cb28ec073b,eip155:196,settled,v2-header,0x85a783ad9d368a0b0f6cd70600659f491e4cebcf850a0cc33e5571f9c167e0ce
2026-07-25T04:13:59Z,perp-gate,0.010000,0x65bb932d9987f1d1a98b8942a3fa98cb28ec073b,eip155:196,settled,v2-header,0xc866234290fc3161556f7e466c2ef5c098dd0ec7c03b751c7620d7ced671c7c7
2026-07-25T04:14:01Z,perp-gate,0.010000,0x65bb932d9987f1d1a98b8942a3fa98cb28ec073b,eip155:196,settled,v2-header,0x70daf6a46e172ba33e6ef9f5ce2bf306097a5ae094857bae56d9ed28c3ba417b
2026-07-25T04:14:04Z,portfolio-gate,0.050000,0x65bb932d9987f1d1a98b8942a3fa98cb28ec073b,eip155:196,settled,v2-header,0x35d5e98d33ae5e7a1b24d31f7899b6ab4d226e4709cd33d5ea00130899631a80
2026-07-25T04:29:09Z,perp-gate,0.010000,0x65bb932d9987f1d1a98b8942a3fa98cb28ec073b,eip155:196,settled,v2-header,0x54f07850ec423a723ce377d70a5fac30fd4d152e7695a60aa73c3094c66947cf
2026-07-25T04:29:15Z,perp-gate,0.010000,0x65bb932d9987f1d1a98b8942a3fa98cb28ec073b,eip155:196,settled,v2-header,0x54bee319e3b05222ace6e0cac608c0fff0e3d25d554d0b7dba750584d93f04d0
2026-07-25T04:29:17Z,perp-gate,0.010000,0x65bb932d9987f1d1a98b8942a3fa98cb28ec073b,eip155:196,settled,v2-header,0x7ac2bf8e3e3418217b612e62b1f20aa5480b46d3a23e8cfd278bf91b4e0ad35e
2026-07-25T04:44:22Z,updown-pulse,0.010000,0x65bb932d9987f1d1a98b8942a3fa98cb28ec073b,eip155:196,settled,v2-header,0x45a5dc548e737b93beaa921db6f6db3884fc05c336a287dac84021d40b7218cc
2026-07-25T04:44:25Z,updown-pulse,0.010000,0x65bb932d9987f1d1a98b8942a3fa98cb28ec073b,eip155:196,settled,v2-header,0xebc22dc044f2ff2276f3078ad518335b6bbd2c4096cb0f2a5690487776d2ff80
2026-07-25T04:44:27Z,loop-digest,0.010000,0x65bb932d9987f1d1a98b8942a3fa98cb28ec073b,eip155:196,not_charged,v2-header,
2026-07-25T04:44:30Z,perp-gate,0.010000,0x65bb932d9987f1d1a98b8942a3fa98cb28ec073b,eip155:196,settled,v2-header,0x7849678e537bc34b31357da81f3e96fe9c7ff4c3ea8854b9a7e3f6f80a614214
2026-07-25T04:44:33Z,perp-gate,0.010000,0x65bb932d9987f1d1a98b8942a3fa98cb28ec073b,eip155:196,settled,v2-header,0x8d827bcc74f549e80e17ec647de8286bbd28aa76126f08dd4af10074686f815f
2026-07-25T04:44:35Z,perp-gate,0.010000,0x65bb932d9987f1d1a98b8942a3fa98cb28ec073b,eip155:196,settled,v2-header,0xa3af783c44b6b74ca3689532ae251fba51fbe251eab11ba502830e34b355d299
2026-07-25T04:59:41Z,perp-gate,0.010000,0x65bb932d9987f1d1a98b8942a3fa98cb28ec073b,eip155:196,settled,v2-header,0x2037da7f0e18d904bbce89eb15ffb5e8e27ccd779fa9567185214e3fae140350
2026-07-25T04:59:43Z,perp-gate,0.010000,0x65bb932d9987f1d1a98b8942a3fa98cb28ec073b,eip155:196,settled,v2-header,0x4c1f9ef2133fe62781bc06647985bfc4b1051f6aabc8d281eb80215752bb31a4
2026-07-25T04:59:46Z,perp-gate,0.010000,0x65bb932d9987f1d1a98b8942a3fa98cb28ec073b,eip155:196,settled,v2-header,0xc2c60138f017d27cdf19e87a9b6feb2955c42bbbe4409552dad9d3036c79f0f0
2026-07-25T05:06:55Z,loop-digest,0.010000,0x65bb932d9987f1d1a98b8942a3fa98cb28ec073b,eip155:196,not_charged,v2-header,
2026-07-25T05:07:03Z,options-desk,0.010000,0x65bb932d9987f1d1a98b8942a3fa98cb28ec073b,eip155:196,paid-but-400,v2-header,
2026-07-25T05:07:11Z,updown-pulse,0.010000,0x65bb932d9987f1d1a98b8942a3fa98cb28ec073b,eip155:196,paid-but-400,v2-header,
2026-07-25T05:07:19Z,options-desk,0.010000,0x65bb932d9987f1d1a98b8942a3fa98cb28ec073b,eip155:196,paid-but-400,v2-header,
2026-07-25T05:07:28Z,size-gate,0.010000,0x65bb932d9987f1d1a98b8942a3fa98cb28ec073b,eip155:196,settled,v2-header,0xe195c62596c1753cac6dea95d435ac6f7def3e324f35063e8317d151c3575314
2026-07-25T05:08:11Z,perp-gate,0.010000,0x65bb932d9987f1d1a98b8942a3fa98cb28ec073b,eip155:196,settled,v2-header,0x6429e9ce0d7616535ae4ee3a9cb707e9ea4a23f084c8a3ade185395c33b1cd20
2026-07-25T05:08:14Z,perp-gate,0.010000,0x65bb932d9987f1d1a98b8942a3fa98cb28ec073b,eip155:196,settled,v2-header,0x7c5be6142803c7d87d9e0342ee8ddc7ab0ce5ef9580354d108516a0d8c56df90
2026-07-25T05:08:16Z,perp-gate,0.010000,0x65bb932d9987f1d1a98b8942a3fa98cb28ec073b,eip155:196,settled,v2-header,0xc33cf0687345b9baebb3b7903539c9f7d4d05e2fb66f537a707901eb9b1ceb4e
2026-07-25T05:14:50Z,macro-sentry,0.005000,0x65bb932d9987f1d1a98b8942a3fa98cb28ec073b,eip155:196,settled,v2-header,0x4f278732004696112b4ecab285bd66bd2428a34c3e2869518231765f28ea4249
2026-07-25T05:14:53Z,options-desk,0.010000,0x65bb932d9987f1d1a98b8942a3fa98cb28ec073b,eip155:196,settled,v2-header,0xfcdc545a1c049c27d7543713fd365c113804cb78ed73eebe5b3e4c6ea57bd738
2026-07-25T05:14:56Z,updown-pulse,0.010000,0x65bb932d9987f1d1a98b8942a3fa98cb28ec073b,eip155:196,settled,v2-header,0x227566cf8fa56a4136bcb71eb889a70bdbf31a8ab743b88c2b3c91b99636622d
2026-07-25T05:14:58Z,updown-pulse,0.010000,0x65bb932d9987f1d1a98b8942a3fa98cb28ec073b,eip155:196,settled,v2-header,0x9ed9afab6a65e7b94f0e05a86cbfd0e56ba1b26919891f3460a2c5ea1c10b343
2026-07-25T05:15:00Z,loop-digest,0.010000,0x65bb932d9987f1d1a98b8942a3fa98cb28ec073b,eip155:196,not_charged,v2-header,
2026-07-25T05:15:04Z,perp-gate,0.010000,0x65bb932d9987f1d1a98b8942a3fa98cb28ec073b,eip155:196,settled,v2-header,0x28ad9464ec30a3055908cf7ba75e9fc9dfa298e6b6e3fe2d542fe0837c7b66dd
2026-07-25T05:15:07Z,perp-gate,0.010000,0x65bb932d9987f1d1a98b8942a3fa98cb28ec073b,eip155:196,settled,v2-header,0x4a37c5326f85f51dd9d78a52e7409370c04dc25d6bfd4c7bb3c3adebdb4897e6
2026-07-25T05:15:09Z,perp-gate,0.010000,0x65bb932d9987f1d1a98b8942a3fa98cb28ec073b,eip155:196,settled,v2-header,0x6fcb11c7a1bdda47e960f562761660daadb9c1ce7e343e5d93ac47cc033ef928
2026-07-25T05:15:12Z,portfolio-gate,0.050000,0x65bb932d9987f1d1a98b8942a3fa98cb28ec073b,eip155:196,settled,v2-header,0x123b75eca0f79f383613a444950c0697cd0e8f1192e66c097ee811eb778a0657
2026-07-25T05:23:22Z,perp-gate,0.010000,0x65bb932d9987f1d1a98b8942a3fa98cb28ec073b,eip155:196,settled,v2-header,0x91729bea7364e2a6aa5dee3fe2c66d146b0855675ed220bebb27cdc43b89a53d
2026-07-25T05:23:24Z,perp-gate,0.010000,0x65bb932d9987f1d1a98b8942a3fa98cb28ec073b,eip155:196,settled,v2-header,0x93fe06c0bbd42fc2f3d1d1abd9b7044077d13a566c301a851c877131ed1074e6
2026-07-25T05:23:27Z,perp-gate,0.010000,0x65bb932d9987f1d1a98b8942a3fa98cb28ec073b,eip155:196,settled,v2-header,0xb410c50ce3848ab3cc3826ba6564e07b80ce50ca5ffb1c57d303e9fcb45d6b90
2026-07-25T05:23:45Z,protocol-pulse,0.010000,0x65bb932d9987f1d1a98b8942a3fa98cb28ec073b,eip155:196,settled,v2-header,0x3e91fc97829931c0beb44fcee9fccf78061a710533d34862420dc1f196439e92
2026-07-25T05:23:49Z,protocol-pulse,0.010000,0x65bb932d9987f1d1a98b8942a3fa98cb28ec073b,eip155:196,settled,v2-header,0xdcd52442ed5bd78ebdfe1c74fea70460bcecacde296f32b3a49f4f977ae9b257
2026-07-25T05:24:03Z,protocol-pulse,0.010000,0x65bb932d9987f1d1a98b8942a3fa98cb28ec073b,eip155:196,not_charged,v2-header,
2026-07-25T05:30:18Z,perp-gate,0.010000,0x65bb932d9987f1d1a98b8942a3fa98cb28ec073b,eip155:196,settled,v2-header,0x4fa01dafa06bfa721039085b97b1c572669fcb192cb4bb6694677dbdf9a5379d
2026-07-25T05:30:21Z,perp-gate,0.010000,0x65bb932d9987f1d1a98b8942a3fa98cb28ec073b,eip155:196,settled,v2-header,0x50223443dbfae767b6ce1f3138ffd9ddf858bc626cb165102ce91006d222128f
2026-07-25T05:30:24Z,perp-gate,0.010000,0x65bb932d9987f1d1a98b8942a3fa98cb28ec073b,eip155:196,settled,v2-header,0x79dfd485dcfc853bddc50d14084c5af63bd7c98d2bb30d3b791af34f8b44b506
2026-07-25T05:38:32Z,perp-gate,0.010000,0x65bb932d9987f1d1a98b8942a3fa98cb28ec073b,eip155:196,settled,v2-header,0xeb5a239052785786270d8725337da9dcd7d157c7789118ba2ad77fd4cbdf1f29
2026-07-25T05:38:34Z,perp-gate,0.010000,0x65bb932d9987f1d1a98b8942a3fa98cb28ec073b,eip155:196,settled,v2-header,0x287311d2e2b4211e9507be12772a3e224f650be80273a1dae958dc6ce3a09a44
2026-07-25T05:38:37Z,perp-gate,0.010000,0x65bb932d9987f1d1a98b8942a3fa98cb28ec073b,eip155:196,settled,v2-header,0x7989f5c4797865bce3285d01244a3e3a42423cd77a181b4a4488d8a396e177db
2026-07-25T05:45:30Z,updown-pulse,0.010000,0x65bb932d9987f1d1a98b8942a3fa98cb28ec073b,eip155:196,settled,v2-header,0x58463449b285071e9bd9dcd30e201ee41d3d327f1115b73e5193627102ac270e
2026-07-25T05:45:33Z,updown-pulse,0.010000,0x65bb932d9987f1d1a98b8942a3fa98cb28ec073b,eip155:196,settled,v2-header,0xc8933eaa7fb6a86984fdb774c00dc6230347a9ee31fe90ee92b3834ecd062220
2026-07-25T05:45:34Z,loop-digest,0.010000,0x65bb932d9987f1d1a98b8942a3fa98cb28ec073b,eip155:196,not_charged,v2-header,
2026-07-25T05:45:38Z,perp-gate,0.010000,0x65bb932d9987f1d1a98b8942a3fa98cb28ec073b,eip155:196,settled,v2-header,0x7b55087880292dec5edfdfb02f83f12d8eea94121bf37f7f29bc4440946994b0
2026-07-25T05:45:40Z,perp-gate,0.010000,0x65bb932d9987f1d1a98b8942a3fa98cb28ec073b,eip155:196,settled,v2-header,0xe38794321dd15fd2d1df5e620b44d4d9d58564d64ea47aa51860ab8ba97c5051
2026-07-25T05:45:43Z,perp-gate,0.010000,0x65bb932d9987f1d1a98b8942a3fa98cb28ec073b,eip155:196,settled,v2-header,0xbf3425308ceec2fa29500c95270b5e8c254778a913ab362db9d5dfaea120c21a
2026-07-25T05:53:42Z,perp-gate,0.010000,0x65bb932d9987f1d1a98b8942a3fa98cb28ec073b,eip155:196,settled,v2-header,0x35613b355b443ff8f408e287cf525f023d83a3d7611085123893d384bfd959f1
2026-07-25T05:53:45Z,perp-gate,0.010000,0x65bb932d9987f1d1a98b8942a3fa98cb28ec073b,eip155:196,settled,v2-header,0x67124bb3b7549d6779abc4ad740e7b7df596fd0db4bb03dd13cddb30e542dab4
2026-07-25T05:53:47Z,perp-gate,0.010000,0x65bb932d9987f1d1a98b8942a3fa98cb28ec073b,eip155:196,settled,v2-header,0x4448a919d00f97b113ebb25f6ccc79010a1e779c3fb3f416418563a1faa4ca8a
2026-07-25T06:00:48Z,perp-gate,0.010000,0x65bb932d9987f1d1a98b8942a3fa98cb28ec073b,eip155:196,settled,v2-header,0xdc319653f8830e7fbf13652909eb4266b98cbf7580f992c812e82db3e3e82acf
2026-07-25T06:00:50Z,perp-gate,0.010000,0x65bb932d9987f1d1a98b8942a3fa98cb28ec073b,eip155:196,settled,v2-header,0x3b1817b72629189f5b14bac5e0ea52dc28753ff2873d88682f82f2211e379c9b
2026-07-25T06:00:53Z,perp-gate,0.010000,0x65bb932d9987f1d1a98b8942a3fa98cb28ec073b,eip155:196,settled,v2-header,0x2b8c8566ff34d44b29d463f2af757cbe82e01386a38b10e27b2b1a4027f8e562
2026-07-25T06:08:53Z,perp-gate,0.010000,0x65bb932d9987f1d1a98b8942a3fa98cb28ec073b,eip155:196,settled,v2-header,0xb660f27b0b61d6c469dfca92c012b59cbf7f04a9f532e60d12390d9d8732d463
2026-07-25T06:08:55Z,perp-gate,0.010000,0x65bb932d9987f1d1a98b8942a3fa98cb28ec073b,eip155:196,settled,v2-header,0xc2573f0131012bfca351852c9ac43d1b179751dc0697cc61e33b6c095b852165
2026-07-25T06:08:58Z,perp-gate,0.010000,0x65bb932d9987f1d1a98b8942a3fa98cb28ec073b,eip155:196,settled,v2-header,0xcd64bb6fccbbd1ce3db2041119a1bd1b2fd53bde1714232d6b8c656ee7a20fa1
2026-07-25T06:15:57Z,macro-sentry,0.005000,0x65bb932d9987f1d1a98b8942a3fa98cb28ec073b,eip155:196,settled,v2-header,0x0cf66271e184fdce1c4dea2db2600543d73a0061fba02277da4d8910d430143e
2026-07-25T06:16:00Z,updown-pulse,0.010000,0x65bb932d9987f1d1a98b8942a3fa98cb28ec073b,eip155:196,settled,v2-header,0xcc8a31917522535c1bfb9fa04858575433af2fe3d160a36b5e5dde8bfa85812c
2026-07-25T06:16:03Z,updown-pulse,0.010000,0x65bb932d9987f1d1a98b8942a3fa98cb28ec073b,eip155:196,settled,v2-header,0xdd0bc093de8ade85fc519302005a60cad713b1798c1a2d43e606f7e3ad2af28b
2026-07-25T06:16:04Z,loop-digest,0.010000,0x65bb932d9987f1d1a98b8942a3fa98cb28ec073b,eip155:196,not_charged,v2-header,
2026-07-25T06:16:08Z,perp-gate,0.010000,0x65bb932d9987f1d1a98b8942a3fa98cb28ec073b,eip155:196,settled,v2-header,0x485d955dd86f0d2f2d02a5c87efc305b84afeb7356ec4c44a4a6f5e8f2bc1e11
2026-07-25T06:16:10Z,perp-gate,0.010000,0x65bb932d9987f1d1a98b8942a3fa98cb28ec073b,eip155:196,settled,v2-header,0xf649342ace5b91e4851963b95d6e48241efb527a412990c688df447298c70a73
2026-07-25T06:16:12Z,perp-gate,0.010000,0x65bb932d9987f1d1a98b8942a3fa98cb28ec073b,eip155:196,settled,v2-header,0x8239166e4847ba8c15d70624d3553de6b70755bc9ddf185c50fb8fe4f0c2c344
2026-07-25T06:16:15Z,portfolio-gate,0.050000,0x65bb932d9987f1d1a98b8942a3fa98cb28ec073b,eip155:196,settled,v2-header,0x1b63f21af2863fe73001d923d8a6d5f1de7a011a19d57191823ad688370c1616
2026-07-25T06:24:03Z,perp-gate,0.010000,0x65bb932d9987f1d1a98b8942a3fa98cb28ec073b,eip155:196,settled,v2-header,0x280603e9597d2e58fe6236f804774bc407864a213915e005c8a7a5bb2e24c15d
2026-07-25T06:24:05Z,perp-gate,0.010000,0x65bb932d9987f1d1a98b8942a3fa98cb28ec073b,eip155:196,settled,v2-header,0xd2dcab98161f6cb862f0a18f7589a3786ac0fd02ba5d91da487a08119784f01e
2026-07-25T06:24:08Z,perp-gate,0.010000,0x65bb932d9987f1d1a98b8942a3fa98cb28ec073b,eip155:196,settled,v2-header,0xba8118c375a7a38bbc8622e73eda90dadc6d5808f111cf5bd407501dbb70238e
2026-07-25T06:31:20Z,perp-gate,0.010000,0x65bb932d9987f1d1a98b8942a3fa98cb28ec073b,eip155:196,settled,v2-header,0x4146055a022b7892e397978f684233c8e9d0166e687e9f8cd6e37089eb379be7
2026-07-25T06:31:22Z,perp-gate,0.010000,0x65bb932d9987f1d1a98b8942a3fa98cb28ec073b,eip155:196,settled,v2-header,0x3de208a355600fc95832e8161281df62c621cf00d6188492ec46d4f368283919
2026-07-25T06:31:24Z,perp-gate,0.010000,0x65bb932d9987f1d1a98b8942a3fa98cb28ec073b,eip155:196,settled,v2-header,0xc72d825f145fe32e5e181d829748ff8cf7351bc9555fed072e3090a50f79f248
2026-07-25T06:39:13Z,perp-gate,0.010000,0x65bb932d9987f1d1a98b8942a3fa98cb28ec073b,eip155:196,settled,v2-header,0x0a3e20faee569d93696148bcb92e764030aee0b8b5de8bbf1f9f73186008c3df
2026-07-25T06:39:15Z,perp-gate,0.010000,0x65bb932d9987f1d1a98b8942a3fa98cb28ec073b,eip155:196,settled,v2-header,0xd77b03cf12f07b914b2138d9486f70fcdf231a8f40ceeb27351d87b6fef5e486
2026-07-25T06:39:18Z,perp-gate,0.010000,0x65bb932d9987f1d1a98b8942a3fa98cb28ec073b,eip155:196,settled,v2-header,0xb605ea441090fbd825380a0a5b90163649c290682e6327df915a3b2b15f89f76
2026-07-25T06:46:30Z,updown-pulse,0.010000,0x65bb932d9987f1d1a98b8942a3fa98cb28ec073b,eip155:196,settled,v2-header,0xc83f298675a2df27dbf2e81e4eb5416e62476085d347e12988c392baece5844d
2026-07-25T06:46:34Z,updown-pulse,0.010000,0x65bb932d9987f1d1a98b8942a3fa98cb28ec073b,eip155:196,settled,v2-header,0x7661c9f2ff7513b6c9fffc54a997028d80b2d9e3e06bf9f7cb52b78ddfe65043
2026-07-25T06:46:36Z,loop-digest,0.010000,0x65bb932d9987f1d1a98b8942a3fa98cb28ec073b,eip155:196,not_charged,v2-header,
2026-07-25T06:46:40Z,perp-gate,0.010000,0x65bb932d9987f1d1a98b8942a3fa98cb28ec073b,eip155:196,settled,v2-header,0x8f5ec08d9a236a0d789837050cbfc514d99aeefa9492436c9bd2cebe372cf7e5
2026-07-25T06:46:43Z,perp-gate,0.010000,0x65bb932d9987f1d1a98b8942a3fa98cb28ec073b,eip155:196,settled,v2-header,0x781bc1615e8973022200fc37ede5bf442a8ba21bd70106c709d522822a51c96a
2026-07-25T06:46:45Z,perp-gate,0.010000,0x65bb932d9987f1d1a98b8942a3fa98cb28ec073b,eip155:196,settled,v2-header,0x3c4847662d1805218054811e939738f5206166067548adc1a94bc94feaf0d903
2026-07-25T06:54:23Z,perp-gate,0.010000,0x65bb932d9987f1d1a98b8942a3fa98cb28ec073b,eip155:196,settled,v2-header,0x7d036077f8a9ac018fd562b9ee38e8a673ed343f55a712af0bec2a4b5a555e8d
2026-07-25T06:54:26Z,perp-gate,0.010000,0x65bb932d9987f1d1a98b8942a3fa98cb28ec073b,eip155:196,settled,v2-header,0x6fdea2df8a5f8a5a565abf56f317b104a2688a962bbb458afc4a073679ee9c74
2026-07-25T06:54:28Z,perp-gate,0.010000,0x65bb932d9987f1d1a98b8942a3fa98cb28ec073b,eip155:196,settled,v2-header,0x7dc4bbef3cd4bda8e0432de675a30d2496117cf7a26f83026e5876d243be6d72
2026-07-25T07:01:50Z,perp-gate,0.010000,0x65bb932d9987f1d1a98b8942a3fa98cb28ec073b,eip155:196,settled,v2-header,0x41980a91c6a8c36ac871cb67355166e2a91e15bac2258bc74c99bec099c55b9f
2026-07-25T07:01:53Z,perp-gate,0.010000,0x65bb932d9987f1d1a98b8942a3fa98cb28ec073b,eip155:196,settled,v2-header,0x11ab9b28903262956d0db3d5bfea9863e81b3915e325ea290ee9036f5701bbef
2026-07-25T07:01:56Z,perp-gate,0.010000,0x65bb932d9987f1d1a98b8942a3fa98cb28ec073b,eip155:196,settled,v2-header,0x7ca42341827fc9fdf4f7b001d16a7cfad663be41adda931822c8ea9884e170a5
2026-07-25T07:09:33Z,perp-gate,0.010000,0x65bb932d9987f1d1a98b8942a3fa98cb28ec073b,eip155:196,settled,v2-header,0x8cba7ba04416520a41cdbe8f0d31d85d8b7ba18f4cfc6f60ee0414230d30799d
2026-07-25T07:09:36Z,perp-gate,0.010000,0x65bb932d9987f1d1a98b8942a3fa98cb28ec073b,eip155:196,settled,v2-header,0x84db53f1b6836fbeabd6b5dd5f73dfd965a6c1485c4d5c0b6d5d7cfb07db2603
2026-07-25T07:09:38Z,perp-gate,0.010000,0x65bb932d9987f1d1a98b8942a3fa98cb28ec073b,eip155:196,settled,v2-header,0x99270adbf5faa3f1134f23751976b16d8563865e9258dca3a3f2e5aec57f41f1
2026-07-25T07:17:01Z,macro-sentry,0.005000,0x65bb932d9987f1d1a98b8942a3fa98cb28ec073b,eip155:196,settled,v2-header,0x5e5cb1c95ad8728287d6e0bc7fea86fd874f7be1dfcbdabb0240f93348bc2d9f
2026-07-25T07:24:45Z,macro-sentry,0.005000,0x65bb932d9987f1d1a98b8942a3fa98cb28ec073b,eip155:196,settled,v2-header,0x93aab7a65d0a508de14d0a3e79f62bf5ac9bf5f69b495aaa2bf9869a97fd9333
2026-07-25T07:24:48Z,options-desk,0.010000,0x65bb932d9987f1d1a98b8942a3fa98cb28ec073b,eip155:196,settled,v2-header,0xa296042c952d4846275c61e11d6cb35e12037ece87015241a0a76022dbd0fa32
2026-07-25T07:24:51Z,updown-pulse,0.010000,0x65bb932d9987f1d1a98b8942a3fa98cb28ec073b,eip155:196,settled,v2-header,0x1e0135fa87cbb07149a188fa6291d54a2e660fb10901806bd829a504b581962d
2026-07-25T07:24:54Z,updown-pulse,0.010000,0x65bb932d9987f1d1a98b8942a3fa98cb28ec073b,eip155:196,settled,v2-header,0x2d74c7c29fcc1d9b210a5e09ac5ca0af2aa1434bee2974005430ee4655761542
2026-07-25T07:24:56Z,loop-digest,0.010000,0x65bb932d9987f1d1a98b8942a3fa98cb28ec073b,eip155:196,not_charged,v2-header,
2026-07-25T07:24:59Z,perp-gate,0.010000,0x65bb932d9987f1d1a98b8942a3fa98cb28ec073b,eip155:196,settled,v2-header,0x45590c315543a8e09c847688d978bc9528e2621836079d16312b9f69a5a5aa23
2026-07-25T07:25:02Z,perp-gate,0.010000,0x65bb932d9987f1d1a98b8942a3fa98cb28ec073b,eip155:196,settled,v2-header,0x79c5e38d7da9e19567dba4d57ea5fa90374ea645357851ba7e06f72e35c49a4b
2026-07-25T07:25:05Z,perp-gate,0.010000,0x65bb932d9987f1d1a98b8942a3fa98cb28ec073b,eip155:196,settled,v2-header,0x42c7a490791f342668ab7ceb1542c24f4ed78cdb34110d7fc10cc99483fbe04e
2026-07-25T07:25:08Z,portfolio-gate,0.050000,0x65bb932d9987f1d1a98b8942a3fa98cb28ec073b,eip155:196,settled,v2-header,0x6b297d25836779925fb7c0a4dbdd24e5b808b62a8277809141a20836fa6ba572
2026-07-25T07:33:06Z,perp-gate,0.010000,0x65bb932d9987f1d1a98b8942a3fa98cb28ec073b,eip155:196,settled,v2-header,0x8c61c9517544c85342700af01990ecf4bf8fd8876784c485ba7e8418afb1e4af
2026-07-25T07:33:08Z,perp-gate,0.010000,0x65bb932d9987f1d1a98b8942a3fa98cb28ec073b,eip155:196,settled,v2-header,0x04d97038afe968fe888d416c08c9f9422fbefae412edfed6c99703ec84a46c86
2026-07-25T07:33:11Z,perp-gate,0.010000,0x65bb932d9987f1d1a98b8942a3fa98cb28ec073b,eip155:196,settled,v2-header,0x367441849c82485fc9f297f82432c5ddd5a7d026006f8d652a5792a915b17270
2026-07-25T07:40:14Z,perp-gate,0.010000,0x65bb932d9987f1d1a98b8942a3fa98cb28ec073b,eip155:196,settled,v2-header,0xfb54a14e1994356020913a618f73bfd0dc3315392c012c1d968b7281b6121674
2026-07-25T07:40:16Z,perp-gate,0.010000,0x65bb932d9987f1d1a98b8942a3fa98cb28ec073b,eip155:196,settled,v2-header,0x3acf78d45fe5d13bbe082d951138f3892a66c147b8bc4cdcdd76857c94049876
2026-07-25T07:40:18Z,perp-gate,0.010000,0x65bb932d9987f1d1a98b8942a3fa98cb28ec073b,eip155:196,settled,v2-header,0xd24e922c6e72049543a3fa2f33eab3b165a95cf103eaa9824605486b3a88b891
2026-07-25T07:48:15Z,perp-gate,0.010000,0x65bb932d9987f1d1a98b8942a3fa98cb28ec073b,eip155:196,settled,v2-header,0x959af5ef9f587475d21f232cf457d3fabc23c1b7f33fdeff305dc88a97154b20
2026-07-25T07:48:18Z,perp-gate,0.010000,0x65bb932d9987f1d1a98b8942a3fa98cb28ec073b,eip155:196,settled,v2-header,0x0603ac8ce01d2e008434796c9fcf3ac2fdde5130f08e11f17a7447e66c7cc5e0
2026-07-25T07:48:21Z,perp-gate,0.010000,0x65bb932d9987f1d1a98b8942a3fa98cb28ec073b,eip155:196,settled,v2-header,0xcd70ffe79033892e068d217d36a268cbc712b70f0c57376874e911aae3b55f4e
2026-07-25T07:55:24Z,updown-pulse,0.010000,0x65bb932d9987f1d1a98b8942a3fa98cb28ec073b,eip155:196,settled,v2-header,0x57e585b0166f94b75c7c6a7493f39340aef20c93c49f72f5a13478629758a3a7
2026-07-25T07:55:27Z,updown-pulse,0.010000,0x65bb932d9987f1d1a98b8942a3fa98cb28ec073b,eip155:196,settled,v2-header,0x7062dcab94dc98d60ca483d0eaec2e87019093582ebec62ca8e3395614e4d7e1
2026-07-25T07:55:29Z,loop-digest,0.010000,0x65bb932d9987f1d1a98b8942a3fa98cb28ec073b,eip155:196,not_charged,v2-header,
2026-07-25T07:55:32Z,perp-gate,0.010000,0x65bb932d9987f1d1a98b8942a3fa98cb28ec073b,eip155:196,settled,v2-header,0xc38182a068207c12055ab4fd18538be34c63bb81c12430527c1729ee52df0118
2026-07-25T07:55:35Z,perp-gate,0.010000,0x65bb932d9987f1d1a98b8942a3fa98cb28ec073b,eip155:196,settled,v2-header,0x95eb493c929bc4d6fc3d67721ad2648ed80a72b378983fabc48e8028c0b5dbce
2026-07-25T07:55:37Z,perp-gate,0.010000,0x65bb932d9987f1d1a98b8942a3fa98cb28ec073b,eip155:196,settled,v2-header,0x4dfd6054f56008462749379bd592b3b8bac8580e072363c001e52f73f6716057
2026-07-25T08:03:26Z,perp-gate,0.010000,0x65bb932d9987f1d1a98b8942a3fa98cb28ec073b,eip155:196,settled,v2-header,0x749137281f1db79cae057090cde894527a5c97a477621064fb9b6b11d0cd8dc4
2026-07-25T08:03:28Z,perp-gate,0.010000,0x65bb932d9987f1d1a98b8942a3fa98cb28ec073b,eip155:196,settled,v2-header,0x1761c2e6e2028ef2cc70f62c2dd34594afc76c4fd9f6163e692746016665771a
2026-07-25T08:03:31Z,perp-gate,0.010000,0x65bb932d9987f1d1a98b8942a3fa98cb28ec073b,eip155:196,settled,v2-header,0x474daa03ac3a4b413e46d04405417b850d3f70f0b4d329ccd984b6f04456e605
2026-07-25T08:10:43Z,perp-gate,0.010000,0x65bb932d9987f1d1a98b8942a3fa98cb28ec073b,eip155:196,settled,v2-header,0x1c0f1b0fa4948faf280f9e81f380dabf48e7b21c229ee9844e08e0393db0a544
2026-07-25T08:10:45Z,perp-gate,0.010000,0x65bb932d9987f1d1a98b8942a3fa98cb28ec073b,eip155:196,settled,v2-header,0x36babcb78c6b6437fb18c1b9b2146acb12e5ebe08c5d0047876c025b5caed214
2026-07-25T08:10:47Z,perp-gate,0.010000,0x65bb932d9987f1d1a98b8942a3fa98cb28ec073b,eip155:196,settled,v2-header,0x1e49a20830d31a795909645cac8b66bcd3a3812ac7985c12aa5413218547a6e8
2026-07-25T08:18:36Z,perp-gate,0.010000,0x65bb932d9987f1d1a98b8942a3fa98cb28ec073b,eip155:196,settled,v2-header,0x2302a43e8d87639e7a4ad5fa53e6be58c556c9b9c34aa1a6b7aa522c63f70cef
2026-07-25T08:18:41Z,perp-gate,0.010000,0x65bb932d9987f1d1a98b8942a3fa98cb28ec073b,eip155:196,settled,v2-header,0xecc88b6e5cd9e01ceb58d69142dd034cc2d1eff1bf5d3ce1087621fa9b10c56c
2026-07-25T08:18:44Z,perp-gate,0.010000,0x65bb932d9987f1d1a98b8942a3fa98cb28ec073b,eip155:196,settled,v2-header,0x9abdfc6dfce884867ac910012cb876634defddb70f52600718662b7e8c1d6953
2026-07-25T08:25:52Z,macro-sentry,0.005000,0x65bb932d9987f1d1a98b8942a3fa98cb28ec073b,eip155:196,settled,v2-header,0xada744530869507541d48bc5e4b94bdc62615bffe9f85572fffa4d5367287492
2026-07-25T08:25:55Z,updown-pulse,0.010000,0x65bb932d9987f1d1a98b8942a3fa98cb28ec073b,eip155:196,settled,v2-header,0x22e96973f66872db8c7648643f7ee82ee75e817e4fd1379d140c2eb431ceb18e
2026-07-25T08:25:58Z,updown-pulse,0.010000,0x65bb932d9987f1d1a98b8942a3fa98cb28ec073b,eip155:196,settled,v2-header,0x904ec6dba0f605f96544f15522c7f5790e3b213daba440889d5a4a521b7321a1
2026-07-25T08:26:00Z,loop-digest,0.010000,0x65bb932d9987f1d1a98b8942a3fa98cb28ec073b,eip155:196,not_charged,v2-header,
2026-07-25T08:26:03Z,perp-gate,0.010000,0x65bb932d9987f1d1a98b8942a3fa98cb28ec073b,eip155:196,settled,v2-header,0x18cd8ac6720568d559aa6782fc1d4343d2e293a687aa8d6268c00dee913a7941
2026-07-25T08:26:06Z,perp-gate,0.010000,0x65bb932d9987f1d1a98b8942a3fa98cb28ec073b,eip155:196,settled,v2-header,0x289d783e87327a4cd05968c964306107f1964a07ac24c9272d0d387af7458424
2026-07-25T08:26:08Z,perp-gate,0.010000,0x65bb932d9987f1d1a98b8942a3fa98cb28ec073b,eip155:196,settled,v2-header,0x129a2f9e99a19dcbe041386592449f0ccd565b895d5747048693562d0828edcb
2026-07-25T08:26:10Z,portfolio-gate,0.050000,0x65bb932d9987f1d1a98b8942a3fa98cb28ec073b,eip155:196,settled,v2-header,0x2863ca55c01f5805fab09ddf8d4b91c4666441ae8579108b1574b5f0f9608e25
2026-07-25T08:33:49Z,perp-gate,0.010000,0x65bb932d9987f1d1a98b8942a3fa98cb28ec073b,eip155:196,settled,v2-header,0x4054d26602ec5c9e3f70b01588f37f9b4706d3063545886fca0eb827d5b86ed4
2026-07-25T08:33:52Z,perp-gate,0.010000,0x65bb932d9987f1d1a98b8942a3fa98cb28ec073b,eip155:196,settled,v2-header,0x3f36ce053e8e3c9c31e4547f03305928dba97fce7c2d3ca7eb6cd955dd90cd33
2026-07-25T08:33:55Z,perp-gate,0.010000,0x65bb932d9987f1d1a98b8942a3fa98cb28ec073b,eip155:196,settled,v2-header,0xd40caa10614393b06914ee71227d92703b91ebdb12c0080595cf1a8079a3d641
2026-07-25T08:41:16Z,perp-gate,0.010000,0x65bb932d9987f1d1a98b8942a3fa98cb28ec073b,eip155:196,settled,v2-header,0x44e9a0fd1bfb5c927faea4977008d09919563b06ef3766f73f35f7192f7604f0
2026-07-25T08:41:18Z,perp-gate,0.010000,0x65bb932d9987f1d1a98b8942a3fa98cb28ec073b,eip155:196,settled,v2-header,0xb16015037693283fc28c046af34558a80d0c79fb2b11607c0bbc04f2d9072278
2026-07-25T08:41:21Z,perp-gate,0.010000,0x65bb932d9987f1d1a98b8942a3fa98cb28ec073b,eip155:196,settled,v2-header,0x6b7df1b470871ff96f01ff3b633ffdb469d46521660ae0967fcad6c7fd38c82f
2026-07-25T08:49:00Z,perp-gate,0.010000,0x65bb932d9987f1d1a98b8942a3fa98cb28ec073b,eip155:196,settled,v2-header,0x185b10dcec7ea9802ea53bd33ad463dd6a5dd82b6cae0118b3dfb83bbded4d7f
2026-07-25T08:49:03Z,perp-gate,0.010000,0x65bb932d9987f1d1a98b8942a3fa98cb28ec073b,eip155:196,settled,v2-header,0x9eec217bd5d386e7457fa25b098327f668b3b5b662aa1f0e4656ae031b1fe4c5
2026-07-25T08:49:05Z,perp-gate,0.010000,0x65bb932d9987f1d1a98b8942a3fa98cb28ec073b,eip155:196,settled,v2-header,0x7f2b68bdca2d72a4dbfca1d1dd572127c4b1d814736e475b6e29e47c4454eec6
2026-07-25T08:56:26Z,updown-pulse,0.010000,0x65bb932d9987f1d1a98b8942a3fa98cb28ec073b,eip155:196,settled,v2-header,0xf3910f87d8c7495532f04f803884275189db1aa9a08b6ad1f6e5ba607fdd26af
2026-07-25T08:56:29Z,updown-pulse,0.010000,0x65bb932d9987f1d1a98b8942a3fa98cb28ec073b,eip155:196,settled,v2-header,0x552dd3ec68f60ac14432e8606b8a3744333ad278c1ad2269e87bc7d00bc4acfd
2026-07-25T08:56:30Z,loop-digest,0.010000,0x65bb932d9987f1d1a98b8942a3fa98cb28ec073b,eip155:196,not_charged,v2-header,
2026-07-25T08:56:34Z,perp-gate,0.010000,0x65bb932d9987f1d1a98b8942a3fa98cb28ec073b,eip155:196,settled,v2-header,0x5ff15ee26ab72c519499a41ec3be07b36fa151f5bb1bed9a5c4fa7bcb5c674a9
2026-07-25T08:56:36Z,perp-gate,0.010000,0x65bb932d9987f1d1a98b8942a3fa98cb28ec073b,eip155:196,settled,v2-header,0xe07b3bbbe7c14f080ad7cd051f0fec1904e7986bdaf76e136b2e16fb385ed862
2026-07-25T08:56:39Z,perp-gate,0.010000,0x65bb932d9987f1d1a98b8942a3fa98cb28ec073b,eip155:196,settled,v2-header,0xc45f4a54a144f0c7e9779efd2370bceb1ba69c704b37233e3e53a068b2c608f7
2026-07-25T09:04:18Z,perp-gate,0.010000,0x65bb932d9987f1d1a98b8942a3fa98cb28ec073b,eip155:196,settled,v2-header,0x4033478367cf73976e91553564804e087d1793c04265f5e516edcecf2ab38208
2026-07-25T09:04:20Z,perp-gate,0.010000,0x65bb932d9987f1d1a98b8942a3fa98cb28ec073b,eip155:196,settled,v2-header,0xe8948ed375ccc71bc27a76f97b44e14d8a4a6320eb2291b94127377d706bf298
2026-07-25T09:04:23Z,perp-gate,0.010000,0x65bb932d9987f1d1a98b8942a3fa98cb28ec073b,eip155:196,settled,v2-header,0x0ccc0f15a790900c364e13cea2c85a1e815225a79cccbedab9ca3f03912fcab4
2026-07-25T09:11:44Z,perp-gate,0.010000,0x65bb932d9987f1d1a98b8942a3fa98cb28ec073b,eip155:196,settled,v2-header,0x61db25758fd13ff907562f6d69dffa3b9eb4a7c6cde5cacae97e3d5849db6adb
2026-07-25T09:11:47Z,perp-gate,0.010000,0x65bb932d9987f1d1a98b8942a3fa98cb28ec073b,eip155:196,settled,v2-header,0x75feb580fd50625290d158e5d1a88292f55f0581a7cdbeb72c994f2b7ce5c246
2026-07-25T09:11:49Z,perp-gate,0.010000,0x65bb932d9987f1d1a98b8942a3fa98cb28ec073b,eip155:196,settled,v2-header,0xd6d2e1a5aa9732fbdd9195109882f45cdf81e5e23cb2bc444e9be70a506568e0
2026-07-25T09:11:52Z,protocol-pulse,0.010000,0x65bb932d9987f1d1a98b8942a3fa98cb28ec073b,eip155:196,settled,v2-header,0xc61e67ba4dd06d6862f4228a9773e37b42314053df2456ed5519a82b5361a993
2026-07-25T09:19:29Z,perp-gate,0.010000,0x65bb932d9987f1d1a98b8942a3fa98cb28ec073b,eip155:196,settled,v2-header,0xb81f9e637bbe22697e6ff41913debad54a34e298090823b16bdd25337ce5b97a
2026-07-25T09:19:32Z,perp-gate,0.010000,0x65bb932d9987f1d1a98b8942a3fa98cb28ec073b,eip155:196,settled,v2-header,0xbb9dee6f275bff83d6bc7749708365cb44f1e45568e3b759290cde403b545ad2
2026-07-25T09:19:34Z,perp-gate,0.010000,0x65bb932d9987f1d1a98b8942a3fa98cb28ec073b,eip155:196,settled,v2-header,0x014cbdc96828d063b25fb130c61b1a17560f882ef4f8fa12c925657afc89d57d
2026-07-25T09:26:57Z,macro-sentry,0.005000,0x65bb932d9987f1d1a98b8942a3fa98cb28ec073b,eip155:196,settled,v2-header,0x79d3e985276ff7e903d8296f833412e59ab4c3f9eeee4abdfef0452abb273a2c
2026-07-25T09:27:00Z,options-desk,0.010000,0x65bb932d9987f1d1a98b8942a3fa98cb28ec073b,eip155:196,settled,v2-header,0xe48672da718ad85901c58bfe1703bc88cb235e2db685190adac6ac538ae424a5
2026-07-25T09:27:03Z,updown-pulse,0.010000,0x65bb932d9987f1d1a98b8942a3fa98cb28ec073b,eip155:196,settled,v2-header,0x50c9dd47ea93a9cb033aaf0b8380426ffa68c06374ee592b20d79c15b7a0a004
2026-07-25T09:27:06Z,updown-pulse,0.010000,0x65bb932d9987f1d1a98b8942a3fa98cb28ec073b,eip155:196,settled,v2-header,0x00c503bac625551250a45137e8e08c75738f1fb30193cd8cecd1b7d65fe47f8b
2026-07-25T09:27:08Z,loop-digest,0.010000,0x65bb932d9987f1d1a98b8942a3fa98cb28ec073b,eip155:196,not_charged,v2-header,
2026-07-25T09:27:11Z,perp-gate,0.010000,0x65bb932d9987f1d1a98b8942a3fa98cb28ec073b,eip155:196,settled,v2-header,0xccb4f3e4455300efc19509b6fab30250d02c89d91e4db0cc3b473afcd555c0df
2026-07-25T09:27:14Z,perp-gate,0.010000,0x65bb932d9987f1d1a98b8942a3fa98cb28ec073b,eip155:196,settled,v2-header,0xddcd694a5004d916c8995928fdb1a8d07069dbbe6042a6db7e8d2a658771a35f
2026-07-25T09:27:17Z,perp-gate,0.010000,0x65bb932d9987f1d1a98b8942a3fa98cb28ec073b,eip155:196,settled,v2-header,0xf5cbd6c9261890a34a3093cd01c43811c54c54d147b0f6b2ad054a7e1d57f160
2026-07-25T09:27:19Z,portfolio-gate,0.050000,0x65bb932d9987f1d1a98b8942a3fa98cb28ec073b,eip155:196,settled,v2-header,0xd33595fb2d1399b9223f8508c9923ab8022a88707ed47523e579db1822df8273
2026-07-25T09:34:39Z,perp-gate,0.010000,0x65bb932d9987f1d1a98b8942a3fa98cb28ec073b,eip155:196,settled,v2-header,0xa47c60d9c8d2c5dd52cbfba7a14aadcc4a9881d0b3171dc70f8525d3125d6965
2026-07-25T09:34:42Z,perp-gate,0.010000,0x65bb932d9987f1d1a98b8942a3fa98cb28ec073b,eip155:196,settled,v2-header,0x358ad02353422f70edbdeff8624b179919b6c3590599e63092b77fe778c51daa
2026-07-25T09:34:44Z,perp-gate,0.010000,0x65bb932d9987f1d1a98b8942a3fa98cb28ec073b,eip155:196,settled,v2-header,0x82e92cd25bfec44944750ffb22a0fef3bef7785478272a4473c8acab2c8a5b9e
2026-07-25T09:42:24Z,perp-gate,0.010000,0x65bb932d9987f1d1a98b8942a3fa98cb28ec073b,eip155:196,settled,v2-header,0x946fa9c165ebfe8a304c3ac2afd92b2edb46bd5ea3cce3442026e61a293ff047
2026-07-25T09:42:27Z,perp-gate,0.010000,0x65bb932d9987f1d1a98b8942a3fa98cb28ec073b,eip155:196,settled,v2-header,0xd98982a6ba0a00f297da7c63b6abaad3b82650baf089b636f9e4597cfa28446e
2026-07-25T09:42:29Z,perp-gate,0.010000,0x65bb932d9987f1d1a98b8942a3fa98cb28ec073b,eip155:196,settled,v2-header,0x7ebe54c8ffd2482562c7dec7b6329ad4d9aa012106361f131acc0fe4d9306acb
2026-07-25T09:49:50Z,perp-gate,0.010000,0x65bb932d9987f1d1a98b8942a3fa98cb28ec073b,eip155:196,settled,v2-header,0x76462183f9624775fc56d2d68b4ebe98f2d429e78840a7e9353f2ef527cbb1aa
2026-07-25T09:49:52Z,perp-gate,0.010000,0x65bb932d9987f1d1a98b8942a3fa98cb28ec073b,eip155:196,settled,v2-header,0x56760032de339c2ad71ba8ec8a598f8338cc941692bc99c28819bd8676b90823
2026-07-25T09:49:55Z,perp-gate,0.010000,0x65bb932d9987f1d1a98b8942a3fa98cb28ec073b,eip155:196,settled,v2-header,0x9aa232c6833761e129abf6a27d31a22795abffc0af2bc47baf9d11bc6d0bf50f
2026-07-25T09:57:34Z,updown-pulse,0.010000,0x65bb932d9987f1d1a98b8942a3fa98cb28ec073b,eip155:196,settled,v2-header,0xba824584110045e7e6fbbf6a7a449a62bcf1c59df36e18b998fc0bbbc67e7363
2026-07-25T09:57:37Z,updown-pulse,0.010000,0x65bb932d9987f1d1a98b8942a3fa98cb28ec073b,eip155:196,settled,v2-header,0x9a95d3696a655e3d74b7dbd59191f9ee723ea64ee6ceb5a6ef2af2ee7c14a98f
2026-07-25T09:57:39Z,loop-digest,0.010000,0x65bb932d9987f1d1a98b8942a3fa98cb28ec073b,eip155:196,not_charged,v2-header,
2026-07-25T09:57:42Z,perp-gate,0.010000,0x65bb932d9987f1d1a98b8942a3fa98cb28ec073b,eip155:196,settled,v2-header,0x4f202a066428f4dd08c85ee6927c3510ee14165f48bcfa63f49192bed6f116ce
2026-07-25T09:57:44Z,perp-gate,0.010000,0x65bb932d9987f1d1a98b8942a3fa98cb28ec073b,eip155:196,settled,v2-header,0x61c2d2acdfa84fd5afee09047841aab8a9133092bbdd7db43a8c943d47be4c50
2026-07-25T09:57:47Z,perp-gate,0.010000,0x65bb932d9987f1d1a98b8942a3fa98cb28ec073b,eip155:196,settled,v2-header,0x4b466f02cf455e78b1a0a31d22af0e1c01a91607a66053df64a3411522c171de
2026-07-25T10:05:00Z,perp-gate,0.010000,0x65bb932d9987f1d1a98b8942a3fa98cb28ec073b,eip155:196,settled,v2-header,0x06b1459d70a1dece7d0fe2396858c04a4d3bf53b93749dd4825c7cbe5a521c75
2026-07-25T10:05:04Z,perp-gate,0.010000,0x65bb932d9987f1d1a98b8942a3fa98cb28ec073b,eip155:196,settled,v2-header,0x59fec74122e0b8826377416450afebcecd7e7ebf43f0f26e855d8a52a23ff067
2026-07-25T10:05:06Z,perp-gate,0.010000,0x65bb932d9987f1d1a98b8942a3fa98cb28ec073b,eip155:196,settled,v2-header,0x975bd9d78987b36c319f6523df0c68331b2b7fb98c451c16c84c3f21788d1f1b
2026-07-25T10:12:52Z,perp-gate,0.010000,0x65bb932d9987f1d1a98b8942a3fa98cb28ec073b,eip155:196,settled,v2-header,0xe93074040cb61552efbb3b7e991b46c371269a376cf1f01c564e55a56633aa1b
2026-07-25T10:12:55Z,perp-gate,0.010000,0x65bb932d9987f1d1a98b8942a3fa98cb28ec073b,eip155:196,settled,v2-header,0x07dc395b03bcc6e9fe40dddab8243b3653702772b5d4d541824ff76687884c87
2026-07-25T10:12:57Z,perp-gate,0.010000,0x65bb932d9987f1d1a98b8942a3fa98cb28ec073b,eip155:196,settled,v2-header,0xf1722027b7ef76d4af382e444564fd0eefe635520383a0971c37ff22c4a184c9
2026-07-25T10:20:11Z,perp-gate,0.010000,0x65bb932d9987f1d1a98b8942a3fa98cb28ec073b,eip155:196,settled,v2-header,0xea5ec0817cb870f140ee4493bc8d85addf2e73a49b3bca91441b18ae3e67ddce
2026-07-25T10:20:14Z,perp-gate,0.010000,0x65bb932d9987f1d1a98b8942a3fa98cb28ec073b,eip155:196,settled,v2-header,0xa90923407644c79dd99d9c1acb16d11d6f68f15aac667efd99de73495b67760e
2026-07-25T10:20:16Z,perp-gate,0.010000,0x65bb932d9987f1d1a98b8942a3fa98cb28ec073b,eip155:196,settled,v2-header,0xabffbf1f6404905c229d7cbadadb8d5ec707f6ddb53b9c6c539506d44c45553d
2026-07-25T10:28:02Z,macro-sentry,0.005000,0x65bb932d9987f1d1a98b8942a3fa98cb28ec073b,eip155:196,settled,v2-header,0xb36bffa688fb4d0d09ab7e8cfac8b196eed5bc6ae979d5ff0cf1eb7b178e1bdb
2026-07-25T10:28:05Z,updown-pulse,0.010000,0x65bb932d9987f1d1a98b8942a3fa98cb28ec073b,eip155:196,settled,v2-header,0x7b824fa2d3735faec79da97498be2129dd16944c03bf031e318cbc52b07dfeb9
2026-07-25T10:28:08Z,updown-pulse,0.010000,0x65bb932d9987f1d1a98b8942a3fa98cb28ec073b,eip155:196,settled,v2-header,0xef332e609af9fe7ece1d6371a1e1cb9b17fce8f3b20ea8c9beb2fbbe84f94c05
2026-07-25T10:28:09Z,loop-digest,0.010000,0x65bb932d9987f1d1a98b8942a3fa98cb28ec073b,eip155:196,not_charged,v2-header,
2026-07-25T10:28:13Z,perp-gate,0.010000,0x65bb932d9987f1d1a98b8942a3fa98cb28ec073b,eip155:196,settled,v2-header,0xfe1cef3776715d0d885bf188dc9a5b8ad0769f4e03faaf527b42b43c6cb026f4
2026-07-25T10:28:15Z,perp-gate,0.010000,0x65bb932d9987f1d1a98b8942a3fa98cb28ec073b,eip155:196,settled,v2-header,0xc673e4d8fa84dd67e4e1fb7783e05929ae5ad43387e0e2da3ee2f6aa53d3b9ac
2026-07-25T10:28:18Z,perp-gate,0.010000,0x65bb932d9987f1d1a98b8942a3fa98cb28ec073b,eip155:196,settled,v2-header,0xd685a190d40e0de1400b2c8c046cc6274e4bc4b5cf177e38da158b8f16a136c8
2026-07-25T10:28:20Z,portfolio-gate,0.050000,0x65bb932d9987f1d1a98b8942a3fa98cb28ec073b,eip155:196,settled,v2-header,0x46294a93f9bb1b2b4678f8758b894ab6be9a5d4578153e6418bd3393f3917393
2026-07-25T10:35:21Z,perp-gate,0.010000,0x65bb932d9987f1d1a98b8942a3fa98cb28ec073b,eip155:196,settled,v2-header,0xd81f10a1d182cbebc2c5a78c4d4b9ebc624b902ff9b9c26c705aea786123af05
2026-07-25T10:35:23Z,perp-gate,0.010000,0x65bb932d9987f1d1a98b8942a3fa98cb28ec073b,eip155:196,settled,v2-header,0x88758b4c7d6da64cc450815d8f56640c9ee8a06b799a8c16a3e66e3a1fb7f907
2026-07-25T10:35:26Z,perp-gate,0.010000,0x65bb932d9987f1d1a98b8942a3fa98cb28ec073b,eip155:196,settled,v2-header,0xf4aa52ed4fab65085f1991aab35459d650797e9e38657cb977ae76734eab3dfe
2026-07-25T10:43:26Z,perp-gate,0.010000,0x65bb932d9987f1d1a98b8942a3fa98cb28ec073b,eip155:196,settled,v2-header,0x025d33e09f25583bd566e87c92a933e64277d286a599539ceecec01afc2e726f
2026-07-25T10:43:28Z,perp-gate,0.010000,0x65bb932d9987f1d1a98b8942a3fa98cb28ec073b,eip155:196,settled,v2-header,0x982e59f45f517f2cf07227034abb6277aadc7983a67e58b2f703cb2efca87cd5
2026-07-25T10:43:31Z,perp-gate,0.010000,0x65bb932d9987f1d1a98b8942a3fa98cb28ec073b,eip155:196,settled,v2-header,0x27a24e5ec64afcde5ca1a07814ad4da3c611cf18ed411608eb79c30b4e0fd416
2026-07-25T10:50:31Z,perp-gate,0.010000,0x65bb932d9987f1d1a98b8942a3fa98cb28ec073b,eip155:196,settled,v2-header,0x57e6d158adafcedfef69c44d8dd18c6e2cbaf688b5cb2d5e88d16dd431ad7f8d
2026-07-25T10:50:33Z,perp-gate,0.010000,0x65bb932d9987f1d1a98b8942a3fa98cb28ec073b,eip155:196,settled,v2-header,0x26d29f244cfad494f61243fdfda2f7c604ccf0feab0ccdb2aed05f16bc07c3b9
2026-07-25T10:50:36Z,perp-gate,0.010000,0x65bb932d9987f1d1a98b8942a3fa98cb28ec073b,eip155:196,settled,v2-header,0xe8c2d278fda83a1340ab108856f8ecc6c8c4b275231ab1c88dd236b73f64098e
2026-07-25T10:58:36Z,updown-pulse,0.010000,0x65bb932d9987f1d1a98b8942a3fa98cb28ec073b,eip155:196,settled,v2-header,0x4dfc9c186ed3ada6e96f2710dcfc42f3ec0fa911995ff89c1a7d13d618aff67e
2026-07-25T10:58:39Z,updown-pulse,0.010000,0x65bb932d9987f1d1a98b8942a3fa98cb28ec073b,eip155:196,settled,v2-header,0x46419690abb6e571ae1e9043f31f3ba42bebd188c5daf8eec820056c9e6e7173
2026-07-25T10:58:41Z,loop-digest,0.010000,0x65bb932d9987f1d1a98b8942a3fa98cb28ec073b,eip155:196,not_charged,v2-header,
2026-07-25T10:58:44Z,perp-gate,0.010000,0x65bb932d9987f1d1a98b8942a3fa98cb28ec073b,eip155:196,settled,v2-header,0x35673dff39dc664b07b969ec793ab3960a8ff8e38ce13f65415ff6e903183a1b
2026-07-25T10:58:47Z,perp-gate,0.010000,0x65bb932d9987f1d1a98b8942a3fa98cb28ec073b,eip155:196,settled,v2-header,0x1eebe0d8f08209bf221808b1b25285a502d04c0ac49e71c4bc18a20a02698088
2026-07-25T10:58:49Z,perp-gate,0.010000,0x65bb932d9987f1d1a98b8942a3fa98cb28ec073b,eip155:196,settled,v2-header,0x608ffc2805c6bcd9efdd54366032163eb68b4ba08a343df4f834fc71b6ef086e
2026-07-25T11:05:41Z,perp-gate,0.010000,0x65bb932d9987f1d1a98b8942a3fa98cb28ec073b,eip155:196,settled,v2-header,0x9430805afd03839f655ccb1b25afb4f2fcc648073a38dba465cb532f9ea1492c
2026-07-25T11:05:43Z,perp-gate,0.010000,0x65bb932d9987f1d1a98b8942a3fa98cb28ec073b,eip155:196,settled,v2-header,0x768ccd97c5742fbc37a18e92d0949fd3d35b65403c37e9318aeec90e05abc6aa
2026-07-25T11:05:45Z,perp-gate,0.010000,0x65bb932d9987f1d1a98b8942a3fa98cb28ec073b,eip155:196,settled,v2-header,0x13134fc2a2ae1e76b395e330feec54915f2fd3e826b9d2048ac04739e7decd50
2026-07-25T11:13:54Z,perp-gate,0.010000,0x65bb932d9987f1d1a98b8942a3fa98cb28ec073b,eip155:196,settled,v2-header,0xdbe99b5196104e3021ead6e49669a4d02e49ad990315c0cafa0b8b07f5b87717
2026-07-25T11:13:57Z,perp-gate,0.010000,0x65bb932d9987f1d1a98b8942a3fa98cb28ec073b,eip155:196,settled,v2-header,0x1822432b2a9fb52fb02f65c5b1e21d4d56570de41a93d6dbaf3d6c0129f11872
2026-07-25T11:13:59Z,perp-gate,0.010000,0x65bb932d9987f1d1a98b8942a3fa98cb28ec073b,eip155:196,settled,v2-header,0xbf5d319e949d0e216a17fb2a55797ff7ca26e922927e292ae3f80cac5fb6729b
2026-07-25T11:20:50Z,perp-gate,0.010000,0x65bb932d9987f1d1a98b8942a3fa98cb28ec073b,eip155:196,settled,v2-header,0xacac305a3e193aaac8f1d8ab83290aa62449c443e2b2b66de071223179bb665c
2026-07-25T11:20:53Z,perp-gate,0.010000,0x65bb932d9987f1d1a98b8942a3fa98cb28ec073b,eip155:196,settled,v2-header,0xd4367fa22e8788cc78d7cdfc8efbf2f35359c575c7d04ca513e4377860166a0b
2026-07-25T11:20:55Z,perp-gate,0.010000,0x65bb932d9987f1d1a98b8942a3fa98cb28ec073b,eip155:196,settled,v2-header,0x09dfb8232d4d259ad651220e387fbb178117ebf2d5f073425d3f4a8bf818ee61
2026-07-25T11:29:04Z,macro-sentry,0.005000,0x65bb932d9987f1d1a98b8942a3fa98cb28ec073b,eip155:196,settled,v2-header,0xdb2f1eff93da7cabb374a13ee793617290c084defc3b0eaf82a2584291d7dc8b
2026-07-25T11:29:07Z,options-desk,0.010000,0x65bb932d9987f1d1a98b8942a3fa98cb28ec073b,eip155:196,settled,v2-header,0x8fbc2abd4f0770eab8dcd1f8f1d7e17ad1c96b0e1dd1b4e004c9358a3eb8ca2c
2026-07-25T11:29:10Z,updown-pulse,0.010000,0x65bb932d9987f1d1a98b8942a3fa98cb28ec073b,eip155:196,settled,v2-header,0x5ddc029e4b960df8d65ee761fa7203d7bd20d0c6514cdd153acfb581a6c4ad11
2026-07-25T11:29:13Z,updown-pulse,0.010000,0x65bb932d9987f1d1a98b8942a3fa98cb28ec073b,eip155:196,settled,v2-header,0x0ac670c2612895ab45fbd25fbe6fff1880cc70f9b2a4fb8e30cfe3c5cca54440
2026-07-25T11:29:15Z,loop-digest,0.010000,0x65bb932d9987f1d1a98b8942a3fa98cb28ec073b,eip155:196,not_charged,v2-header,
2026-07-25T11:29:18Z,perp-gate,0.010000,0x65bb932d9987f1d1a98b8942a3fa98cb28ec073b,eip155:196,settled,v2-header,0x9aa6b101649ec0738de421cca1634101cf0f151c20451312162c61cfe6d90db9
2026-07-25T11:29:21Z,perp-gate,0.010000,0x65bb932d9987f1d1a98b8942a3fa98cb28ec073b,eip155:196,settled,v2-header,0x08f0cf631475d77f32283d768e563c09d0cc4be7bfb5b3b469951c585a3a00fe
2026-07-25T11:29:23Z,perp-gate,0.010000,0x65bb932d9987f1d1a98b8942a3fa98cb28ec073b,eip155:196,settled,v2-header,0x671acccaa559c41f394bb56a545bc35aa6f83748cb1f6c2f88a9145a4b64a1af
2026-07-25T11:29:26Z,portfolio-gate,0.050000,0x65bb932d9987f1d1a98b8942a3fa98cb28ec073b,eip155:196,settled,v2-header,0x69fd5fc108545fbaa25e7819f299f23045c1c1aaca44f3816d05410d30273624
2026-07-25T11:36:00Z,perp-gate,0.010000,0x65bb932d9987f1d1a98b8942a3fa98cb28ec073b,eip155:196,settled,v2-header,0x238d8d74e0d68f78e5090b95fdf941a22e7c25bc08bd73cf51759bc1273fc7b0
2026-07-25T11:36:03Z,perp-gate,0.010000,0x65bb932d9987f1d1a98b8942a3fa98cb28ec073b,eip155:196,settled,v2-header,0xbdf26661986f45269954ad0e98e89ce36e9b7e8a1176ecf8a1a56fe4dab2ecc0
2026-07-25T11:36:05Z,perp-gate,0.010000,0x65bb932d9987f1d1a98b8942a3fa98cb28ec073b,eip155:196,settled,v2-header,0x02c3d3d6a928c79d13756dd411f2e55f114bdd710ae2df117f67d2c9def82aa1
2026-07-25T11:44:31Z,perp-gate,0.010000,0x65bb932d9987f1d1a98b8942a3fa98cb28ec073b,eip155:196,settled,v2-header,0x6c9c7f0b2a3ecf6b714752bc306493b79f8e3fc7101090314ae7ffb76fa716f0
2026-07-25T11:44:33Z,perp-gate,0.010000,0x65bb932d9987f1d1a98b8942a3fa98cb28ec073b,eip155:196,settled,v2-header,0x6ea6cc7becca83b4ff33a4f424ab3a39cbf3b88847ebf9ff96ebad7048753ad6
2026-07-25T11:44:36Z,perp-gate,0.010000,0x65bb932d9987f1d1a98b8942a3fa98cb28ec073b,eip155:196,settled,v2-header,0x8d3e2664018391aedd0c12c5da98f09b4e548df689114e7ec1a85d71fd5444c7
2026-07-25T11:51:10Z,perp-gate,0.010000,0x65bb932d9987f1d1a98b8942a3fa98cb28ec073b,eip155:196,settled,v2-header,0x2efc8e6ce6d651f4efb77987cf8c88859b0ceb493ef42f3e905551f3a1e0a34a
2026-07-25T11:51:13Z,perp-gate,0.010000,0x65bb932d9987f1d1a98b8942a3fa98cb28ec073b,eip155:196,settled,v2-header,0x388216b9b47e5359d869d40f80be55ef59e5e1151b7193a96b4dce7a3c3bc3a8
2026-07-25T11:51:15Z,perp-gate,0.010000,0x65bb932d9987f1d1a98b8942a3fa98cb28ec073b,eip155:196,settled,v2-header,0xff2dd399b43cf465fb1894cc437e825d139a68ee33f1ea582a27a3ddaf450255
2026-07-25T11:59:41Z,updown-pulse,0.010000,0x65bb932d9987f1d1a98b8942a3fa98cb28ec073b,eip155:196,settled,v2-header,0x83fc9f018223feea74d63f9f78bd9c77453ec30afe6933c19a27945d58831433
2026-07-25T11:59:43Z,updown-pulse,0.010000,0x65bb932d9987f1d1a98b8942a3fa98cb28ec073b,eip155:196,settled,v2-header,0x3fc6a7b84773a3c7233a9b663bef815e7dfa76106b0ea375bf5ac3f1a90c7a88
2026-07-25T11:59:45Z,loop-digest,0.010000,0x65bb932d9987f1d1a98b8942a3fa98cb28ec073b,eip155:196,not_charged,v2-header,
2026-07-25T11:59:48Z,perp-gate,0.010000,0x65bb932d9987f1d1a98b8942a3fa98cb28ec073b,eip155:196,settled,v2-header,0x8cbf54e94f87bcb9f8b8705a8b3452ad3d1ebfc023af1068a10b33c3c969e5b0
2026-07-25T11:59:51Z,perp-gate,0.010000,0x65bb932d9987f1d1a98b8942a3fa98cb28ec073b,eip155:196,settled,v2-header,0x8e67de61a3bedc5fec1652097405d116d2a56524fc35a0da9d222cfdd28bb328
2026-07-25T11:59:53Z,perp-gate,0.010000,0x65bb932d9987f1d1a98b8942a3fa98cb28ec073b,eip155:196,settled,v2-header,0x284e310d4d609d466aa9604e468ec7274af9427b175f3a7c36d43dbb235a698b
2026-07-25T12:06:20Z,perp-gate,0.010000,0x65bb932d9987f1d1a98b8942a3fa98cb28ec073b,eip155:196,settled,v2-header,0x4b47fba1b6b2719b1e9d371c291543b39af279c39e592f8b671b2ac37f624670
2026-07-25T12:06:23Z,perp-gate,0.010000,0x65bb932d9987f1d1a98b8942a3fa98cb28ec073b,eip155:196,settled,v2-header,0x337812b4cd5ee238447f16b7840c403e56587f6e7dc937f0793529745ba68d49
2026-07-25T12:06:25Z,perp-gate,0.010000,0x65bb932d9987f1d1a98b8942a3fa98cb28ec073b,eip155:196,settled,v2-header,0x04b057433284a9b77da76f1152957baf644d0bb76b6b004ebfa3a15a16ee172d
2026-07-25T12:14:59Z,perp-gate,0.010000,0x65bb932d9987f1d1a98b8942a3fa98cb28ec073b,eip155:196,settled,v2-header,0x7ad9bba720369078b948762166325b64faa91255e2c46047581be1be5665b4cf
2026-07-25T12:15:01Z,perp-gate,0.010000,0x65bb932d9987f1d1a98b8942a3fa98cb28ec073b,eip155:196,settled,v2-header,0xbeff70bb9f107838b457adaa0255d54fba8425267e1c9fafd075504250a14018
2026-07-25T12:15:04Z,perp-gate,0.010000,0x65bb932d9987f1d1a98b8942a3fa98cb28ec073b,eip155:196,settled,v2-header,0x4943f16123305bdd9c9cf2e1c55fbc142a8fc26913aa6026d9de0736142cb37a
2026-07-25T12:21:30Z,perp-gate,0.010000,0x65bb932d9987f1d1a98b8942a3fa98cb28ec073b,eip155:196,settled,v2-header,0x6773e43a85cd8f301650554e037225e373d5f3c155170ca44f52582268a27737
2026-07-25T12:21:33Z,perp-gate,0.010000,0x65bb932d9987f1d1a98b8942a3fa98cb28ec073b,eip155:196,settled,v2-header,0x8a655ac128ef99fc283f512d0ffec5cf167701cbe10ab526d9332f9e43a6620f
2026-07-25T12:21:35Z,perp-gate,0.010000,0x65bb932d9987f1d1a98b8942a3fa98cb28ec073b,eip155:196,settled,v2-header,0xa713f1f42fc5f0fe50e0dad4af517595bbad13011584b334dc48fd646b2b593f
2026-07-25T12:30:08Z,macro-sentry,0.005000,0x65bb932d9987f1d1a98b8942a3fa98cb28ec073b,eip155:196,settled,v2-header,0x4e67665d0d56456f572e30c8958907acdf46b7c3e67d5512e0828b4febd39bc1
2026-07-25T12:30:11Z,updown-pulse,0.010000,0x65bb932d9987f1d1a98b8942a3fa98cb28ec073b,eip155:196,settled,v2-header,0x301315d2b361f6a251c4d324b687b2ddcddeae0cdffefa9e2bfbabbf2a6d29a6
2026-07-25T12:30:14Z,updown-pulse,0.010000,0x65bb932d9987f1d1a98b8942a3fa98cb28ec073b,eip155:196,settled,v2-header,0x5d094e664ed6eb4bf04552ff68f19dff0b6f4add28e2142855bcca998cee428e
2026-07-25T12:30:16Z,loop-digest,0.010000,0x65bb932d9987f1d1a98b8942a3fa98cb28ec073b,eip155:196,not_charged,v2-header,
2026-07-25T12:30:19Z,perp-gate,0.010000,0x65bb932d9987f1d1a98b8942a3fa98cb28ec073b,eip155:196,settled,v2-header,0x8e1e17674a3720aa2c87b05173c051843a3e124ffb01ef67472b691991847014
2026-07-25T12:30:22Z,perp-gate,0.010000,0x65bb932d9987f1d1a98b8942a3fa98cb28ec073b,eip155:196,settled,v2-header,0x7f6cdb0ccd31a1fc77fc79c6a6c151140fde71fdfcf3a86d8bb6f290000d7c25
2026-07-25T12:30:24Z,perp-gate,0.010000,0x65bb932d9987f1d1a98b8942a3fa98cb28ec073b,eip155:196,settled,v2-header,0x86627106e385399da07267f3d4cf9586bf0948e030297b70baf695c91333b510
2026-07-25T12:30:27Z,portfolio-gate,0.050000,0x65bb932d9987f1d1a98b8942a3fa98cb28ec073b,eip155:196,settled,v2-header,0x4d7be7f88a58796c6cc660a6ae68ab3b22c7e825edfa7d398560fde0f6126680
2026-07-25T12:36:40Z,perp-gate,0.010000,0x65bb932d9987f1d1a98b8942a3fa98cb28ec073b,eip155:196,settled,v2-header,0x7fe7de91da87437e2e6f1fe95210aa468232442476f915e1675aba542cda4135
2026-07-25T12:36:42Z,perp-gate,0.010000,0x65bb932d9987f1d1a98b8942a3fa98cb28ec073b,eip155:196,settled,v2-header,0x1458a8ae52d18e0bd15eea6551ee72610bed973782e552ffbd564cb740d62cfd
2026-07-25T12:36:45Z,perp-gate,0.010000,0x65bb932d9987f1d1a98b8942a3fa98cb28ec073b,eip155:196,settled,v2-header,0xaf2ea78b4dc4e76fa64872e0143605bb543e86323dfffb2dadb2dc53fe91d45d
2026-07-25T12:45:33Z,perp-gate,0.010000,0x65bb932d9987f1d1a98b8942a3fa98cb28ec073b,eip155:196,settled,v2-header,0x85122b70e9ce2773de6f959e32802237124ad6e7fbcaad2b85fad0861aae9c5d
2026-07-25T12:45:35Z,perp-gate,0.010000,0x65bb932d9987f1d1a98b8942a3fa98cb28ec073b,eip155:196,settled,v2-header,0x90eecf998b7193c9bb2a390cbc72feab17747594098710e5e3b21c0bd27facbf
2026-07-25T12:45:37Z,perp-gate,0.010000,0x65bb932d9987f1d1a98b8942a3fa98cb28ec073b,eip155:196,settled,v2-header,0x0432c4587668cea756788346e2078d2c5dd1b0f31e98530de8dd900873d69103
2026-07-25T12:51:50Z,perp-gate,0.010000,0x65bb932d9987f1d1a98b8942a3fa98cb28ec073b,eip155:196,settled,v2-header,0xaac791b6e03bf429308a080e90ca62d7cb0f29a1c4d9e1bfee70e3321fab6795
2026-07-25T12:51:52Z,perp-gate,0.010000,0x65bb932d9987f1d1a98b8942a3fa98cb28ec073b,eip155:196,settled,v2-header,0x32e526e4efc7239c54365e31dc572256fd36fad5e035dd2e6059edd07846ee55
2026-07-25T12:51:55Z,perp-gate,0.010000,0x65bb932d9987f1d1a98b8942a3fa98cb28ec073b,eip155:196,settled,v2-header,0x0bbc8f7b6eebeeb0c21891916b035b3c2a9aa5d050f2db44c6a1534a22754a05
2026-07-25T13:00:42Z,updown-pulse,0.010000,0x65bb932d9987f1d1a98b8942a3fa98cb28ec073b,eip155:196,settled,v2-header,0xae60645ee9d41e0ba5ee77979250b813508b3f0baf6b3edaab47ce5f66b1b789
2026-07-25T13:00:45Z,updown-pulse,0.010000,0x65bb932d9987f1d1a98b8942a3fa98cb28ec073b,eip155:196,settled,v2-header,0x7cb82cc1f5aa5b8cc2d05c71ef418d94d84a8a3e59cd4a0ee3ff9b2e56fecdbd
2026-07-25T13:00:47Z,loop-digest,0.010000,0x65bb932d9987f1d1a98b8942a3fa98cb28ec073b,eip155:196,not_charged,v2-header,
2026-07-25T13:00:50Z,perp-gate,0.010000,0x65bb932d9987f1d1a98b8942a3fa98cb28ec073b,eip155:196,settled,v2-header,0x5fe4d9f2b23ed77d9260f64cdc462e394441eb47d6ca5d08ad563c3927f7f379
2026-07-25T13:00:53Z,perp-gate,0.010000,0x65bb932d9987f1d1a98b8942a3fa98cb28ec073b,eip155:196,settled,v2-header,0x62b22463d082e487ff00cca74a3741a47d8b8386fd87e91f09826028487305ca
2026-07-25T13:00:55Z,perp-gate,0.010000,0x65bb932d9987f1d1a98b8942a3fa98cb28ec073b,eip155:196,settled,v2-header,0x6a73e95633fe2fb8bc6d2f1436ad068cf34812702860f470383a743866445840
2026-07-25T13:07:00Z,perp-gate,0.010000,0x65bb932d9987f1d1a98b8942a3fa98cb28ec073b,eip155:196,not_charged,v2-header,
2026-07-25T13:07:02Z,perp-gate,0.010000,0x65bb932d9987f1d1a98b8942a3fa98cb28ec073b,eip155:196,settled,v2-header,0x10995573b3e32207e0594716730366ceab307f7c81cf303a50a9e6facee96aa6
2026-07-25T13:07:05Z,perp-gate,0.010000,0x65bb932d9987f1d1a98b8942a3fa98cb28ec073b,eip155:196,settled,v2-header,0xac207964d9f499c730782edd24a812d3f5ee27156cda56653ab95e880c98422d
2026-07-25T13:16:00Z,perp-gate,0.010000,0x65bb932d9987f1d1a98b8942a3fa98cb28ec073b,eip155:196,settled,v2-header,0x41df43145976c6a89767f9a98ac168f642332190a2644755241a55be1ef59a8c
2026-07-25T13:16:03Z,perp-gate,0.010000,0x65bb932d9987f1d1a98b8942a3fa98cb28ec073b,eip155:196,settled,v2-header,0x8ac58fd5b8dfa3a3f75c2afea432ae134887bef446b1bc834e6e89d32c569bc7
2026-07-25T13:16:05Z,perp-gate,0.010000,0x65bb932d9987f1d1a98b8942a3fa98cb28ec073b,eip155:196,settled,v2-header,0x22e9e21eb2fe226a2737d97604744d4258a09ec42b312018b7d02a19d56778b7
2026-07-25T13:16:08Z,tape-pulse,0.010000,0x65bb932d9987f1d1a98b8942a3fa98cb28ec073b,eip155:196,settled,v2-header,0x896731fad1aab72f487835054cf151502e339809d45a6bb28ea98535481aaeac
2026-07-25T13:16:16Z,portfolio-gate,0.050000,0x65bb932d9987f1d1a98b8942a3fa98cb28ec073b,eip155:196,settled,v2-header,0xc86ed7180da0a2185a51d8c504d5eb2551257c730c3eed82269c088f80f8da9b
2026-07-25T13:22:09Z,perp-gate,0.010000,0x65bb932d9987f1d1a98b8942a3fa98cb28ec073b,eip155:196,settled,v2-header,0x69af05d9ccfe1c012df38c18acc0456528f15c478003595afb688434a91b8ccf
2026-07-25T13:22:11Z,perp-gate,0.010000,0x65bb932d9987f1d1a98b8942a3fa98cb28ec073b,eip155:196,settled,v2-header,0x285d07d01d1973a1112091c0d330bde316947c70e15cd581ee587c26daffe951
2026-07-25T13:22:14Z,perp-gate,0.010000,0x65bb932d9987f1d1a98b8942a3fa98cb28ec073b,eip155:196,settled,v2-header,0x513536e8f04f733f8dfb19d61b0db8bc60545e0485f1f9feb13385da3879b8ee
2026-07-25T13:31:19Z,macro-sentry,0.005000,0x65bb932d9987f1d1a98b8942a3fa98cb28ec073b,eip155:196,settled,v2-header,0xe2e98c9111fd70f6d68e40d985bcfec25ff26a0ac31ebe38bf182785d18fe459
2026-07-25T13:31:23Z,options-desk,0.010000,0x65bb932d9987f1d1a98b8942a3fa98cb28ec073b,eip155:196,settled,v2-header,0xf8083735b7678359d282316138e7d801f22bf3eaafeed0c7790c5ad645b8f495
2026-07-25T13:31:26Z,updown-pulse,0.010000,0x65bb932d9987f1d1a98b8942a3fa98cb28ec073b,eip155:196,settled,v2-header,0xfdeda314028b2188b97084fe7ce353b9aceb0e31ac977a2f9d1f218faee041d2
2026-07-25T13:31:29Z,updown-pulse,0.010000,0x65bb932d9987f1d1a98b8942a3fa98cb28ec073b,eip155:196,settled,v2-header,0x33070a1a7af229c6483adc04c97b9c7abb669ff282d4f0c283c6e4bdb7ea60ed
2026-07-25T13:31:31Z,loop-digest,0.010000,0x65bb932d9987f1d1a98b8942a3fa98cb28ec073b,eip155:196,not_charged,v2-header,
2026-07-25T13:31:34Z,perp-gate,0.010000,0x65bb932d9987f1d1a98b8942a3fa98cb28ec073b,eip155:196,settled,v2-header,0xe9e6f235d95dd589b1f3664718a37634f2629557c226c645be2d2c7bf371538b
2026-07-25T13:31:36Z,perp-gate,0.010000,0x65bb932d9987f1d1a98b8942a3fa98cb28ec073b,eip155:196,settled,v2-header,0xb59a0d4b043d71a4c0b2bef489a67754dbb50fb7bd747788431261819d1c7e81
2026-07-25T13:31:39Z,perp-gate,0.010000,0x65bb932d9987f1d1a98b8942a3fa98cb28ec073b,eip155:196,settled,v2-header,0x7472c55c33e95640eaf60ce700dca3f02f8fcc5b5bd598ba0de533d31717b1f6
2026-07-25T13:31:41Z,portfolio-gate,0.050000,0x65bb932d9987f1d1a98b8942a3fa98cb28ec073b,eip155:196,settled,v2-header,0xc73d183bda0880960a87585ae2e8fbdf8efc2cc4a40dd6de39d40316ca023273
2026-07-25T13:37:19Z,perp-gate,0.010000,0x65bb932d9987f1d1a98b8942a3fa98cb28ec073b,eip155:196,settled,v2-header,0xe2d0d3656614a4f6bc0786f1d5429abfef0862b42aabcf0effe1f2fce2fbb02b
2026-07-25T13:37:22Z,perp-gate,0.010000,0x65bb932d9987f1d1a98b8942a3fa98cb28ec073b,eip155:196,settled,v2-header,0xb41ec603ad828d5625a1c8637c947f9a04349e98a0232db0bce25d85153e6cf6
2026-07-25T13:37:25Z,perp-gate,0.010000,0x65bb932d9987f1d1a98b8942a3fa98cb28ec073b,eip155:196,settled,v2-header,0x5a3c146b67b7099f341fca749efc2d67520d84668d3c03445ad53e018ef3e46c
2026-07-25T13:46:47Z,perp-gate,0.010000,0x65bb932d9987f1d1a98b8942a3fa98cb28ec073b,eip155:196,settled,v2-header,0x324070c5f83a71e82eb9aa409603f6d96b3124129dab0cbe13af9dd483ec1d0b
2026-07-25T13:46:50Z,perp-gate,0.010000,0x65bb932d9987f1d1a98b8942a3fa98cb28ec073b,eip155:196,settled,v2-header,0xaa0cea6279b5d716ac589d74342748eb9b05804b1dcf096d31587cb9ab669371
2026-07-25T13:46:53Z,perp-gate,0.010000,0x65bb932d9987f1d1a98b8942a3fa98cb28ec073b,eip155:196,settled,v2-header,0xeca434d02fce11b2d465cc3ba4b60f5146981d14a08fe6e42baa8ac3973210a4
2026-07-25T13:52:30Z,perp-gate,0.010000,0x65bb932d9987f1d1a98b8942a3fa98cb28ec073b,eip155:196,settled,v2-header,0x41a1ae4c4d430b369efd569562f6357d27db8b9f694ae3b8f539a54ff12e1df0
2026-07-25T13:52:32Z,perp-gate,0.010000,0x65bb932d9987f1d1a98b8942a3fa98cb28ec073b,eip155:196,settled,v2-header,0x6202e6d9bc15726b6102ed6a99efb1bb3eaa5aaf2e47a3ffe69aa0894d1b0e9a
2026-07-25T13:52:35Z,perp-gate,0.010000,0x65bb932d9987f1d1a98b8942a3fa98cb28ec073b,eip155:196,settled,v2-header,0xbdce99c538173c05f1c6e42f862d186e05aab9f1c3b4fdfe2875e297f8f945e1
2026-07-25T14:01:58Z,updown-pulse,0.010000,0x65bb932d9987f1d1a98b8942a3fa98cb28ec073b,eip155:196,settled,v2-header,0xab4a2bc1ce603da658d901d00b4ef0d8c41d0ae969969e211383cfbd15f19a0c
2026-07-25T14:02:01Z,updown-pulse,0.010000,0x65bb932d9987f1d1a98b8942a3fa98cb28ec073b,eip155:196,settled,v2-header,0x9530053c749b2bd49c48d447c3849739bf88b0422c8462e42bd722c71c2687e7
2026-07-25T14:02:03Z,loop-digest,0.010000,0x65bb932d9987f1d1a98b8942a3fa98cb28ec073b,eip155:196,not_charged,v2-header,
2026-07-25T14:02:06Z,perp-gate,0.010000,0x65bb932d9987f1d1a98b8942a3fa98cb28ec073b,eip155:196,settled,v2-header,0xb71b03342fdab3d2dd8988a16f4fb929a82c31ee405dcc88eeb1f665bb726247
2026-07-25T14:02:09Z,perp-gate,0.010000,0x65bb932d9987f1d1a98b8942a3fa98cb28ec073b,eip155:196,settled,v2-header,0xcc761fcbde5bbb90cce248105e638a2613c1cb439e94f854d20308848f658833
2026-07-25T14:02:11Z,perp-gate,0.010000,0x65bb932d9987f1d1a98b8942a3fa98cb28ec073b,eip155:196,settled,v2-header,0xdc39326283ffb4dfdd1821de99917da6b5d60ede31db3fe4efb620cc175835dd
2026-07-25T14:07:41Z,perp-gate,0.010000,0x65bb932d9987f1d1a98b8942a3fa98cb28ec073b,eip155:196,settled,v2-header,0x81c557d51f580c95f73c9eb598708c08eb682046dd3dcc8022526c783ecf662b
2026-07-25T14:07:43Z,perp-gate,0.010000,0x65bb932d9987f1d1a98b8942a3fa98cb28ec073b,eip155:196,settled,v2-header,0x21a21f50221e71a5cefc763914c5cf8ea76b37519f4a3e5495709be1e00bb510
2026-07-25T14:07:46Z,perp-gate,0.010000,0x65bb932d9987f1d1a98b8942a3fa98cb28ec073b,eip155:196,settled,v2-header,0xb97c716a695e71f3d9a02a4e0b5099c2794846281d77d8077377c24f06664301
2026-07-25T14:17:16Z,perp-gate,0.010000,0x65bb932d9987f1d1a98b8942a3fa98cb28ec073b,eip155:196,settled,v2-header,0x6c12d7646dd5e33b44d019277fcef8143a0192bf7a8157aeb253691d577b58bb
2026-07-25T14:17:19Z,perp-gate,0.010000,0x65bb932d9987f1d1a98b8942a3fa98cb28ec073b,eip155:196,settled,v2-header,0x7ab2201878e96783ebdbfd4b8daa443ac9e755e68a927309c209a5c90b2e0f51
2026-07-25T14:17:21Z,perp-gate,0.010000,0x65bb932d9987f1d1a98b8942a3fa98cb28ec073b,eip155:196,settled,v2-header,0xd31698e3f32311a6684503bab3ea9fa8ea95666123641e774dc2965c4ea6f940
2026-07-25T14:22:50Z,perp-gate,0.010000,0x65bb932d9987f1d1a98b8942a3fa98cb28ec073b,eip155:196,settled,v2-header,0x67516086080c2ea5e1d56dc92d6305af71cd0ed3dc70638d56f52e247cdeb10c
2026-07-25T14:22:53Z,perp-gate,0.010000,0x65bb932d9987f1d1a98b8942a3fa98cb28ec073b,eip155:196,settled,v2-header,0x41e08952f0d9a4f8295f129c8cbe86203717ef371ee515970ae8db20167faf72
2026-07-25T14:22:55Z,perp-gate,0.010000,0x65bb932d9987f1d1a98b8942a3fa98cb28ec073b,eip155:196,settled,v2-header,0x8cec6499461ea63a05040ccd023f46419eb98e0c3631a12b54bb9b5bf5fdb8de
2026-07-25T14:32:26Z,macro-sentry,0.005000,0x65bb932d9987f1d1a98b8942a3fa98cb28ec073b,eip155:196,settled,v2-header,0xfeeb3a4aa8164995b460124ee241a60a103d036443c7ed46c54439b317812ac1
2026-07-25T14:32:29Z,updown-pulse,0.010000,0x65bb932d9987f1d1a98b8942a3fa98cb28ec073b,eip155:196,settled,v2-header,0x919e87c6902fb9c1ac684bcf0d8516051c2739892f201e0414fe2e77cef43061
2026-07-25T14:32:32Z,updown-pulse,0.010000,0x65bb932d9987f1d1a98b8942a3fa98cb28ec073b,eip155:196,settled,v2-header,0x7e39b235c02cce3b17d065f09ae0d011da55183c03c5c54b4d99abb5362c8d15
2026-07-25T14:32:34Z,loop-digest,0.010000,0x65bb932d9987f1d1a98b8942a3fa98cb28ec073b,eip155:196,not_charged,v2-header,
2026-07-25T14:32:37Z,perp-gate,0.010000,0x65bb932d9987f1d1a98b8942a3fa98cb28ec073b,eip155:196,settled,v2-header,0xdab11239db11ed5b70ff6734250ee3f664dd81dafadf61a775f6c5b97220b39a
2026-07-25T14:32:40Z,perp-gate,0.010000,0x65bb932d9987f1d1a98b8942a3fa98cb28ec073b,eip155:196,settled,v2-header,0xf0d66cdeea39eba9d865b3292107b40d3d585b8614e3d7bb65ce65f88ad0cfe9
2026-07-25T14:32:43Z,perp-gate,0.010000,0x65bb932d9987f1d1a98b8942a3fa98cb28ec073b,eip155:196,settled,v2-header,0xf201a4dfe355cf87878c90e11a5d13caad1fe88c04a46c98d72be0926a523acd
2026-07-25T14:32:45Z,portfolio-gate,0.050000,0x65bb932d9987f1d1a98b8942a3fa98cb28ec073b,eip155:196,settled,v2-header,0xaba121e6b1f571ae8938c0070100bbff8e0dd97c42ed2a908ff3c3c406673948
2026-07-25T14:38:00Z,perp-gate,0.010000,0x65bb932d9987f1d1a98b8942a3fa98cb28ec073b,eip155:196,settled,v2-header,0xd19f2f18eb81e0dcc5ce3c1434afe1d36e8889de1d299373f2bab2a312285a8a
2026-07-25T14:38:03Z,perp-gate,0.010000,0x65bb932d9987f1d1a98b8942a3fa98cb28ec073b,eip155:196,settled,v2-header,0x798f40c2da8b0b875c3da768822148fe54c5bc5e30fce570a0d25bf3d65d1e3e
2026-07-25T14:38:06Z,perp-gate,0.010000,0x65bb932d9987f1d1a98b8942a3fa98cb28ec073b,eip155:196,settled,v2-header,0xa6776f90edf8445a9331f6d4780219c8440ea6dcd0a466e1375885b0add6d122
2026-07-25T14:47:51Z,perp-gate,0.010000,0x65bb932d9987f1d1a98b8942a3fa98cb28ec073b,eip155:196,settled,v2-header,0x32e06e236583d620a5b682bbd7ff39b99d189c4ae7d6d821b5bd223b83effe66
2026-07-25T14:47:53Z,perp-gate,0.010000,0x65bb932d9987f1d1a98b8942a3fa98cb28ec073b,eip155:196,settled,v2-header,0x232fb44d060b29956593d6330afb90859166f020652065c9e2c9bd3c11a25328
2026-07-25T14:47:56Z,perp-gate,0.010000,0x65bb932d9987f1d1a98b8942a3fa98cb28ec073b,eip155:196,settled,v2-header,0x62552d5d12cedd7cc19d06641b0be4c5c6c4d67127929629de3cf1285ec3a5da
2026-07-25T14:53:11Z,perp-gate,0.010000,0x65bb932d9987f1d1a98b8942a3fa98cb28ec073b,eip155:196,settled,v2-header,0x6b2f589902cd2e1d18a522e52f2af8485dfae8dd223ab1871dec150eb3bf6e3b
2026-07-25T14:53:14Z,perp-gate,0.010000,0x65bb932d9987f1d1a98b8942a3fa98cb28ec073b,eip155:196,settled,v2-header,0x5735bf17080348c3558dd5efcf69e4f4f75710c75c9ffd6ae4df3fc9869f6b98
2026-07-25T14:53:16Z,perp-gate,0.010000,0x65bb932d9987f1d1a98b8942a3fa98cb28ec073b,eip155:196,settled,v2-header,0x3d23e9f3d017b94299aaac146064e1cd94d305784f23cfd126299dd28cd96877
2026-07-25T15:03:01Z,updown-pulse,0.010000,0x65bb932d9987f1d1a98b8942a3fa98cb28ec073b,eip155:196,settled,v2-header,0x4052f3d7fb0f4dc2f999572e3ab58d4130b176cb304aa54f999a199147c20a3a
2026-07-25T15:03:07Z,updown-pulse,0.010000,0x65bb932d9987f1d1a98b8942a3fa98cb28ec073b,eip155:196,settled,v2-header,0xf364edfd9f2da671e316fdbc8c0accb3d329e693222e701df0d07978f4234f9d
2026-07-25T15:03:10Z,loop-digest,0.010000,0x65bb932d9987f1d1a98b8942a3fa98cb28ec073b,eip155:196,not_charged,v2-header,
2026-07-25T15:03:13Z,perp-gate,0.010000,0x65bb932d9987f1d1a98b8942a3fa98cb28ec073b,eip155:196,settled,v2-header,0xdd599f6a57c95d44d7007f4a85ad504a4503f287954d8adc00fa14924d680f84
2026-07-25T15:03:15Z,perp-gate,0.010000,0x65bb932d9987f1d1a98b8942a3fa98cb28ec073b,eip155:196,settled,v2-header,0x4db11b25091714307fcf58a1613f9fb1191db90583645d54aaf86c7bf1d9db5a
2026-07-25T15:03:17Z,perp-gate,0.010000,0x65bb932d9987f1d1a98b8942a3fa98cb28ec073b,eip155:196,settled,v2-header,0x990051ad6910249bd255ba8ba42267bd8f7a22ae10a4704c83a55ef21d5d8150
2026-07-25T15:08:22Z,perp-gate,0.010000,0x65bb932d9987f1d1a98b8942a3fa98cb28ec073b,eip155:196,settled,v2-header,0x4c342c4924368f419d6f97264db6aa1c9479b77a75031837e2ecc395d32f4f74
2026-07-25T15:08:25Z,perp-gate,0.010000,0x65bb932d9987f1d1a98b8942a3fa98cb28ec073b,eip155:196,settled,v2-header,0x0b9562a7d579d619ad132bb8930db12fba5484849d8045ba913d281f8eeb0d07
2026-07-25T15:08:28Z,perp-gate,0.010000,0x65bb932d9987f1d1a98b8942a3fa98cb28ec073b,eip155:196,settled,v2-header,0x07d45ee0e25acd5a512829ee7e2e681a61102fc9aeae0b63221318e29834384e
2026-07-25T15:18:23Z,perp-gate,0.010000,0x65bb932d9987f1d1a98b8942a3fa98cb28ec073b,eip155:196,settled,v2-header,0x8b8951a9d4f4c7da331442600d9d4df690c3e2c8ef474ebe9fe2d8edc1747781
2026-07-25T15:18:26Z,perp-gate,0.010000,0x65bb932d9987f1d1a98b8942a3fa98cb28ec073b,eip155:196,settled,v2-header,0x27050a856940c62f4cd0ec28422800eb2ffd3eac0351b1138a44b69505d40e13
2026-07-25T15:18:28Z,perp-gate,0.010000,0x65bb932d9987f1d1a98b8942a3fa98cb28ec073b,eip155:196,settled,v2-header,0xec83e4e16ef3b8dc135bafb8551534277da78c09a580b1860da881baeb576eb9
2026-07-25T15:23:34Z,perp-gate,0.010000,0x65bb932d9987f1d1a98b8942a3fa98cb28ec073b,eip155:196,settled,v2-header,0x9264aabbe77a0c71e39f812b04a2b8f6f05b6432f39d7eebf41bbd7c7b0adc47
2026-07-25T15:23:38Z,perp-gate,0.010000,0x65bb932d9987f1d1a98b8942a3fa98cb28ec073b,eip155:196,settled,v2-header,0xa6ab0b52e7f9efc3bf6e0b99aafa73316e05a5914e62576a7d560a44a033bd18
2026-07-25T15:23:40Z,perp-gate,0.010000,0x65bb932d9987f1d1a98b8942a3fa98cb28ec073b,eip155:196,settled,v2-header,0x0b86b4f38257cc4ed25c76b6e22bea718b6d801998b0d764a448c79a2dc5d43c
2026-07-25T15:33:33Z,macro-sentry,0.005000,0x65bb932d9987f1d1a98b8942a3fa98cb28ec073b,eip155:196,settled,v2-header,0x6b67922e9a1936b069d3d441eb18181b908823319b3ab888eac36a7345859c30
2026-07-25T15:33:36Z,options-desk,0.010000,0x65bb932d9987f1d1a98b8942a3fa98cb28ec073b,eip155:196,settled,v2-header,0xcf421c31403c6fcf787af1991c408a4bc6750eb2d9eee491cf1747204fcafd8e
2026-07-25T15:33:40Z,updown-pulse,0.010000,0x65bb932d9987f1d1a98b8942a3fa98cb28ec073b,eip155:196,settled,v2-header,0xa4d6871a76a638fb4b073567462fcdb2b4ccaa1fbd9ecbe396c719d4d2fbeef3
2026-07-25T15:33:42Z,updown-pulse,0.010000,0x65bb932d9987f1d1a98b8942a3fa98cb28ec073b,eip155:196,settled,v2-header,0x4d24d57848dc2df2ea4cf6016d89d2d5c2d78d018fd2056f96939542ab3dadf9
2026-07-25T15:33:44Z,loop-digest,0.010000,0x65bb932d9987f1d1a98b8942a3fa98cb28ec073b,eip155:196,not_charged,v2-header,
2026-07-25T15:33:47Z,perp-gate,0.010000,0x65bb932d9987f1d1a98b8942a3fa98cb28ec073b,eip155:196,settled,v2-header,0xf92b3cffbb1975d87194a73aba73eb19d293f3f902ae9c8d8412e0c087dfb6ab
2026-07-25T15:33:50Z,perp-gate,0.010000,0x65bb932d9987f1d1a98b8942a3fa98cb28ec073b,eip155:196,settled,v2-header,0x0ca17f89d6f078f7874313def66070db8184b9e126683798728ce897caac2e83
2026-07-25T15:33:52Z,perp-gate,0.010000,0x65bb932d9987f1d1a98b8942a3fa98cb28ec073b,eip155:196,settled,v2-header,0x40227f86bdee0957d46fd7b7f75be959d6629d249542f96dc554689d81442808
2026-07-25T15:33:55Z,portfolio-gate,0.050000,0x65bb932d9987f1d1a98b8942a3fa98cb28ec073b,eip155:196,settled,v2-header,0xf671fd8766d9cc5d9162108922e80b6fe331b9443f91c8f9745899984ae636cf
2026-07-25T15:33:59Z,exec-verify,0.010000,0x65bb932d9987f1d1a98b8942a3fa98cb28ec073b,eip155:196,settled,v2-header,0x6701b58958661dbd3425d3ffd6796517dd6f8249accad80c6d5f1f253636026c
2026-07-25T15:38:45Z,perp-gate,0.010000,0x65bb932d9987f1d1a98b8942a3fa98cb28ec073b,eip155:196,settled,v2-header,0x773fc08da2a14763c8dc48a1f5fbf3731b1f5cc81b3c614fc33ed0b8f2fca7d3
2026-07-25T15:38:47Z,perp-gate,0.010000,0x65bb932d9987f1d1a98b8942a3fa98cb28ec073b,eip155:196,settled,v2-header,0xc6f48d6ac9af1bfc21d73f291b377cd561af4acd0872b5034cf206bae86cf623
2026-07-25T15:38:50Z,perp-gate,0.010000,0x65bb932d9987f1d1a98b8942a3fa98cb28ec073b,eip155:196,settled,v2-header,0x91e0026d5e9cd989d95cb36f0e2df4d57bb17a11de1a24040fe931ff979455a3
2026-07-25T15:49:04Z,perp-gate,0.010000,0x65bb932d9987f1d1a98b8942a3fa98cb28ec073b,eip155:196,settled,v2-header,0xadf56de5738fd1b8679d8e63d5025537485f36dfbe184fff14d37348bce5d4bf
2026-07-25T15:49:06Z,perp-gate,0.010000,0x65bb932d9987f1d1a98b8942a3fa98cb28ec073b,eip155:196,settled,v2-header,0x788a4ef90e66ce1692b3fbb2eb68b3f026a3e534d7c42b317ee22588dffed8bb
2026-07-25T15:49:09Z,perp-gate,0.010000,0x65bb932d9987f1d1a98b8942a3fa98cb28ec073b,eip155:196,settled,v2-header,0xc71c3beb90e56530c94dd565d35f867d4d24f9e51701e8730e2b9f1719c64edf
2026-07-25T15:53:55Z,perp-gate,0.010000,0x65bb932d9987f1d1a98b8942a3fa98cb28ec073b,eip155:196,settled,v2-header,0x271060a9b5b8b52ecf527eaa5cc2d67770786d064bf0d993932031f067d03b2d
2026-07-25T15:53:57Z,perp-gate,0.010000,0x65bb932d9987f1d1a98b8942a3fa98cb28ec073b,eip155:196,settled,v2-header,0x99b06a6a5f70cccfdfedda1a28472a06027d393c1289b13247e8265e39ca8118
2026-07-25T15:53:59Z,perp-gate,0.010000,0x65bb932d9987f1d1a98b8942a3fa98cb28ec073b,eip155:196,settled,v2-header,0x91276663a8339cbe93d41cef3a33d7a7a87d0e2e655b4662e78df627e5b76b06
2026-07-25T16:04:14Z,updown-pulse,0.010000,0x65bb932d9987f1d1a98b8942a3fa98cb28ec073b,eip155:196,settled,v2-header,0x1449efb2798271fdbe3f6ff8eaa78b3b01db39f9d4c7d0e6e429f6a223962941
2026-07-25T16:04:17Z,updown-pulse,0.010000,0x65bb932d9987f1d1a98b8942a3fa98cb28ec073b,eip155:196,settled,v2-header,0xd5e67754cc28ed458f400f3671895e9f73c8402e802b6d785cdc970d42070074
2026-07-25T16:04:19Z,loop-digest,0.010000,0x65bb932d9987f1d1a98b8942a3fa98cb28ec073b,eip155:196,not_charged,v2-header,
2026-07-25T16:04:22Z,perp-gate,0.010000,0x65bb932d9987f1d1a98b8942a3fa98cb28ec073b,eip155:196,settled,v2-header,0x6352d28ba0bd1e66d0ef78c533b517189eddd8f992d43114fbd7f81d55bbbd84
2026-07-25T16:04:24Z,perp-gate,0.010000,0x65bb932d9987f1d1a98b8942a3fa98cb28ec073b,eip155:196,settled,v2-header,0x43dadc8ce6686cf69544c375ade9939e6fff30886d7ff8a7c86d2bc2cab99425
2026-07-25T16:04:27Z,perp-gate,0.010000,0x65bb932d9987f1d1a98b8942a3fa98cb28ec073b,eip155:196,settled,v2-header,0x6b47051eff481287fa1e7b52f76aec9b810c6b8b3307dd68619a4e1a1dc48315
2026-07-25T16:09:05Z,perp-gate,0.010000,0x65bb932d9987f1d1a98b8942a3fa98cb28ec073b,eip155:196,settled,v2-header,0xf4d1e7e9efa031956549f596347672c1b1dc6f9287aa84ceaacb7a8930af7783
2026-07-25T16:09:07Z,perp-gate,0.010000,0x65bb932d9987f1d1a98b8942a3fa98cb28ec073b,eip155:196,settled,v2-header,0xf4df9b59d99f0153471adca550660bf07c0a28f4e47053a5c6c2784bf2c4b6fb
2026-07-25T16:09:10Z,perp-gate,0.010000,0x65bb932d9987f1d1a98b8942a3fa98cb28ec073b,eip155:196,settled,v2-header,0xbfb8d8b966d68aa505094e15b157930bba0d6a4a2baacda27a1181cbf5c1b08e
2026-07-25T16:19:33Z,perp-gate,0.010000,0x65bb932d9987f1d1a98b8942a3fa98cb28ec073b,eip155:196,settled,v2-header,0xdeefa02ae0a3ddb7892a15b37d4fb0a802ccfefd80db1bbd226c796c35eb82b9
2026-07-25T16:19:35Z,perp-gate,0.010000,0x65bb932d9987f1d1a98b8942a3fa98cb28ec073b,eip155:196,settled,v2-header,0x3ca53f12770512e24c01e01b6c8fe7dd3531a528ddcb208a6d05face7b6efee2
2026-07-25T16:19:37Z,perp-gate,0.010000,0x65bb932d9987f1d1a98b8942a3fa98cb28ec073b,eip155:196,settled,v2-header,0x3f8381af1876cf74085eb71bd7f688d877a316e8d7b0fbeed3d524da7a200fba
2026-07-25T16:24:15Z,perp-gate,0.010000,0x65bb932d9987f1d1a98b8942a3fa98cb28ec073b,eip155:196,settled,v2-header,0x2bade5af03ac9549e04ad2e68a9599b4bac298d5cb2501bdd6e25f9399ac7d4a
2026-07-25T16:24:18Z,perp-gate,0.010000,0x65bb932d9987f1d1a98b8942a3fa98cb28ec073b,eip155:196,settled,v2-header,0x543f15234233728bb96716fe867b07c2bdc6d69832d42650ed11b4c5bcb22827
2026-07-25T16:24:20Z,perp-gate,0.010000,0x65bb932d9987f1d1a98b8942a3fa98cb28ec073b,eip155:196,settled,v2-header,0x612823ba2ce33ee34dd0007690685ea85228fdad89b8e89e311904f973cb871c
2026-07-25T16:34:42Z,macro-sentry,0.005000,0x65bb932d9987f1d1a98b8942a3fa98cb28ec073b,eip155:196,settled,v2-header,0x1e3618bc017741369dd79e07ef5405791a0ee4c025866617323667ea2a7ffd21
2026-07-25T16:34:45Z,updown-pulse,0.010000,0x65bb932d9987f1d1a98b8942a3fa98cb28ec073b,eip155:196,settled,v2-header,0x22b65e02020237ac01880e13dc3d68f807537c1f9c5d20be15778594df24c8a2
2026-07-25T16:34:48Z,updown-pulse,0.010000,0x65bb932d9987f1d1a98b8942a3fa98cb28ec073b,eip155:196,settled,v2-header,0x15f8d5da08143e51c4feb173982bbfe4c178e3f422e47cb3abc9d4eeca238371
2026-07-25T16:34:50Z,loop-digest,0.010000,0x65bb932d9987f1d1a98b8942a3fa98cb28ec073b,eip155:196,not_charged,v2-header,
2026-07-25T16:34:53Z,perp-gate,0.010000,0x65bb932d9987f1d1a98b8942a3fa98cb28ec073b,eip155:196,settled,v2-header,0x4edaf8aff563e824c9951a07dfad4fde2348f23f633556ab931251682065320b
2026-07-25T16:34:55Z,perp-gate,0.010000,0x65bb932d9987f1d1a98b8942a3fa98cb28ec073b,eip155:196,settled,v2-header,0xbc676cf362b736f1e1fd285544e685b197252751e4b93da4e72cf09775c67f86
2026-07-25T16:34:58Z,perp-gate,0.010000,0x65bb932d9987f1d1a98b8942a3fa98cb28ec073b,eip155:196,settled,v2-header,0x7e7553309baf2a2ac0c4657c57e39fdd8141cb66058671abf8383486632e93ad
2026-07-25T16:35:00Z,portfolio-gate,0.050000,0x65bb932d9987f1d1a98b8942a3fa98cb28ec073b,eip155:196,settled,v2-header,0xd4fa43873d01017deb1e82967976e2664c0590a797d833d1d395ab4945926c3e
2026-07-25T16:39:25Z,perp-gate,0.010000,0x65bb932d9987f1d1a98b8942a3fa98cb28ec073b,eip155:196,settled,v2-header,0x267c4c33ca97b7b9de071837dddaefdbcd36e02a20510067063d79f661fdfbfa
2026-07-25T16:39:28Z,perp-gate,0.010000,0x65bb932d9987f1d1a98b8942a3fa98cb28ec073b,eip155:196,settled,v2-header,0x2e6fe173b063171b7d2b82cda630c9e3e8634dfd4d2c03ff60456d7c45ac6fa9
2026-07-25T16:39:30Z,perp-gate,0.010000,0x65bb932d9987f1d1a98b8942a3fa98cb28ec073b,eip155:196,settled,v2-header,0xb6d3f335ce94cb63b2dbfa1c0d757694db239bf1b5849588417e90a323027ac2
2026-07-25T16:50:06Z,perp-gate,0.010000,0x65bb932d9987f1d1a98b8942a3fa98cb28ec073b,eip155:196,settled,v2-header,0x3c7f6f6bd9d0168f9655ed692c5639b4f4a066bf4e6cf2b796cc7394abfa5f6e
2026-07-25T16:50:08Z,perp-gate,0.010000,0x65bb932d9987f1d1a98b8942a3fa98cb28ec073b,eip155:196,settled,v2-header,0x1b332074adbcf1818defa39712f6279294fb412e3416922c14feea2646530f01
2026-07-25T16:50:10Z,perp-gate,0.010000,0x65bb932d9987f1d1a98b8942a3fa98cb28ec073b,eip155:196,settled,v2-header,0xa3cbd4f40250f4bd997b06bad1bb671bf1f9af1267ba7b3d1d3952062df4eb97
2026-07-25T16:54:35Z,perp-gate,0.010000,0x65bb932d9987f1d1a98b8942a3fa98cb28ec073b,eip155:196,settled,v2-header,0xe099e4ed7e30221f5160217d9c7a027a1eb01e36b9ba76cd6c06c219c01120c5
2026-07-25T16:54:37Z,perp-gate,0.010000,0x65bb932d9987f1d1a98b8942a3fa98cb28ec073b,eip155:196,settled,v2-header,0xd8d72151317727f27a76f8d45f4b34b4f74a7d3b4bad6bcb8e76dac950107405
2026-07-25T16:54:40Z,perp-gate,0.010000,0x65bb932d9987f1d1a98b8942a3fa98cb28ec073b,eip155:196,settled,v2-header,0x4dab7ee8c2ce12293f7437092114be8c3f8b17b038dc0644ac3c37881b24d8ed
2026-07-25T17:05:16Z,updown-pulse,0.010000,0x65bb932d9987f1d1a98b8942a3fa98cb28ec073b,eip155:196,settled,v2-header,0xa6b74f0b3c170506706aa3606dd7fe84b978ac217d9a7c39b09ee0b78b1e52be
2026-07-25T17:05:18Z,updown-pulse,0.010000,0x65bb932d9987f1d1a98b8942a3fa98cb28ec073b,eip155:196,settled,v2-header,0xc7d960644dd4714905b0b741491fea4cfb432447caca437cc0f05171bca0a0c8
2026-07-25T17:05:20Z,loop-digest,0.010000,0x65bb932d9987f1d1a98b8942a3fa98cb28ec073b,eip155:196,not_charged,v2-header,
2026-07-25T17:05:23Z,perp-gate,0.010000,0x65bb932d9987f1d1a98b8942a3fa98cb28ec073b,eip155:196,settled,v2-header,0xf3ba70aa31179ab64290d7f1ca6e4e59596cf550bedeb4f5a589a554e88ebbe2
2026-07-25T17:05:26Z,perp-gate,0.010000,0x65bb932d9987f1d1a98b8942a3fa98cb28ec073b,eip155:196,settled,v2-header,0x1fe9a5fdd839582485e30edd7aba6e338b7777d4c2fe558ad5c5cfd739cd37dc
2026-07-25T17:05:29Z,perp-gate,0.010000,0x65bb932d9987f1d1a98b8942a3fa98cb28ec073b,eip155:196,settled,v2-header,0x5f75890f626ced07b013d919f494895eb771cf427d71c8ae698494e3c4ca1634
2026-07-25T17:09:45Z,perp-gate,0.010000,0x65bb932d9987f1d1a98b8942a3fa98cb28ec073b,eip155:196,settled,v2-header,0x784c2a02a47337fa2bb39a0ded6859455a4ad5ee57eab47289e7fcc31e2c080d
2026-07-25T17:09:47Z,perp-gate,0.010000,0x65bb932d9987f1d1a98b8942a3fa98cb28ec073b,eip155:196,settled,v2-header,0x7d7c1c3aadee7c6534012604d53098953ba224984e4cbe022605744554a9732d
2026-07-25T17:09:50Z,perp-gate,0.010000,0x65bb932d9987f1d1a98b8942a3fa98cb28ec073b,eip155:196,settled,v2-header,0x5fea0992c87fed11b48639b2f07dea29b2bbf4fe2e4c0eb22b014b1dc0b76b34
2026-07-25T17:20:34Z,perp-gate,0.010000,0x65bb932d9987f1d1a98b8942a3fa98cb28ec073b,eip155:196,settled,v2-header,0x568c4e31c5609e64bf23919fea013ff3525837ede1b75334e9135232bb8f382f
2026-07-25T17:20:36Z,perp-gate,0.010000,0x65bb932d9987f1d1a98b8942a3fa98cb28ec073b,eip155:196,settled,v2-header,0x68eb4481e797fee30dd34b5b9a3eb5cd824ef4ba76d356b0a4c8fd6cff6b9bce
2026-07-25T17:20:39Z,perp-gate,0.010000,0x65bb932d9987f1d1a98b8942a3fa98cb28ec073b,eip155:196,settled,v2-header,0xc033a7771c9e23170f1649926b86cf30aee9a6dec557e77fc8de487ad69a130e
2026-07-25T17:20:43Z,protocol-pulse,0.010000,0x65bb932d9987f1d1a98b8942a3fa98cb28ec073b,eip155:196,settled,v2-header,0xf98f8c037f99f8ea045eb72b861c8397b47c005e89e4e44e518286bc325c612f
2026-07-25T17:24:54Z,perp-gate,0.010000,0x65bb932d9987f1d1a98b8942a3fa98cb28ec073b,eip155:196,settled,v2-header,0xb4bdff767dc4cafd40072ec6d366da48497eec579654a8ea739b9a2b6bb7ae43
2026-07-25T17:24:57Z,perp-gate,0.010000,0x65bb932d9987f1d1a98b8942a3fa98cb28ec073b,eip155:196,settled,v2-header,0x019df4e9b5788d6a3a3e8c6c604cd029201fbdf218f18f10df6be68530bb10fe
2026-07-25T17:24:59Z,perp-gate,0.010000,0x65bb932d9987f1d1a98b8942a3fa98cb28ec073b,eip155:196,settled,v2-header,0xa34b119e01153c3e6b45a523eba2864dab49ad7402c5c5a374b725ca44eedc5e
2026-07-25T17:35:48Z,macro-sentry,0.005000,0x65bb932d9987f1d1a98b8942a3fa98cb28ec073b,eip155:196,settled,v2-header,0xb7a249db02748f8dc0a663e95b48b9c8e7a72cb5a3498d3441c85c599ebb60db
2026-07-25T17:35:51Z,options-desk,0.010000,0x65bb932d9987f1d1a98b8942a3fa98cb28ec073b,eip155:196,settled,v2-header,0x37ec372215e9f5b145126e0c8425682941dfece6cf47ff456eba8eb404e8db8b
2026-07-25T17:35:54Z,updown-pulse,0.010000,0x65bb932d9987f1d1a98b8942a3fa98cb28ec073b,eip155:196,settled,v2-header,0x9283e310b94f74786d4738928c0edaf89d3e033d57447deae534af2c8f0e3843
2026-07-25T17:35:57Z,updown-pulse,0.010000,0x65bb932d9987f1d1a98b8942a3fa98cb28ec073b,eip155:196,settled,v2-header,0x82a770877100efc6e0b795d7b40db40def3aaa338fded3f1b0f34573d00b6c6e
2026-07-25T17:35:58Z,loop-digest,0.010000,0x65bb932d9987f1d1a98b8942a3fa98cb28ec073b,eip155:196,not_charged,v2-header,
2026-07-25T17:36:02Z,perp-gate,0.010000,0x65bb932d9987f1d1a98b8942a3fa98cb28ec073b,eip155:196,settled,v2-header,0x2e821a3df024de68cbd9bcbf92dd9076385f6071742bff6298bc81d75228d11a
2026-07-25T17:36:04Z,perp-gate,0.010000,0x65bb932d9987f1d1a98b8942a3fa98cb28ec073b,eip155:196,settled,v2-header,0x86a87ed154cc54206a297cdcddb41a8cc5c7c6fee4728fcfb89e7733826ed999
2026-07-25T17:36:07Z,perp-gate,0.010000,0x65bb932d9987f1d1a98b8942a3fa98cb28ec073b,eip155:196,settled,v2-header,0x06f1c90335c3318463859930eafdf53cce7c1776efaafdc7345e7f1c0e43e00e
2026-07-25T17:36:09Z,portfolio-gate,0.050000,0x65bb932d9987f1d1a98b8942a3fa98cb28ec073b,eip155:196,settled,v2-header,0x12cb82a7980da71b11210b676d7ae1cb60c94c642381fbd8777db8743614f442
2026-07-25T17:40:06Z,perp-gate,0.010000,0x65bb932d9987f1d1a98b8942a3fa98cb28ec073b,eip155:196,settled,v2-header,0xa2ee6d2af2e5d703ac620d58d1df12229f8c332d392d9e75d5d7bd8deef4022e
2026-07-25T17:40:08Z,perp-gate,0.010000,0x65bb932d9987f1d1a98b8942a3fa98cb28ec073b,eip155:196,settled,v2-header,0xa47c62abfaf4e0d727349777c6331491a1c87b0c8964468d9f8e9755882c3d04
2026-07-25T17:40:10Z,perp-gate,0.010000,0x65bb932d9987f1d1a98b8942a3fa98cb28ec073b,eip155:196,settled,v2-header,0x0e041c1cd332e90be2af69a170da6b2ae40eefa29fac1fe76cfbb0ecaa3a6c9a
2026-07-25T17:51:15Z,perp-gate,0.010000,0x65bb932d9987f1d1a98b8942a3fa98cb28ec073b,eip155:196,settled,v2-header,0x4116ae131241a3c140e03bd37184f2d9d355425b75ed9e475a2e8ff531c48dc6
2026-07-25T17:51:17Z,perp-gate,0.010000,0x65bb932d9987f1d1a98b8942a3fa98cb28ec073b,eip155:196,settled,v2-header,0xcb0e9b7bc347c9d64dc271d9376727510063cb413299f75c5390f0da60940c6a
2026-07-25T17:51:19Z,perp-gate,0.010000,0x65bb932d9987f1d1a98b8942a3fa98cb28ec073b,eip155:196,settled,v2-header,0x236c7af21700387dbe7f381adad99fd3c6c0aceb66b64130fe8bd9fa33517c32
2026-07-25T17:55:15Z,perp-gate,0.010000,0x65bb932d9987f1d1a98b8942a3fa98cb28ec073b,eip155:196,settled,v2-header,0xf10e9c8ed443b140cda2b834af1b015d4a42d5a5f1f22d1e22f338b06b5b8289
2026-07-25T17:55:18Z,perp-gate,0.010000,0x65bb932d9987f1d1a98b8942a3fa98cb28ec073b,eip155:196,settled,v2-header,0xfedc6cd20640d2aef0e7377ee72ed2137ac66bc21e30fbc24aa625eac475d32b
2026-07-25T17:55:20Z,perp-gate,0.010000,0x65bb932d9987f1d1a98b8942a3fa98cb28ec073b,eip155:196,settled,v2-header,0x690619ff5c2e07671986fa2e03e2c38cbf554aa8ead375a43d279a61e4867abf
2026-07-25T18:06:25Z,updown-pulse,0.010000,0x65bb932d9987f1d1a98b8942a3fa98cb28ec073b,eip155:196,settled,v2-header,0x4d28f6fb315c57a4fd13da2e071cbcd141631533c8222e66c60977f20d9f1d5b
2026-07-25T18:06:28Z,updown-pulse,0.010000,0x65bb932d9987f1d1a98b8942a3fa98cb28ec073b,eip155:196,settled,v2-header,0x44676269c4f909716600acdc8c453da9f54f313b5b417f96187c62632d2401aa
2026-07-25T18:06:30Z,loop-digest,0.010000,0x65bb932d9987f1d1a98b8942a3fa98cb28ec073b,eip155:196,not_charged,v2-header,
2026-07-25T18:06:35Z,perp-gate,0.010000,0x65bb932d9987f1d1a98b8942a3fa98cb28ec073b,eip155:196,settled,v2-header,0x26eb598b529d69b4ec237872685ac7602a54da61a76778f790945ec6ca849511
2026-07-25T18:06:37Z,perp-gate,0.010000,0x65bb932d9987f1d1a98b8942a3fa98cb28ec073b,eip155:196,settled,v2-header,0x48c4d99a19235f5e47ab17a4b5c670127387815fd0cd9a5d5331060547f19ec7
2026-07-25T18:06:40Z,perp-gate,0.010000,0x65bb932d9987f1d1a98b8942a3fa98cb28ec073b,eip155:196,settled,v2-header,0x873c712b51274d52ff35cd6c4b04ef665cdee39e6d0939a2185d94884bfd3fbe
2026-07-25T18:10:25Z,perp-gate,0.010000,0x65bb932d9987f1d1a98b8942a3fa98cb28ec073b,eip155:196,settled,v2-header,0x5046f64e2d8e63f12c6168ebfd03b0338cdd246baf63b2b4033f2d09aecf1265
2026-07-25T18:10:28Z,perp-gate,0.010000,0x65bb932d9987f1d1a98b8942a3fa98cb28ec073b,eip155:196,settled,v2-header,0xf35a4ab2d64312f02a432339aa1e08643afa3e508615483b7db367ae49bed6e0
2026-07-25T18:10:30Z,perp-gate,0.010000,0x65bb932d9987f1d1a98b8942a3fa98cb28ec073b,eip155:196,settled,v2-header,0xb1c05645b0e342a97b147e93f11a8f03894896474a763992b576583375582fa5
2026-07-25T18:21:47Z,perp-gate,0.010000,0x65bb932d9987f1d1a98b8942a3fa98cb28ec073b,eip155:196,settled,v2-header,0xc2652a0c8d4339c5fb8faad65bdf3d1bf4d60cf10bd335b05874639045bf86ea
2026-07-25T18:21:50Z,perp-gate,0.010000,0x65bb932d9987f1d1a98b8942a3fa98cb28ec073b,eip155:196,settled,v2-header,0x3696586c24a61cc1255bb6fa7830fb5a2d73b2909c31510eeafd10b179e4e347
2026-07-25T18:21:52Z,perp-gate,0.010000,0x65bb932d9987f1d1a98b8942a3fa98cb28ec073b,eip155:196,settled,v2-header,0x3e959403fe70d9568a90857b7b5d32b420114078720f482c029e8b5fe52ccee7
2026-07-25T18:25:35Z,perp-gate,0.010000,0x65bb932d9987f1d1a98b8942a3fa98cb28ec073b,eip155:196,settled,v2-header,0x81ae4b7743e09120631c33d4e43417349cb07186812288ea5978c4d7a7d777d2
2026-07-25T18:25:38Z,perp-gate,0.010000,0x65bb932d9987f1d1a98b8942a3fa98cb28ec073b,eip155:196,settled,v2-header,0x190823d8475493c78f71efd32b4eae0ae34ddb5a3c7f7445281047b5d8ff529d
2026-07-25T18:25:40Z,perp-gate,0.010000,0x65bb932d9987f1d1a98b8942a3fa98cb28ec073b,eip155:196,settled,v2-header,0x78143141350634bf117cc75cdb39995e0bd3d1a7f804679e23e8ca554693e03f
2026-07-25T18:25:45Z,exec-verify,0.010000,0x65bb932d9987f1d1a98b8942a3fa98cb28ec073b,eip155:196,settled,v2-header,0x62f5dd5f7cc46df4414b863bfcb10e6bc04c5d5b12d8e9988b312d49bfb1baf2
2026-07-25T18:36:56Z,macro-sentry,0.005000,0x65bb932d9987f1d1a98b8942a3fa98cb28ec073b,eip155:196,settled,v2-header,0x9f2c57d0a3c3fdbe135ac8502973be93f85cc4229ca16ddde0a33e401ba3c761
2026-07-25T18:36:59Z,updown-pulse,0.010000,0x65bb932d9987f1d1a98b8942a3fa98cb28ec073b,eip155:196,settled,v2-header,0xef18406f29c12119c2df394c95fafc8700fd1ecdb5a37b3c9629a376fec3ef76
2026-07-25T18:37:02Z,updown-pulse,0.010000,0x65bb932d9987f1d1a98b8942a3fa98cb28ec073b,eip155:196,settled,v2-header,0x5a61983be340682ea2747167e633ccdc162746c105107d30b2f24e9266ab89af
2026-07-25T18:37:04Z,loop-digest,0.010000,0x65bb932d9987f1d1a98b8942a3fa98cb28ec073b,eip155:196,not_charged,v2-header,
2026-07-25T18:37:08Z,perp-gate,0.010000,0x65bb932d9987f1d1a98b8942a3fa98cb28ec073b,eip155:196,settled,v2-header,0xce389fc74d60ad53af6ca097ae90628eba69854de78333d6661b1c4a62498a7e
2026-07-25T18:37:10Z,perp-gate,0.010000,0x65bb932d9987f1d1a98b8942a3fa98cb28ec073b,eip155:196,settled,v2-header,0x796b3bbba40f0b6fdc52c9149cf6812b3d20ce64b6e0d1cd734f8d9e96b61985
2026-07-25T18:37:13Z,perp-gate,0.010000,0x65bb932d9987f1d1a98b8942a3fa98cb28ec073b,eip155:196,settled,v2-header,0xb1dde7e3f406600d3bf78ac0ea3dec9083420d6264fe0e3c25a47b5a67eefbd3
2026-07-25T18:37:15Z,portfolio-gate,0.050000,0x65bb932d9987f1d1a98b8942a3fa98cb28ec073b,eip155:196,settled,v2-header,0x291b86b4ac59fd32db8b4c2e6e9672def415ea3138fbd604151e7936c867cf72
2026-07-25T18:40:49Z,perp-gate,0.010000,0x65bb932d9987f1d1a98b8942a3fa98cb28ec073b,eip155:196,settled,v2-header,0x2e72e8c84470500d610725a389b00845fcf4f2a38fcb86f20eae552421f16966
2026-07-25T18:40:51Z,perp-gate,0.010000,0x65bb932d9987f1d1a98b8942a3fa98cb28ec073b,eip155:196,settled,v2-header,0x08c239fc8985c57e14b58d11a31423854fec0d4ff52c61e622d2a4c5c79a67e9
2026-07-25T18:40:54Z,perp-gate,0.010000,0x65bb932d9987f1d1a98b8942a3fa98cb28ec073b,eip155:196,settled,v2-header,0x0c1928b43e947c6b900f257e4b12ee5a56b0c1c84f912af5665323b0a610b840
2026-07-25T18:52:21Z,perp-gate,0.010000,0x65bb932d9987f1d1a98b8942a3fa98cb28ec073b,eip155:196,settled,v2-header,0xaf42f3d5f3bb7a9e6ae5a6a6ced8f35e2acd87955d9c63d39f5f25d7ae4a8efc
2026-07-25T18:52:23Z,perp-gate,0.010000,0x65bb932d9987f1d1a98b8942a3fa98cb28ec073b,eip155:196,settled,v2-header,0x35b0ae2f25f255847bf19b08e27574951168aa7483486587a150c2b8c741e64e
2026-07-25T18:52:26Z,perp-gate,0.010000,0x65bb932d9987f1d1a98b8942a3fa98cb28ec073b,eip155:196,settled,v2-header,0xf5047dc2d576ad95df23c2f49bff7f8f63e602b13b09faaa6b23b7faa00e7e79
2026-07-25T18:55:59Z,perp-gate,0.010000,0x65bb932d9987f1d1a98b8942a3fa98cb28ec073b,eip155:196,settled,v2-header,0xba946f6534f502476b16a37585fa874f611c81c60acd64e6f12ca1f3f883f5c9
2026-07-25T18:56:01Z,perp-gate,0.010000,0x65bb932d9987f1d1a98b8942a3fa98cb28ec073b,eip155:196,settled,v2-header,0xe63db77608af7c978985b0fd17c146b7bb2a40f0a3cb2711780fcfd188ba57d4
2026-07-25T18:56:04Z,perp-gate,0.010000,0x65bb932d9987f1d1a98b8942a3fa98cb28ec073b,eip155:196,settled,v2-header,0x71ba5ef7f681956ac3c50a8f7654dd81a540011a4c29354cba01b592ae90717b
2026-07-25T19:07:31Z,updown-pulse,0.010000,0x65bb932d9987f1d1a98b8942a3fa98cb28ec073b,eip155:196,settled,v2-header,0x2a1dcbb0bb921796baffa0a837fb33f97eb44938243694c32e339a63a8cb16ea
2026-07-25T19:07:34Z,updown-pulse,0.010000,0x65bb932d9987f1d1a98b8942a3fa98cb28ec073b,eip155:196,settled,v2-header,0x9f1178f3567aeba4b05314ebfd9ad572ef914ba126297fc891efbb95e9fc68f5
2026-07-25T19:07:35Z,loop-digest,0.010000,0x65bb932d9987f1d1a98b8942a3fa98cb28ec073b,eip155:196,not_charged,v2-header,
2026-07-25T19:07:38Z,perp-gate,0.010000,0x65bb932d9987f1d1a98b8942a3fa98cb28ec073b,eip155:196,settled,v2-header,0x8fa72c635edef68063d0c9ba81bba6f4fe42420cbb9f42882f8c82658ecc4686
2026-07-25T19:07:41Z,perp-gate,0.010000,0x65bb932d9987f1d1a98b8942a3fa98cb28ec073b,eip155:196,settled,v2-header,0x61004cad063fd7c937e04ffed076d7ba5d5aaa23fa71c4bca7ffe0aaf3a8c94d
2026-07-25T19:07:43Z,perp-gate,0.010000,0x65bb932d9987f1d1a98b8942a3fa98cb28ec073b,eip155:196,settled,v2-header,0x389c1fc13567b88f0bc387f127bd31761580f6090393ac2ae20382d31e98f330
2026-07-25T19:11:09Z,perp-gate,0.010000,0x65bb932d9987f1d1a98b8942a3fa98cb28ec073b,eip155:196,settled,v2-header,0xd22aa7cd3e97ff5243647c8e678435b262122f0c2ff2522ea32819414119f817
2026-07-25T19:11:11Z,perp-gate,0.010000,0x65bb932d9987f1d1a98b8942a3fa98cb28ec073b,eip155:196,settled,v2-header,0xf384eb1608d65acf89a27eed05cae0992b1da3d9726107402c2336b3379010fd
2026-07-25T19:11:14Z,perp-gate,0.010000,0x65bb932d9987f1d1a98b8942a3fa98cb28ec073b,eip155:196,settled,v2-header,0xb73d8eed7181b31c871da5639a3ff852c4dce308199d77f41e1213bbf77eac0f
2026-07-25T19:22:49Z,perp-gate,0.010000,0x65bb932d9987f1d1a98b8942a3fa98cb28ec073b,eip155:196,settled,v2-header,0xea3c42cb31b9a0bbc4489e4bcfb3dabcfafe1bcb50c2e10e9fd0c8d4f76cad61
2026-07-25T19:22:51Z,perp-gate,0.010000,0x65bb932d9987f1d1a98b8942a3fa98cb28ec073b,eip155:196,settled,v2-header,0x9731b0b036a2c54bfd2825d7429437d29bfae3e3c9e89c3194d880433ea47fb0
2026-07-25T19:22:54Z,perp-gate,0.010000,0x65bb932d9987f1d1a98b8942a3fa98cb28ec073b,eip155:196,settled,v2-header,0x61d50d137c75126edc7b26d3f1b2af11c70159caceb624f8132923f6487683a7
2026-07-25T19:26:19Z,perp-gate,0.010000,0x65bb932d9987f1d1a98b8942a3fa98cb28ec073b,eip155:196,settled,v2-header,0x2577e245108c4a5a3c09f1967222c245e445c8f51eb050ad2bd033432a11e1cf
2026-07-25T19:26:21Z,perp-gate,0.010000,0x65bb932d9987f1d1a98b8942a3fa98cb28ec073b,eip155:196,settled,v2-header,0x759231f3531aa41f432cc656a44e9090c5afde8a7514448f7460f4f955a4734d
2026-07-25T19:26:24Z,perp-gate,0.010000,0x65bb932d9987f1d1a98b8942a3fa98cb28ec073b,eip155:196,settled,v2-header,0x016ab64090a5d24c0a495756c484d823a24eb6530812dca2b45599445ad24a20
2026-07-25T19:37:58Z,macro-sentry,0.005000,0x65bb932d9987f1d1a98b8942a3fa98cb28ec073b,eip155:196,settled,v2-header,0x780fece82ce1b09cb37b160e9eabfa248e20039882fbdf348c8796606e0a1521
2026-07-25T19:38:01Z,options-desk,0.010000,0x65bb932d9987f1d1a98b8942a3fa98cb28ec073b,eip155:196,settled,v2-header,0x49ec1c859cf7077e1fc2474a349aeea1127d87356208db8377c6d82797d30724
2026-07-25T19:38:04Z,updown-pulse,0.010000,0x65bb932d9987f1d1a98b8942a3fa98cb28ec073b,eip155:196,settled,v2-header,0x758ad7d8e937af33567105de6abd14adefedad46ef6fb312458898f948167d61
2026-07-25T19:38:07Z,updown-pulse,0.010000,0x65bb932d9987f1d1a98b8942a3fa98cb28ec073b,eip155:196,settled,v2-header,0x28bf5ab16e255786c6ebe7ac068d654051036d60d4b81423e0772c32fb7948f4
2026-07-25T19:38:09Z,loop-digest,0.010000,0x65bb932d9987f1d1a98b8942a3fa98cb28ec073b,eip155:196,not_charged,v2-header,
2026-07-25T19:38:12Z,perp-gate,0.010000,0x65bb932d9987f1d1a98b8942a3fa98cb28ec073b,eip155:196,settled,v2-header,0xa15a53a7230215f8ef85cf73e3003ea83e30d8138101afb0641c0be6da2debba
2026-07-25T19:38:14Z,perp-gate,0.010000,0x65bb932d9987f1d1a98b8942a3fa98cb28ec073b,eip155:196,settled,v2-header,0x20dcb771eda16fcae06211b183b11b23cc703e9310a4ddeda9454f7945ea9af6
2026-07-25T19:38:17Z,perp-gate,0.010000,0x65bb932d9987f1d1a98b8942a3fa98cb28ec073b,eip155:196,settled,v2-header,0x91772ab73ba74266fb19830bf4ffe67be84cf8c2d6029542bb8dd18711e35368
2026-07-25T19:38:19Z,portfolio-gate,0.050000,0x65bb932d9987f1d1a98b8942a3fa98cb28ec073b,eip155:196,settled,v2-header,0xac7ed27d4e2b8997383783b3c08aebd556653f950ed7692234c363ca01695725
2026-07-25T19:41:29Z,perp-gate,0.010000,0x65bb932d9987f1d1a98b8942a3fa98cb28ec073b,eip155:196,settled,v2-header,0xc5f87a1b85a48c998ef71057d9f9b1809aff80aa3a1f761df8d0e86b271373a3
2026-07-25T19:41:31Z,perp-gate,0.010000,0x65bb932d9987f1d1a98b8942a3fa98cb28ec073b,eip155:196,settled,v2-header,0x53b64d1bfa651a3842d71c4d0ff80f38c6adc9dbc63f34a87bd7aeae735140b7
2026-07-25T19:41:33Z,perp-gate,0.010000,0x65bb932d9987f1d1a98b8942a3fa98cb28ec073b,eip155:196,settled,v2-header,0x8251ad8cabac7846941826c34585db00ea0d732058bd4bb53571577a8dc077e1
2026-07-25T19:53:25Z,perp-gate,0.010000,0x65bb932d9987f1d1a98b8942a3fa98cb28ec073b,eip155:196,settled,v2-header,0x41942908432393c04fef19632fa2eec06d3d3b30a1e4115951a90dbeed0b3c81
2026-07-25T19:53:27Z,perp-gate,0.010000,0x65bb932d9987f1d1a98b8942a3fa98cb28ec073b,eip155:196,settled,v2-header,0x2384dcad0aba298e49b606583d16d71f2ef2f12d425cd17901f63a3333619926
2026-07-25T19:53:30Z,perp-gate,0.010000,0x65bb932d9987f1d1a98b8942a3fa98cb28ec073b,eip155:196,settled,v2-header,0x4c182dbc4cc2a8ee8355da1daf8d5bc50e23895a59c2e1b31537ef8b15ea3e14
2026-07-25T19:56:39Z,perp-gate,0.010000,0x65bb932d9987f1d1a98b8942a3fa98cb28ec073b,eip155:196,settled,v2-header,0x8965a2df8f09b9505670e181a2e96216d1822b1b4b387a421bf0f0f407569832
2026-07-25T19:56:41Z,perp-gate,0.010000,0x65bb932d9987f1d1a98b8942a3fa98cb28ec073b,eip155:196,settled,v2-header,0x39e17cfa0db9f5c6ae178d6fa2637b077c9eddf6fb5010fe4afec0c8da7c2aa5
2026-07-25T19:56:44Z,perp-gate,0.010000,0x65bb932d9987f1d1a98b8942a3fa98cb28ec073b,eip155:196,settled,v2-header,0x9c3cbf35a9bb89888cc1e9cfa94eddbdf650fc8f73ceec2df210b26c2aac4a6a
2026-07-25T20:08:35Z,updown-pulse,0.010000,0x65bb932d9987f1d1a98b8942a3fa98cb28ec073b,eip155:196,settled,v2-header,0x1d0f8380cf986f6d873ed0e44b0defdceab14cf4ac10b7ec37111b9c542d43fd
2026-07-25T20:08:38Z,updown-pulse,0.010000,0x65bb932d9987f1d1a98b8942a3fa98cb28ec073b,eip155:196,settled,v2-header,0xe873b349179cba38de9ef0d913ac2c70ea6413c6cb2466ca3c7cdccac1a8ef64
2026-07-25T20:08:40Z,loop-digest,0.010000,0x65bb932d9987f1d1a98b8942a3fa98cb28ec073b,eip155:196,not_charged,v2-header,
2026-07-25T20:08:43Z,perp-gate,0.010000,0x65bb932d9987f1d1a98b8942a3fa98cb28ec073b,eip155:196,settled,v2-header,0xdf188ee2438c4944f77def0ed92cb63bd5d6233f9bb1bb984c913fde8802098e
2026-07-25T20:08:45Z,perp-gate,0.010000,0x65bb932d9987f1d1a98b8942a3fa98cb28ec073b,eip155:196,settled,v2-header,0x4bbd029ed494c40c9dd82a69c37b84b8afb760062f5d6afe74251a08de48f287
2026-07-25T20:08:48Z,perp-gate,0.010000,0x65bb932d9987f1d1a98b8942a3fa98cb28ec073b,eip155:196,settled,v2-header,0xf8f58742da0b123fb8cfc8e6290ba8a6db22cd8b3c50a77b4fbe0788f76e9c92
2026-07-25T20:11:49Z,perp-gate,0.010000,0x65bb932d9987f1d1a98b8942a3fa98cb28ec073b,eip155:196,settled,v2-header,0x60becd43e3a768bb54be3308812a7c9a5667d2c2168f031d284d1d925837125a
2026-07-25T20:11:52Z,perp-gate,0.010000,0x65bb932d9987f1d1a98b8942a3fa98cb28ec073b,eip155:196,settled,v2-header,0xbb06ac047b3383892f08a18a8e782c3ca8fdf07acb16701a5f14c6cb2ca3e11a
2026-07-25T20:11:54Z,perp-gate,0.010000,0x65bb932d9987f1d1a98b8942a3fa98cb28ec073b,eip155:196,settled,v2-header,0x4c78dede488c58cd6704c897d745aa3c0e364f9d7660a46983f481da0853a159
2026-07-25T20:23:53Z,perp-gate,0.010000,0x65bb932d9987f1d1a98b8942a3fa98cb28ec073b,eip155:196,settled,v2-header,0xe9c989f1b7a21ca48f6d4520499a2f428d2b9d033f4d42606e736b0b1e673657
2026-07-25T20:23:55Z,perp-gate,0.010000,0x65bb932d9987f1d1a98b8942a3fa98cb28ec073b,eip155:196,settled,v2-header,0xc24c785b074548c11c54ec88387af26cd29c9096202de48a6b7c4443f498a6dd
2026-07-25T20:23:58Z,perp-gate,0.010000,0x65bb932d9987f1d1a98b8942a3fa98cb28ec073b,eip155:196,settled,v2-header,0xce93108f530799e07f51e75f1a61cd5ccd9dcfc077df3618328771739fe35406
2026-07-25T20:26:59Z,perp-gate,0.010000,0x65bb932d9987f1d1a98b8942a3fa98cb28ec073b,eip155:196,settled,v2-header,0x2036c500fb216f42a455f08c50586119b60a7a49bba8f28c1496c5ebcc6bf33b
2026-07-25T20:27:01Z,perp-gate,0.010000,0x65bb932d9987f1d1a98b8942a3fa98cb28ec073b,eip155:196,settled,v2-header,0x7a59e0af867888fd80f8ba953dc2ca8a0c1af9151e8d51824248450871969eb3
2026-07-25T20:27:04Z,perp-gate,0.010000,0x65bb932d9987f1d1a98b8942a3fa98cb28ec073b,eip155:196,settled,v2-header,0x81ba15baf87b9ce5a1bb2273379d61e932b73af369ae06ec006e28e3c0de6f69
2026-07-25T20:39:03Z,macro-sentry,0.005000,0x65bb932d9987f1d1a98b8942a3fa98cb28ec073b,eip155:196,settled,v2-header,0x4afb4eac510942f469e570f555320744c9bd68d6e1aafefecb823ab8bbdd4296
2026-07-25T20:39:06Z,updown-pulse,0.010000,0x65bb932d9987f1d1a98b8942a3fa98cb28ec073b,eip155:196,settled,v2-header,0x0242feee796eebe8ffb6939376759d230ae56abed062cc86dc2efe4bbae3c11b
2026-07-25T20:39:08Z,updown-pulse,0.010000,0x65bb932d9987f1d1a98b8942a3fa98cb28ec073b,eip155:196,settled,v2-header,0x1f5c90edf71201fa6c4da0a014002860f43c70b9a7a38870ec6e0d8243147606
2026-07-25T20:39:11Z,loop-digest,0.010000,0x65bb932d9987f1d1a98b8942a3fa98cb28ec073b,eip155:196,not_charged,v2-header,
2026-07-25T20:39:14Z,perp-gate,0.010000,0x65bb932d9987f1d1a98b8942a3fa98cb28ec073b,eip155:196,settled,v2-header,0xbc0242eceeb40bba2d20ddf8c17c58682266e476c712ce525a82ad86ef8b37fd
2026-07-25T20:39:17Z,perp-gate,0.010000,0x65bb932d9987f1d1a98b8942a3fa98cb28ec073b,eip155:196,settled,v2-header,0xfcc11702b51409df23cd445f3181eda0925c366d823f44c2cb82898f7be8e0b0
2026-07-25T20:39:19Z,perp-gate,0.010000,0x65bb932d9987f1d1a98b8942a3fa98cb28ec073b,eip155:196,settled,v2-header,0xce61efb4ce0a3c4b273eaabc7e121980fd0dd7a8ab9f58d1ae0d3c81d2226f98
2026-07-25T20:39:22Z,portfolio-gate,0.050000,0x65bb932d9987f1d1a98b8942a3fa98cb28ec073b,eip155:196,settled,v2-header,0xc88e867746feed529c87f20f7ff81b6ca6a2716ba44e63bcea6b2f8a11ae35cc
2026-07-25T20:42:09Z,perp-gate,0.010000,0x65bb932d9987f1d1a98b8942a3fa98cb28ec073b,eip155:196,settled,v2-header,0x74e2f6fc7cb0c586e74523c4041ca7cea697745b245255110efbe501ee3d14a0
2026-07-25T20:42:11Z,perp-gate,0.010000,0x65bb932d9987f1d1a98b8942a3fa98cb28ec073b,eip155:196,settled,v2-header,0x13112bb816a02fd5174d0fdef7d7118fc5abe3f4b5b98a95ec8e815cd88adbab
2026-07-25T20:42:14Z,perp-gate,0.010000,0x65bb932d9987f1d1a98b8942a3fa98cb28ec073b,eip155:196,settled,v2-header,0xa3371c95e89fad0018553782ecd05a9de1b4a15c26048ac30474bdee33e64112
2026-07-25T20:54:27Z,perp-gate,0.010000,0x65bb932d9987f1d1a98b8942a3fa98cb28ec073b,eip155:196,settled,v2-header,0xc00aa7dce59911c569c1a05441249a37184ea79ff8af43fd84525b39a09415bf
2026-07-25T20:54:30Z,perp-gate,0.010000,0x65bb932d9987f1d1a98b8942a3fa98cb28ec073b,eip155:196,settled,v2-header,0xc15caaab3b3e5b0e42d930d11392b98f633f933124dd3e199c0ba09b0437ff25
2026-07-25T20:54:32Z,perp-gate,0.010000,0x65bb932d9987f1d1a98b8942a3fa98cb28ec073b,eip155:196,settled,v2-header,0x84274f0bccef4aab0a8b2713c0d151710ea45e69e969fbad419037f6c4b66ad9
2026-07-25T20:57:19Z,perp-gate,0.010000,0x65bb932d9987f1d1a98b8942a3fa98cb28ec073b,eip155:196,settled,v2-header,0xd67eafef87d720ca218db1a98377635d4c08be06f20d23c0f6d3d6abf8165cd8
2026-07-25T20:57:22Z,perp-gate,0.010000,0x65bb932d9987f1d1a98b8942a3fa98cb28ec073b,eip155:196,settled,v2-header,0x553972f0f21701f7f2f9ed4dd5113a75b4ceda703fc92433ee1ab0e22ef65648
2026-07-25T20:57:24Z,perp-gate,0.010000,0x65bb932d9987f1d1a98b8942a3fa98cb28ec073b,eip155:196,settled,v2-header,0xc9ac18f07a2c4712bd71751383e267a86b3c28c67467dbd56b304466c1515657
2026-07-25T21:09:37Z,updown-pulse,0.010000,0x65bb932d9987f1d1a98b8942a3fa98cb28ec073b,eip155:196,settled,v2-header,0x4cd9b8a56e53871f216b47f1b5fb792797c3ec119d3d5e5ab64b5828bb057390
2026-07-25T21:09:40Z,updown-pulse,0.010000,0x65bb932d9987f1d1a98b8942a3fa98cb28ec073b,eip155:196,settled,v2-header,0xbfbfbee060c5db9a06167f35399cbdb10836b8dcdd61ae06f84fe82f3b63dcbd
2026-07-25T21:09:42Z,loop-digest,0.010000,0x65bb932d9987f1d1a98b8942a3fa98cb28ec073b,eip155:196,not_charged,v2-header,
2026-07-25T21:09:45Z,perp-gate,0.010000,0x65bb932d9987f1d1a98b8942a3fa98cb28ec073b,eip155:196,settled,v2-header,0xee665159245f141d7d9c440d3735d067c6e766804f4cae384f4b35348b81f515
2026-07-25T21:09:47Z,perp-gate,0.010000,0x65bb932d9987f1d1a98b8942a3fa98cb28ec073b,eip155:196,settled,v2-header,0x355a00aad5b12554b51d5a4258c24a21b0a67ea6c4b65b73ff91b665f180588e
2026-07-25T21:09:50Z,perp-gate,0.010000,0x65bb932d9987f1d1a98b8942a3fa98cb28ec073b,eip155:196,settled,v2-header,0x73206d9d9a205ba8a1155562df02589f6cfb8a9cd1a70023e1cf88f5d90e88b7
2026-07-25T21:12:29Z,perp-gate,0.010000,0x65bb932d9987f1d1a98b8942a3fa98cb28ec073b,eip155:196,settled,v2-header,0x134977e132a91d24ba1a27f252e8fe4e3af0dfb926bfcf80f8310a9d55ce16fa
2026-07-25T21:12:31Z,perp-gate,0.010000,0x65bb932d9987f1d1a98b8942a3fa98cb28ec073b,eip155:196,settled,v2-header,0x6363451b0a6707e30e08a00c294853e0075f5309c4cacfba20378e8a3b2ae52c
2026-07-25T21:12:34Z,perp-gate,0.010000,0x65bb932d9987f1d1a98b8942a3fa98cb28ec073b,eip155:196,settled,v2-header,0xc3d494c2df3afdbd87f2475d195f01d5655289ba9b2680ebf333b0b78f5b3590
2026-07-25T21:24:55Z,perp-gate,0.010000,0x65bb932d9987f1d1a98b8942a3fa98cb28ec073b,eip155:196,settled,v2-header,0x1323d16f3371b568743211813f7cf99c4a60be914a713c604030a1b25f9a4e0c
2026-07-25T21:24:57Z,perp-gate,0.010000,0x65bb932d9987f1d1a98b8942a3fa98cb28ec073b,eip155:196,settled,v2-header,0x3f1dd991de897bef71120db438a41790eff89db9ed51fdd1e87667a2e7c49436
2026-07-25T21:25:00Z,perp-gate,0.010000,0x65bb932d9987f1d1a98b8942a3fa98cb28ec073b,eip155:196,settled,v2-header,0x21ad25c2d0889d0171417430d0b49803672ed0a298b81dd647bee38a0973bbc9
2026-07-25T21:27:39Z,perp-gate,0.010000,0x65bb932d9987f1d1a98b8942a3fa98cb28ec073b,eip155:196,settled,v2-header,0xa876542c07fddc0a90d03ec780bcecabf3bdc61c009742b793a0f7cdf7efc56c
2026-07-25T21:27:41Z,perp-gate,0.010000,0x65bb932d9987f1d1a98b8942a3fa98cb28ec073b,eip155:196,settled,v2-header,0x1d5ed019495a231f37be7bcd64a0a40b9df282a8711716185c60944f7bca1ccb
2026-07-25T21:27:43Z,perp-gate,0.010000,0x65bb932d9987f1d1a98b8942a3fa98cb28ec073b,eip155:196,settled,v2-header,0xc76c030277ef8a6330ccda934d524e329bb7eeb472204cfe9c619cc6c7f66927
2026-07-25T21:40:05Z,macro-sentry,0.005000,0x65bb932d9987f1d1a98b8942a3fa98cb28ec073b,eip155:196,settled,v2-header,0x8fa863c9bb84cd4489d83a6b4f42f3bdde7e5a78646b6a718b800296cd28d18d
2026-07-25T21:40:08Z,options-desk,0.010000,0x65bb932d9987f1d1a98b8942a3fa98cb28ec073b,eip155:196,settled,v2-header,0x38fa4891b8639033c36943de74b646f74eb71e1ce3ab0b535c235e74da633ba2
2026-07-25T21:40:11Z,updown-pulse,0.010000,0x65bb932d9987f1d1a98b8942a3fa98cb28ec073b,eip155:196,settled,v2-header,0x24e9ce03fccbedd00cd6476c041f43f451107b499458a8a4ae152c62862c1480
2026-07-25T21:40:14Z,updown-pulse,0.010000,0x65bb932d9987f1d1a98b8942a3fa98cb28ec073b,eip155:196,settled,v2-header,0xf52b6e7967860a6fd1a5088b1e05353a896979a89084ff0c425ce06575bd2c28
2026-07-25T21:40:15Z,loop-digest,0.010000,0x65bb932d9987f1d1a98b8942a3fa98cb28ec073b,eip155:196,not_charged,v2-header,
2026-07-25T21:40:19Z,perp-gate,0.010000,0x65bb932d9987f1d1a98b8942a3fa98cb28ec073b,eip155:196,settled,v2-header,0x8fe762e6acffbf23774a793c8537641cf30a837a23f501c7cefb93fc8afffc75
2026-07-25T21:40:21Z,perp-gate,0.010000,0x65bb932d9987f1d1a98b8942a3fa98cb28ec073b,eip155:196,settled,v2-header,0xc08db0872d96766e19a1b3f41642fbd64030e4040d1a1969bb1df0d5c87fc581
2026-07-25T21:40:24Z,perp-gate,0.010000,0x65bb932d9987f1d1a98b8942a3fa98cb28ec073b,eip155:196,settled,v2-header,0x04d3b61389dd8c47c98ae5de882493d6b6e54778bc45b3d85d6828bfd3816142
2026-07-25T21:40:26Z,portfolio-gate,0.050000,0x65bb932d9987f1d1a98b8942a3fa98cb28ec073b,eip155:196,settled,v2-header,0x2bebb0688d82e794fc9865b2e942223f1628598fd070c90dba3b47d182d84fc6
2026-07-25T21:42:50Z,perp-gate,0.010000,0x65bb932d9987f1d1a98b8942a3fa98cb28ec073b,eip155:196,settled,v2-header,0x114fe55bf9bbca07f0dbc6401a537f6f18212697856864aa1b7d4442d93d7c18
2026-07-25T21:42:52Z,perp-gate,0.010000,0x65bb932d9987f1d1a98b8942a3fa98cb28ec073b,eip155:196,settled,v2-header,0x08098e3cfcd7fb14beeb7915a7ce02b33035dbd9f5bb65bd41677c462207411d
2026-07-25T21:42:54Z,perp-gate,0.010000,0x65bb932d9987f1d1a98b8942a3fa98cb28ec073b,eip155:196,settled,v2-header,0xafe7a8fab2c792c07954071bb06e2cc1265f03df22a6d083aee470b77316cda4
2026-07-25T21:55:31Z,perp-gate,0.010000,0x65bb932d9987f1d1a98b8942a3fa98cb28ec073b,eip155:196,settled,v2-header,0x4a6bfd1f8380c71f253ed0be4fb159b021a4e0829d23d4c3dd525f925e1d5089
2026-07-25T21:55:34Z,perp-gate,0.010000,0x65bb932d9987f1d1a98b8942a3fa98cb28ec073b,eip155:196,settled,v2-header,0xe6df99b92de5777a324cf4a0c1fbe57347e38c772a67c0fa63561993cd45eb20
2026-07-25T21:55:36Z,perp-gate,0.010000,0x65bb932d9987f1d1a98b8942a3fa98cb28ec073b,eip155:196,settled,v2-header,0x11725a94215837e89be712b5928f7c8f7678d7b75cdf774b97436775fbddb010
2026-07-25T21:57:59Z,perp-gate,0.010000,0x65bb932d9987f1d1a98b8942a3fa98cb28ec073b,eip155:196,settled,v2-header,0x56a94366b119a4aca05698b14a7d70a8511b11c81b4f5d3a3e57a3745886c85a
2026-07-25T21:58:02Z,perp-gate,0.010000,0x65bb932d9987f1d1a98b8942a3fa98cb28ec073b,eip155:196,settled,v2-header,0x3d7ff7dcedcceb1c6669e0bc865daa1c1e2cbe6dba149c752f01ee04ab20d184
2026-07-25T21:58:04Z,perp-gate,0.010000,0x65bb932d9987f1d1a98b8942a3fa98cb28ec073b,eip155:196,settled,v2-header,0x74232843b47bd1810aebc5e2105147d90c56b1c2ded75afef97e6ae0b752cd8c
2026-07-25T22:10:41Z,updown-pulse,0.010000,0x65bb932d9987f1d1a98b8942a3fa98cb28ec073b,eip155:196,settled,v2-header,0x5b859b92c2fae60496d974b50643a1a4ba637a3bbc6f0b443f2f76207f31aca1
2026-07-25T22:10:44Z,updown-pulse,0.010000,0x65bb932d9987f1d1a98b8942a3fa98cb28ec073b,eip155:196,settled,v2-header,0xb21289b95f3247f66a543c63f70e2d3e31756f7c4449790fb2e29aa908281738
2026-07-25T22:10:46Z,loop-digest,0.010000,0x65bb932d9987f1d1a98b8942a3fa98cb28ec073b,eip155:196,not_charged,v2-header,
2026-07-25T22:10:49Z,perp-gate,0.010000,0x65bb932d9987f1d1a98b8942a3fa98cb28ec073b,eip155:196,settled,v2-header,0x084ccb0820c021efbfca5e203af3926f270a5ae10aa58d385ea4060497c9726c
2026-07-25T22:10:52Z,perp-gate,0.010000,0x65bb932d9987f1d1a98b8942a3fa98cb28ec073b,eip155:196,settled,v2-header,0x403a6ffa819cf036f4a7c30ffe3264ece927094832904a7eea8442d601073103
2026-07-25T22:10:54Z,perp-gate,0.010000,0x65bb932d9987f1d1a98b8942a3fa98cb28ec073b,eip155:196,settled,v2-header,0x0520e29b52321c026e7535ddaba0aadc5c3e76e58a7cb61cf2180e38208fd610
2026-07-25T22:13:09Z,perp-gate,0.010000,0x65bb932d9987f1d1a98b8942a3fa98cb28ec073b,eip155:196,settled,v2-header,0x50f6fda0d70dcda55341ad17b7d0f3138add2654cbd0225f4110948f229224d3
2026-07-25T22:13:12Z,perp-gate,0.010000,0x65bb932d9987f1d1a98b8942a3fa98cb28ec073b,eip155:196,settled,v2-header,0xc0e48e99ffd5191e23f795bcf693d734d69beb390f97be9dc945ec20eebca25e
2026-07-25T22:13:14Z,perp-gate,0.010000,0x65bb932d9987f1d1a98b8942a3fa98cb28ec073b,eip155:196,settled,v2-header,0xbf4c2eb08d877f1e89b3c0fdbba1964b8849e2878186aa8f002dcb65ef8b8b45
2026-07-25T22:26:00Z,perp-gate,0.010000,0x65bb932d9987f1d1a98b8942a3fa98cb28ec073b,eip155:196,settled,v2-header,0x519171e5deedddc7b13611968609cb3cadd56f52fa6fd70269cf6525d153ee06
2026-07-25T22:26:02Z,perp-gate,0.010000,0x65bb932d9987f1d1a98b8942a3fa98cb28ec073b,eip155:196,settled,v2-header,0xad10213b63af3160b00a6f7d49d4ff059fdeecc451baad2b8ddcae49963da2e6
2026-07-25T22:26:05Z,perp-gate,0.010000,0x65bb932d9987f1d1a98b8942a3fa98cb28ec073b,eip155:196,settled,v2-header,0x5f8825329e477932912a8c5aa30804c2494b24cb413b47554bd7e2cd88ee9fcd
2026-07-25T22:28:18Z,perp-gate,0.010000,0x65bb932d9987f1d1a98b8942a3fa98cb28ec073b,eip155:196,settled,v2-header,0x2b9bd1bc56d2751e005f47ab248dc34de39bac7d8551b7d1a1a362836582cf1b
2026-07-25T22:28:21Z,perp-gate,0.010000,0x65bb932d9987f1d1a98b8942a3fa98cb28ec073b,eip155:196,settled,v2-header,0x96e049f9044d4f5d9839f92a01dc619111179a9994484d06838a8d006eab6e71
2026-07-25T22:28:23Z,perp-gate,0.010000,0x65bb932d9987f1d1a98b8942a3fa98cb28ec073b,eip155:196,settled,v2-header,0x2461cf01710444b4b3a8e58bf0eca95ea58a36caab58348b05eb17ee7b7e1dee
2026-07-25T22:41:08Z,macro-sentry,0.005000,0x65bb932d9987f1d1a98b8942a3fa98cb28ec073b,eip155:196,settled,v2-header,0xe86fe60ff93e102d0d13cc0fd8528d0c7c0d7f39a363de351b8753da14de6bd5
2026-07-25T22:41:11Z,updown-pulse,0.010000,0x65bb932d9987f1d1a98b8942a3fa98cb28ec073b,eip155:196,settled,v2-header,0x80c47640d3aa29a44eaec75105430c644f36f0c34ad50734911445ac3e6596c5
2026-07-25T22:41:14Z,updown-pulse,0.010000,0x65bb932d9987f1d1a98b8942a3fa98cb28ec073b,eip155:196,settled,v2-header,0xe59647bac9cc8ac6f6631ab7c11845de48d207b82a572a248d83edd69cf54350
2026-07-25T22:41:16Z,loop-digest,0.010000,0x65bb932d9987f1d1a98b8942a3fa98cb28ec073b,eip155:196,not_charged,v2-header,
2026-07-25T22:41:19Z,perp-gate,0.010000,0x65bb932d9987f1d1a98b8942a3fa98cb28ec073b,eip155:196,settled,v2-header,0x1489a9d8b4f7cf134ef728a3d5a5cc98f3a711f8c267aaf5f0ccb48de7189a88
2026-07-25T22:41:22Z,perp-gate,0.010000,0x65bb932d9987f1d1a98b8942a3fa98cb28ec073b,eip155:196,settled,v2-header,0x776ac386a6abea5e4e234b99e873033b510e29e35b6c9e27496a1b6daff31d24
2026-07-25T22:41:24Z,perp-gate,0.010000,0x65bb932d9987f1d1a98b8942a3fa98cb28ec073b,eip155:196,settled,v2-header,0x6c0b6880f638bbaad8da0e55780cb9c13e2504a22545e2b3bc0ad0af66a673da
2026-07-25T22:41:27Z,portfolio-gate,0.050000,0x65bb932d9987f1d1a98b8942a3fa98cb28ec073b,eip155:196,settled,v2-header,0x9ce1311057a5c7caf93e06e44b695002cb0f6487f3b896791010547ae772aa3c
2026-07-25T22:43:28Z,perp-gate,0.010000,0x65bb932d9987f1d1a98b8942a3fa98cb28ec073b,eip155:196,settled,v2-header,0x537d89a4cf586436f4077da6e654f8813807237ac7547993307b4cd810e122dc
2026-07-25T22:43:30Z,perp-gate,0.010000,0x65bb932d9987f1d1a98b8942a3fa98cb28ec073b,eip155:196,settled,v2-header,0xc4ae5eecacac158cd531029372f79d73777033f6c47d23d60d661258e222b589
2026-07-25T22:43:33Z,perp-gate,0.010000,0x65bb932d9987f1d1a98b8942a3fa98cb28ec073b,eip155:196,settled,v2-header,0xa3d2538aeef7a59f26c8f7c898e5f31cfc87ce15bba6a31428c33b9dffb50649
2026-07-25T22:56:32Z,perp-gate,0.010000,0x65bb932d9987f1d1a98b8942a3fa98cb28ec073b,eip155:196,settled,v2-header,0xe710c4d8f3d113787b077e0cb91be01b0eb23770868404ad84b97b40623d097d
2026-07-25T22:56:34Z,perp-gate,0.010000,0x65bb932d9987f1d1a98b8942a3fa98cb28ec073b,eip155:196,settled,v2-header,0x2ef1adb73767bdaab510c2e65770f7630326d16c37445005fb3243b6075fd3a2
2026-07-25T22:56:37Z,perp-gate,0.010000,0x65bb932d9987f1d1a98b8942a3fa98cb28ec073b,eip155:196,settled,v2-header,0x4cbe44f728a577a96e4c0c968fae1b3074a34d44b3126d5dd603a229002b01bb
2026-07-25T22:58:38Z,perp-gate,0.010000,0x65bb932d9987f1d1a98b8942a3fa98cb28ec073b,eip155:196,settled,v2-header,0xe11a9092e3dfecc66168d3de8431ceedf2301b0e8a739caa876c755982b25a58
2026-07-25T22:58:40Z,perp-gate,0.010000,0x65bb932d9987f1d1a98b8942a3fa98cb28ec073b,eip155:196,settled,v2-header,0xfdac8653800c1c7829237ffe9e56239b67417cfb425b753367f40f1550b46f68
2026-07-25T22:58:42Z,perp-gate,0.010000,0x65bb932d9987f1d1a98b8942a3fa98cb28ec073b,eip155:196,settled,v2-header,0x337ee54fb8c819f70df7acb2c461181f48d9b04feb0b6e96489ea66732f73f18
2026-07-25T23:11:42Z,updown-pulse,0.010000,0x65bb932d9987f1d1a98b8942a3fa98cb28ec073b,eip155:196,settled,v2-header,0x9617579baadc9b8ab383c7c93f3d832c5f0aa42064af255bd9215423a148025b
2026-07-25T23:11:45Z,updown-pulse,0.010000,0x65bb932d9987f1d1a98b8942a3fa98cb28ec073b,eip155:196,settled,v2-header,0x3880aaec7015e4890f6c51a6f7828cac1d7c717d52d5032122a4a5dc79af3ef3
2026-07-25T23:11:47Z,loop-digest,0.010000,0x65bb932d9987f1d1a98b8942a3fa98cb28ec073b,eip155:196,not_charged,v2-header,
2026-07-25T23:11:50Z,perp-gate,0.010000,0x65bb932d9987f1d1a98b8942a3fa98cb28ec073b,eip155:196,settled,v2-header,0x881cfd026cb7c8cdf0df0527b365dc145b801454754a6ee5414637bfbeaecd63
2026-07-25T23:11:52Z,perp-gate,0.010000,0x65bb932d9987f1d1a98b8942a3fa98cb28ec073b,eip155:196,settled,v2-header,0x73981ed12e3ce7feee3f8581e13d7eab1c411f1f70a10e7f30b08bea900cb0f6
2026-07-25T23:11:55Z,perp-gate,0.010000,0x65bb932d9987f1d1a98b8942a3fa98cb28ec073b,eip155:196,settled,v2-header,0xe854c73b43131d9ec161b08da9293922400115cefe85be2e3a95f48a9d4aa348
2026-07-25T23:13:47Z,perp-gate,0.010000,0x65bb932d9987f1d1a98b8942a3fa98cb28ec073b,eip155:196,settled,v2-header,0x132c5da01d62117bea2d9372c8a760a7efd079d4f888df0ac743cacc159542ee
2026-07-25T23:13:50Z,perp-gate,0.010000,0x65bb932d9987f1d1a98b8942a3fa98cb28ec073b,eip155:196,settled,v2-header,0x42a0b3d857fd45afdb1f24942ba401ebab9c3caed462e29bfb734fd2f7b9edd6
2026-07-25T23:13:52Z,perp-gate,0.010000,0x65bb932d9987f1d1a98b8942a3fa98cb28ec073b,eip155:196,settled,v2-header,0x207a1eabdaca398ea421c527320271c3a3c1fcdbb43c2a4e31f8defc28e3cbc1
2026-07-25T23:27:00Z,perp-gate,0.010000,0x65bb932d9987f1d1a98b8942a3fa98cb28ec073b,eip155:196,settled,v2-header,0xfd107e6647a18e429f4601f5b6da62c908d34aecf15262792f6c0b7c85cab83b
2026-07-25T23:27:02Z,perp-gate,0.010000,0x65bb932d9987f1d1a98b8942a3fa98cb28ec073b,eip155:196,settled,v2-header,0xe5c26168263fdfafe98d5b471a46f8aed9c818c51ee86863089fbab51100a325
2026-07-25T23:27:05Z,perp-gate,0.010000,0x65bb932d9987f1d1a98b8942a3fa98cb28ec073b,eip155:196,settled,v2-header,0x45f1390a02bd8f3dabb7e0a3322f372f9bfcfca27b1f4f79e8676a5085e125f3
2026-07-25T23:28:57Z,perp-gate,0.010000,0x65bb932d9987f1d1a98b8942a3fa98cb28ec073b,eip155:196,settled,v2-header,0xe122005671329b1dd9501af8fd731cf4a6b28d3a3db92d3eaec33b9d60b973a8
2026-07-25T23:29:00Z,perp-gate,0.010000,0x65bb932d9987f1d1a98b8942a3fa98cb28ec073b,eip155:196,settled,v2-header,0xf226ded6c5ae9784d847b9cd027417cf1a572ec8af495f8109570b695f7a8758
2026-07-25T23:29:02Z,perp-gate,0.010000,0x65bb932d9987f1d1a98b8942a3fa98cb28ec073b,eip155:196,settled,v2-header,0xc522fcc8296144be22e975e0eae5a8e55710e16b6d98080f5f73b8d7aab02602
2026-07-25T23:42:09Z,macro-sentry,0.005000,0x65bb932d9987f1d1a98b8942a3fa98cb28ec073b,eip155:196,settled,v2-header,0x260aa87a2c54ca2d4874745240c978ea5cdf73c65b071822fc704b7fc6d3f040
2026-07-25T23:42:13Z,options-desk,0.010000,0x65bb932d9987f1d1a98b8942a3fa98cb28ec073b,eip155:196,settled,v2-header,0x9fc1788ba0aa5b8fe0bcfb53e27d4ea9d79bb91a83adbc011796793f755ea45b
2026-07-25T23:42:16Z,updown-pulse,0.010000,0x65bb932d9987f1d1a98b8942a3fa98cb28ec073b,eip155:196,settled,v2-header,0x81cbd4279ab54794a6247967d9aa94eb8041313ab25cd2476321e2b8fdd6637c
2026-07-25T23:42:19Z,updown-pulse,0.010000,0x65bb932d9987f1d1a98b8942a3fa98cb28ec073b,eip155:196,settled,v2-header,0xcf7d36ce972ee2a81431d12d3a169f91b1ba2481926b730238a8d07a1a0009a2
2026-07-25T23:42:20Z,loop-digest,0.010000,0x65bb932d9987f1d1a98b8942a3fa98cb28ec073b,eip155:196,not_charged,v2-header,
2026-07-25T23:42:24Z,perp-gate,0.010000,0x65bb932d9987f1d1a98b8942a3fa98cb28ec073b,eip155:196,settled,v2-header,0x81fb7ee453104cda1ce462206c2cc46b820ff3f33ab1228440e3df6e2d87d3ba
2026-07-25T23:42:26Z,perp-gate,0.010000,0x65bb932d9987f1d1a98b8942a3fa98cb28ec073b,eip155:196,settled,v2-header,0x5cc4c561a1f11dc6fcde762d5ff64f9f445a55d123901d9b791ef7bd215a1ca9
2026-07-25T23:42:29Z,perp-gate,0.010000,0x65bb932d9987f1d1a98b8942a3fa98cb28ec073b,eip155:196,settled,v2-header,0xa1f90599d41a6a53950184ae0ddee0dcdc42b0406e4d1dc789e54593d721a3f1
2026-07-25T23:42:31Z,portfolio-gate,0.050000,0x65bb932d9987f1d1a98b8942a3fa98cb28ec073b,eip155:196,settled,v2-header,0xe02668e94787c25dcf86710af15971cb40362b3f64b68693551535d004c6add6
2026-07-25T23:44:07Z,perp-gate,0.010000,0x65bb932d9987f1d1a98b8942a3fa98cb28ec073b,eip155:196,settled,v2-header,0x0cb95b1e5e78681fb87bab85bbf36d7b8aad155a787c3249e5adff1393a28554
2026-07-25T23:44:10Z,perp-gate,0.010000,0x65bb932d9987f1d1a98b8942a3fa98cb28ec073b,eip155:196,settled,v2-header,0xdcb9c6679649f290bae0904081a5e30a3dc273ad4d6ae53973240c34a2b8dd7c
2026-07-25T23:44:12Z,perp-gate,0.010000,0x65bb932d9987f1d1a98b8942a3fa98cb28ec073b,eip155:196,settled,v2-header,0x5ce09e9ef831eefc7d56128707122caf558755aa80b223244f26a1c99b7484bd
2026-07-25T23:57:36Z,perp-gate,0.010000,0x65bb932d9987f1d1a98b8942a3fa98cb28ec073b,eip155:196,settled,v2-header,0xac28a60dc55174f571110730e1221f24f3aaa2906ab4dccc1b5aef4a45b2b631
2026-07-25T23:57:39Z,perp-gate,0.010000,0x65bb932d9987f1d1a98b8942a3fa98cb28ec073b,eip155:196,settled,v2-header,0x813e0fcb9b04750c7e3701e53590ec4149d726e36337ccc8b09c2e52db7e8880
2026-07-25T23:57:41Z,perp-gate,0.010000,0x65bb932d9987f1d1a98b8942a3fa98cb28ec073b,eip155:196,settled,v2-header,0xdb18d61129f6bbe7c8127ecc605dbd47b244768403739d194fbee63d66913a02
2026-07-25T23:59:18Z,perp-gate,0.010000,0x65bb932d9987f1d1a98b8942a3fa98cb28ec073b,eip155:196,settled,v2-header,0x1379ad30e8e8eab469dfe2ef3edb9dcf7dcdec86264e5ab44dd9cec360f25d26
2026-07-25T23:59:20Z,perp-gate,0.010000,0x65bb932d9987f1d1a98b8942a3fa98cb28ec073b,eip155:196,settled,v2-header,0x2ee66bc9ee149a9ba7b18de746fdaaaba839ae539b3bcc819abee791329edbc6
2026-07-25T23:59:23Z,perp-gate,0.010000,0x65bb932d9987f1d1a98b8942a3fa98cb28ec073b,eip155:196,settled,v2-header,0x19579c924d3113dbe41a2a0694b000a3527ee8d481568e35aeaa1154a4cc2c87
2026-07-26T00:12:46Z,updown-pulse,0.010000,0x65bb932d9987f1d1a98b8942a3fa98cb28ec073b,eip155:196,settled,v2-header,0x35edd44535a288057f2cdf6f434ed0417e7703fc97c01ce1986d13a17cdc1676
2026-07-26T00:12:49Z,updown-pulse,0.010000,0x65bb932d9987f1d1a98b8942a3fa98cb28ec073b,eip155:196,settled,v2-header,0xff0c61fda19b32758e5977ecbbc8c77d457869cfdbecbbd31e1a0b2bc0dcc79b
2026-07-26T00:12:50Z,loop-digest,0.010000,0x65bb932d9987f1d1a98b8942a3fa98cb28ec073b,eip155:196,not_charged,v2-header,
2026-07-26T00:12:54Z,perp-gate,0.010000,0x65bb932d9987f1d1a98b8942a3fa98cb28ec073b,eip155:196,settled,v2-header,0x86521b84880a159905ea246b607e08a9f2eb92e90e0b76e2256e8d284e858265
2026-07-26T00:12:56Z,perp-gate,0.010000,0x65bb932d9987f1d1a98b8942a3fa98cb28ec073b,eip155:196,settled,v2-header,0x62b4307c8d7b98f01eec97a3a42ff52633ebd5dd5961ed7f2baada88da938935
2026-07-26T00:12:59Z,perp-gate,0.010000,0x65bb932d9987f1d1a98b8942a3fa98cb28ec073b,eip155:196,settled,v2-header,0x89e9292b42876272c2dd3486f41ea2eaedca25e517c60e9d4c183e32779280c4
2026-07-26T00:14:28Z,perp-gate,0.010000,0x65bb932d9987f1d1a98b8942a3fa98cb28ec073b,eip155:196,settled,v2-header,0x3fe26f4388c900251981d2c185226b14c8be89667241dfc5e991db075e3234a2
2026-07-26T00:14:30Z,perp-gate,0.010000,0x65bb932d9987f1d1a98b8942a3fa98cb28ec073b,eip155:196,settled,v2-header,0xa00dcfc72b354d51877fa80d7928ca1ffa4b06ecfb6b3b0e8a3b8f989c1d5542
2026-07-26T00:14:33Z,perp-gate,0.010000,0x65bb932d9987f1d1a98b8942a3fa98cb28ec073b,eip155:196,settled,v2-header,0x5eaa03bbd2cdf2cbd88b0e5e9f04c5b7060c781e407bab8945141f3d39a431ac
2026-07-26T00:28:04Z,perp-gate,0.010000,0x65bb932d9987f1d1a98b8942a3fa98cb28ec073b,eip155:196,settled,v2-header,0x0e0740046bbd873f2dd67062f34f7e761dff5411fa7ccd8385e2a75c65559420
2026-07-26T00:28:06Z,perp-gate,0.010000,0x65bb932d9987f1d1a98b8942a3fa98cb28ec073b,eip155:196,settled,v2-header,0xab996a6fd0b41ad89916a3e31742b936c53fdb7262e503dd8f4d6cc1d25b265f
2026-07-26T00:28:09Z,perp-gate,0.010000,0x65bb932d9987f1d1a98b8942a3fa98cb28ec073b,eip155:196,settled,v2-header,0x0f61e09f094f13e2c684989ea2984c5f152b107f3b8da03c2a2170fb5de37186
2026-07-26T00:29:38Z,perp-gate,0.010000,0x65bb932d9987f1d1a98b8942a3fa98cb28ec073b,eip155:196,settled,v2-header,0x524efdec7e578db0ad4a5f9901c522221c840b1f79d1be9c031d5d48c5e3565d
2026-07-26T00:29:40Z,perp-gate,0.010000,0x65bb932d9987f1d1a98b8942a3fa98cb28ec073b,eip155:196,settled,v2-header,0xabc9e78ac6fe4455be05082c6cd77434f6b15ba00b8648143914bf1dc1c82de1
2026-07-26T00:29:42Z,perp-gate,0.010000,0x65bb932d9987f1d1a98b8942a3fa98cb28ec073b,eip155:196,settled,v2-header,0x436151911e95f7954adeb4ab71ac998397fa591ba17fda2b5a22596d5d8c521a
2026-07-26T00:43:14Z,macro-sentry,0.005000,0x65bb932d9987f1d1a98b8942a3fa98cb28ec073b,eip155:196,settled,v2-header,0x9c30a3fca478b4eb655d0f923ef971120509f73df6f60ca29f76d6b2f5a3e048
2026-07-26T00:43:17Z,updown-pulse,0.010000,0x65bb932d9987f1d1a98b8942a3fa98cb28ec073b,eip155:196,settled,v2-header,0x74feae473fbd300dfb4e67292ec5a963ba9b907c46264805e79ba9e6c2da5b7e
2026-07-26T00:43:19Z,updown-pulse,0.010000,0x65bb932d9987f1d1a98b8942a3fa98cb28ec073b,eip155:196,settled,v2-header,0x9dbd4e18c589ef9558e637d50055d006cb24e659ac2d3f452724b07e1fc87bbb
2026-07-26T00:43:21Z,loop-digest,0.010000,0x65bb932d9987f1d1a98b8942a3fa98cb28ec073b,eip155:196,not_charged,v2-header,
2026-07-26T00:43:25Z,perp-gate,0.010000,0x65bb932d9987f1d1a98b8942a3fa98cb28ec073b,eip155:196,settled,v2-header,0x75eed46c752a2515b7e2e6c1cae21efec36da9c783771bf843ce8e7aa469034e
2026-07-26T00:43:27Z,perp-gate,0.010000,0x65bb932d9987f1d1a98b8942a3fa98cb28ec073b,eip155:196,settled,v2-header,0x7a030e178264f6634fe68f9e7bdc631d0630e564115ac0e8de86560ea3d18fcd
2026-07-26T00:43:30Z,perp-gate,0.010000,0x65bb932d9987f1d1a98b8942a3fa98cb28ec073b,eip155:196,settled,v2-header,0xf768cee293bffd4d85054fec896a4d217f45dda433400124df7a558bbacf2924
2026-07-26T00:43:32Z,portfolio-gate,0.050000,0x65bb932d9987f1d1a98b8942a3fa98cb28ec073b,eip155:196,settled,v2-header,0x8ad4df0164719ac81a1ddcd12f11f84c0b62537be3148c972e146dafc245d0f7
2026-07-26T00:44:48Z,perp-gate,0.010000,0x65bb932d9987f1d1a98b8942a3fa98cb28ec073b,eip155:196,settled,v2-header,0xb62a477fc614a18e1b1ff8722d7f1e0545f8b8cc8b213d6421a44014620f1ec8
2026-07-26T00:44:51Z,perp-gate,0.010000,0x65bb932d9987f1d1a98b8942a3fa98cb28ec073b,eip155:196,settled,v2-header,0xd32f6d30a00c3a5a304877cce31a277613140cf205312ea48665f1adc32e3708
2026-07-26T00:44:53Z,perp-gate,0.010000,0x65bb932d9987f1d1a98b8942a3fa98cb28ec073b,eip155:196,settled,v2-header,0x086b731be7c071b0a2f4b9d241bfb6c1a0741e72d85894caac4dcf2e7f7257bc
2026-07-26T00:58:38Z,perp-gate,0.010000,0x65bb932d9987f1d1a98b8942a3fa98cb28ec073b,eip155:196,settled,v2-header,0xa53cc561bd14fc2ed40fabe482c3e3167ad012a89edba1d583341a9e45bb8520
2026-07-26T00:58:40Z,perp-gate,0.010000,0x65bb932d9987f1d1a98b8942a3fa98cb28ec073b,eip155:196,settled,v2-header,0x85af6091e84a3a0defde78b4a199dd37ca62c66b7cf6dcaa8896b87639dc6af8
2026-07-26T00:58:43Z,perp-gate,0.010000,0x65bb932d9987f1d1a98b8942a3fa98cb28ec073b,eip155:196,settled,v2-header,0xdeda62f646131c9d0ec4f848ee031ac8a8e09dd6ee659e483cc5e13cfebe1884
2026-07-26T00:59:58Z,perp-gate,0.010000,0x65bb932d9987f1d1a98b8942a3fa98cb28ec073b,eip155:196,settled,v2-header,0x73c1d6cfdbb9c9cd64964260d676283ebb5db2791d17960c4884b1063d547ca0
2026-07-26T01:00:00Z,perp-gate,0.010000,0x65bb932d9987f1d1a98b8942a3fa98cb28ec073b,eip155:196,settled,v2-header,0x819978d40b6b9cad8bdb754807fe53f1939f2ea04874a1e4a8637a67ff1d8478
2026-07-26T01:00:03Z,perp-gate,0.010000,0x65bb932d9987f1d1a98b8942a3fa98cb28ec073b,eip155:196,settled,v2-header,0xd6e4d34393522911f027927cca72c1c066e11ca8c6a79a760664dca100eed2c7
2026-07-26T01:13:48Z,updown-pulse,0.010000,0x65bb932d9987f1d1a98b8942a3fa98cb28ec073b,eip155:196,settled,v2-header,0xb6d54428903fab1103990b111e42c76572b0ac2b055fa6502fd770264e9fa5ec
2026-07-26T01:13:51Z,updown-pulse,0.010000,0x65bb932d9987f1d1a98b8942a3fa98cb28ec073b,eip155:196,settled,v2-header,0x364b7f8da84cec09bdb95bca1462df9bde24b35f48034e6aef1e9686b2125705
2026-07-26T01:13:53Z,loop-digest,0.010000,0x65bb932d9987f1d1a98b8942a3fa98cb28ec073b,eip155:196,not_charged,v2-header,
2026-07-26T01:13:56Z,perp-gate,0.010000,0x65bb932d9987f1d1a98b8942a3fa98cb28ec073b,eip155:196,settled,v2-header,0x84bc5fcc5b4a4a10ba91276319af92200220809b94606b8c2dcfe42d282283ed
2026-07-26T01:13:59Z,perp-gate,0.010000,0x65bb932d9987f1d1a98b8942a3fa98cb28ec073b,eip155:196,settled,v2-header,0x02fb5e676a1fe0004a6a2a992ee7bdd50e1032d3349880a56a12fa92e0b73c6a
2026-07-26T01:14:01Z,perp-gate,0.010000,0x65bb932d9987f1d1a98b8942a3fa98cb28ec073b,eip155:196,settled,v2-header,0x7811b403042a4585bcc886e6c3c47dabb199eb976019ef2902d74fb21e15cf8c
2026-07-26T01:14:04Z,treasury-risk,0.020000,0x65bb932d9987f1d1a98b8942a3fa98cb28ec073b,eip155:196,settled,v2-header,0x2626973c0099464c4d80d477803a20eb743c81e293a6a71b55a271e968b9a42d
2026-07-26T01:15:08Z,perp-gate,0.010000,0x65bb932d9987f1d1a98b8942a3fa98cb28ec073b,eip155:196,settled,v2-header,0xca4ca4c8f24032030c019bf41a8834f9517cb945b7dc20de00a55834fc553256
2026-07-26T01:15:10Z,perp-gate,0.010000,0x65bb932d9987f1d1a98b8942a3fa98cb28ec073b,eip155:196,settled,v2-header,0x188fe751540c0896e973777359ada80799b09c901172031defd98df5c33b80dc
2026-07-26T01:15:12Z,perp-gate,0.010000,0x65bb932d9987f1d1a98b8942a3fa98cb28ec073b,eip155:196,settled,v2-header,0x0e2245b18c55e4e58ba02e196710cb6d5415223d4ab07f9918fe2cfc98bd0596
2026-07-26T01:29:09Z,perp-gate,0.010000,0x65bb932d9987f1d1a98b8942a3fa98cb28ec073b,eip155:196,settled,v2-header,0x4c9c4e46b5b413f4f6b510c873ebbc011b0a1a1f4c3de355a3138462e84adde5
2026-07-26T01:29:11Z,perp-gate,0.010000,0x65bb932d9987f1d1a98b8942a3fa98cb28ec073b,eip155:196,settled,v2-header,0x9e50a7d4ba512891ec8c52aca70ccda31caa9393fdfcdaf69794939cfcc8a8c6
2026-07-26T01:29:14Z,perp-gate,0.010000,0x65bb932d9987f1d1a98b8942a3fa98cb28ec073b,eip155:196,settled,v2-header,0xe60cceb4b39e9f7cbee249458d5a01256786d9a36b2e48bb64ad3d5494b7fbd8
2026-07-26T01:29:27Z,protocol-pulse,0.010000,0x65bb932d9987f1d1a98b8942a3fa98cb28ec073b,eip155:196,not_charged,v2-header,
2026-07-26T01:29:30Z,tape-pulse,0.010000,0x65bb932d9987f1d1a98b8942a3fa98cb28ec073b,eip155:196,settled,v2-header,0x11d34734b871f5ed2004757fbbeacd865b3a9eef0ce32315b7f649154050d951
2026-07-26T01:29:39Z,portfolio-gate,0.050000,0x65bb932d9987f1d1a98b8942a3fa98cb28ec073b,eip155:196,settled,v2-header,0x4890e0536b0969a86016b4c1a28a5726158ce28cb99446201f32f7399281222c
2026-07-26T01:30:18Z,perp-gate,0.010000,0x65bb932d9987f1d1a98b8942a3fa98cb28ec073b,eip155:196,settled,v2-header,0x31bf461f88cf1c3eedb7781e1f1810c2609f3628347c0c9b50e3df760f90c167
2026-07-26T01:30:20Z,perp-gate,0.010000,0x65bb932d9987f1d1a98b8942a3fa98cb28ec073b,eip155:196,settled,v2-header,0xdd6d50c86425ae34e72bcb472ddad58f09c1337abbac32971b2681ee502e19d0
2026-07-26T01:30:23Z,perp-gate,0.010000,0x65bb932d9987f1d1a98b8942a3fa98cb28ec073b,eip155:196,settled,v2-header,0xca8312c032ba9202d23882aced73568fc73d00d1182c61413f6b363e3a6772f2
2026-07-26T01:44:43Z,macro-sentry,0.005000,0x65bb932d9987f1d1a98b8942a3fa98cb28ec073b,eip155:196,settled,v2-header,0xf42ced00fa1c023d0131c99eb6d993035ba811322e0d666b0522ba0222d66c41
2026-07-26T01:44:46Z,options-desk,0.010000,0x65bb932d9987f1d1a98b8942a3fa98cb28ec073b,eip155:196,settled,v2-header,0x27c6f4bbb52ced89e9cce32064b5adf8dafc8ac912b07f7957f55647c56edd86
2026-07-26T01:44:49Z,updown-pulse,0.010000,0x65bb932d9987f1d1a98b8942a3fa98cb28ec073b,eip155:196,settled,v2-header,0x8e05c7644a423cd6978ee1d9d0215e8db704be4cc92419e089a2220535dfd302
2026-07-26T01:44:52Z,updown-pulse,0.010000,0x65bb932d9987f1d1a98b8942a3fa98cb28ec073b,eip155:196,settled,v2-header,0x2ade41270f13c7ce9baaf00e81a52260671fd25fe7e226967060fc24434f915a
2026-07-26T01:44:54Z,loop-digest,0.010000,0x65bb932d9987f1d1a98b8942a3fa98cb28ec073b,eip155:196,not_charged,v2-header,
2026-07-26T01:44:57Z,perp-gate,0.010000,0x65bb932d9987f1d1a98b8942a3fa98cb28ec073b,eip155:196,settled,v2-header,0x02d4c6a23bfc3751a1321c5b8db32c63edc047e9e61dc573cd84372f652d098c
2026-07-26T01:45:00Z,perp-gate,0.010000,0x65bb932d9987f1d1a98b8942a3fa98cb28ec073b,eip155:196,settled,v2-header,0x41426854d3b1c86983a59f6081785474dbd18151d03e19a08b63b952c153afcc
2026-07-26T01:45:02Z,perp-gate,0.010000,0x65bb932d9987f1d1a98b8942a3fa98cb28ec073b,eip155:196,settled,v2-header,0xf6f1541a7eec1980c825884739c214943ba0c87cb85a77174c8348dc1e122a21
2026-07-26T01:45:05Z,portfolio-gate,0.050000,0x65bb932d9987f1d1a98b8942a3fa98cb28ec073b,eip155:196,settled,v2-header,0x7aa9890f249a2d528e7659d3f53028f6450c8ed7b1c598be1d91a3c379352b4a
2026-07-26T01:45:28Z,perp-gate,0.010000,0x65bb932d9987f1d1a98b8942a3fa98cb28ec073b,eip155:196,settled,v2-header,0x318be9e471386b6974a6210c12df4c89dee1d7fc370d45efedb28f68f37855e7
2026-07-26T01:45:30Z,perp-gate,0.010000,0x65bb932d9987f1d1a98b8942a3fa98cb28ec073b,eip155:196,settled,v2-header,0x0d73bd0a006eb3c6f4e1b10d02cf05f92b465e90e48607e0d216df974d718310
2026-07-26T01:45:33Z,perp-gate,0.010000,0x65bb932d9987f1d1a98b8942a3fa98cb28ec073b,eip155:196,settled,v2-header,0x227972a7490fb4795c7a67a3f70457ccd229ba675264e94f8ca72d0d0fe6df69
